index,url,valid,domain,title,description,image,published,archive,content,quote,language,keyword
https://www.zeit.de/news/2026-07/01/erneuerbare-decken-58-prozent-des-stromverbrauchs-rekord,https://www.zeit.de/news/2026-07/01/erneuerbare-decken-58-prozent-des-stromverbrauchs-rekord,0,www.zeit.de,Energiewende: Erneuerbare decken 58 Prozent des Stromverbrauchs - Rekord,Hier finden Sie Informationen zu dem Thema „Energiewende“. Lesen Sie jetzt „Erneuerbare decken 58 Prozent des Stromverbrauchs - Rekord“.,https://img.zeit.de/news/2026-07/01/erneuerbare-decken-58-prozent-des-stromverbrauchs-rekord-image-group/wide__1300x731,2026-07-01T01:00:06Z,,Erneuerbare Energien haben im ersten Halbjahr 58 Prozent des Stromverbrauchs in Deutschland gedeckt und damit so viel wie noch nie in einem ersten Halbjahr. Das geht aus Hochrechnungen des Zentrums f… [+1695 chars],,de,'Energiewende'
https://www.tagesspiegel.de/wirtschaft/energiewende-erneuerbare-decken-58-prozent-des-stromverbrauchs-rekord-15779445.html,https://www.tagesspiegel.de/wirtschaft/energiewende-erneuerbare-decken-58-prozent-des-stromverbrauchs-rekord-15779445.html,0,www.tagesspiegel.de,Energiewende: Erneuerbare decken 58 Prozent des Stromverbrauchs - Rekord,In Deutschland kommt immer mehr klimaneutral erzeugter Strom zum Einsatz. Vor allem die Erzeugung aus Wind und Sonne legte im ersten Halbjahr kräftig zu.,https://www.tagesspiegel.de/images/15779444/alternates/BASE_16_9_W1400/1782867677000/windpark.jpeg,2026-07-01T01:01:17Z,,Erneuerbare Energien haben im ersten Halbjahr 58 Prozent des Stromverbrauchs in Deutschland gedeckt und damit so viel wie noch nie in einem ersten Halbjahr. Das geht aus Hochrechnungen des Zentrums f… [+1743 chars],,de,'Windenergie'
https://www.welt.de/politik/deutschland/article6a4467b8c04ea97a4e5034d7/strom-neuer-rekord-erneuerbare-energien-decken-58-prozent-des-deutschen-verbrauchs.html,https://www.welt.de/politik/deutschland/article6a4467b8c04ea97a4e5034d7/strom-neuer-rekord-erneuerbare-energien-decken-58-prozent-des-deutschen-verbrauchs.html,0,www.welt.de,Neuer Rekord – Erneuerbare Energien decken 58 Prozent des deutschen Stromverbrauchs,Der Anstieg ist insbesondere auf die höhere Stromerzeugung aus Windenergie an Land und auf See zurückzuführen. Ein Institut für Energieforschung fordert einen noch höheren Anteil Erneuerbarer. Diese seien das „schärfste Schwert“ im Kampf gegen den Klimawandel.,https://images.welt.de/6a4467b8c04ea97a4e5034d7/670665e4858735cfe50ea2875456cf82-master/ci16x9-w1200/dpa-com-20090101-260127-935-1109435-jpg,2026-07-01T01:18:32Z,,Der Anstieg ist insbesondere auf die höhere Stromerzeugung aus Windenergie an Land und auf See zurückzuführen. Ein Institut für Energieforschung fordert einen noch höheren Anteil Erneuerbarer. Diese … [+1920 chars],,de,'Windenergie'
https://www.prnewswire.com/news-releases/zte-prasentiert-full-stack-ki-fahigkeiten-auf-der-mwc-shanghai-2026-um-eine-neue-ara-von-token-operationen-zu-ermoglichen-302815243.html,https://www.prnewswire.com/news-releases/zte-prasentiert-full-stack-ki-fahigkeiten-auf-der-mwc-shanghai-2026-um-eine-neue-ara-von-token-operationen-zu-ermoglichen-302815243.html,0,www.prnewswire.com,"ZTE präsentiert Full-Stack-KI-Fähigkeiten auf der MWC Shanghai 2026, um eine neue Ära von Token-Operationen zu ermöglichen","ZTE präsentierte Lösungen, die die Tokeneffizienz verbessern und die Kosten pro Token durch die tiefe Synergie verschiedener Elemente, einschließlich SuperPod, äußerst kosteneffiziente Inferenz und AIDC mit höchster Energieeffizienz, minimieren ZTE hat NewSta…",https://mma.prnewswire.com/media/3000957/ZTE_Showcases_Full_Stack_AI_Capabilities_at_MWC_Shanghai_2026__Empowering_Ne.jpg?p=facebook,2026-07-01T01:21:00Z,,"<ul><li>ZTE präsentierte Lösungen, die die Tokeneffizienz verbessern und die Kosten pro Token durch die tiefe Synergie verschiedener Elemente, einschließlich SuperPod, äußerst kosteneffiziente Infere… [+10529 chars]",,de,'Energieeffizienz'
https://www.telepolis.de/article/Europas-Gasspeicher-Niedrigster-Fuellstand-seit-15-Jahren-droht-11349825.html,https://www.telepolis.de/article/Europas-Gasspeicher-Niedrigster-Fuellstand-seit-15-Jahren-droht-11349825.html,0,www.telepolis.de,Europas Gasspeicher: Niedrigster Füllstand seit 15 Jahren droht,Die EU könnte mit nur 76 Prozent Speicherfüllung in den Winter starten – so wenig wie seit 2011 nicht. Höhere Heizkosten werden wahrscheinlicher.,https://heise.cloudimg.io/bound/1200x1200/q85.png-lossy-85.webp-lossy-85.foil1/_www-heise-de_/imgs/18/5/1/0/9/3/1/4/shutterstock_2750226223-144f71ea16d7c1cd.jpg,2026-07-01T04:30:00Z,,"Der Füllstand von Europas Gasspeichern könnten zu Beginn der Heizsaison einen historisch niedrigen Wert erreichen.
(Bild: muratart / Shutterstock.com)
Die EU könnte mit nur 76 Prozent Speicherfüllu… [+2930 chars]",,de,'Gasspeicher'
https://www.sueddeutsche.de/wirtschaft/erneuerbare-strom-li.3508458,https://www.sueddeutsche.de/wirtschaft/erneuerbare-strom-li.3508458,0,www.sueddeutsche.de,Energie: Erneuerbare decken 58 Prozent des Stromverbrauchs,Besonders die Erzeugung durch Wind und Sonne steigt im ersten Halbjahr des Jahres kräftig an.,https://www.sueddeutsche.de/2025/10/08/95e41bf5-fc34-4949-963b-4fed7f8c3041.jpg?q=60&fm=webp&width=1200&rect=0%2C256%2C4000%2C2250,2026-07-01T06:51:09Z,,"Der Anstieg gegenüber dem windschwachen Vorjahreshalbjahr ist insbesondere auf die höhere Stromerzeugung aus Windenergie an Land (+7,0 Prozent) und auf See (+28,3 Prozent) zurückzuführen, hieß es. Di… [+1031 chars]",,de,'Wasserkraft'
https://www.tagesschau.de/wirtschaft/konjunktur/inflation-tankrabatt-lebensmittel-preise-ezb-100.html,https://www.tagesschau.de/wirtschaft/konjunktur/inflation-tankrabatt-lebensmittel-preise-ezb-100.html,0,www.tagesschau.de,Inflation: Warum das Preisniveau bald wieder deutlich steigen könnte,"Die Inflation ist deutlich gesunken. Doch Ökonomen warnen: Die Energiepreis-Krise könnte nachwirken - und erst mit Verzögerung bei Konsumgütern, Lebensmitteln und Dienstleistungen ankommen. Von Angela Göpfert.",https://images.tagesschau.de/image/6a77a4e0-618b-44a0-b06b-bd63e6caf744/AAABnxeqkdM/AAABnSSvrFg/16x9-big/konsum-270.jpg?width=1280,2026-07-01T07:01:53Z,,"Stand: 01.07.2026 09:01 Uhr
Die Inflation ist deutlich gesunken. Doch Ökonomen warnen: Die Energiepreis-Krise könnte nachwirken - und erst mit Verzögerung bei Konsumgütern, Lebensmitteln und Dienstl… [+5952 chars]",,de,'Ölpreis'
https://www.focus.de/finanzen/news/wenn-in-kuba-das-stromnetz-ausfaellt-halten-solaranlagen-und-batterien-die-wirtschaft-am-laufen_f4895f2d-4ed4-491b-8c66-cd23d29da54d.html,https://www.focus.de/finanzen/news/wenn-in-kuba-das-stromnetz-ausfaellt-halten-solaranlagen-und-batterien-die-wirtschaft-am-laufen_f4895f2d-4ed4-491b-8c66-cd23d29da54d.html,0,www.focus.de,"Wenn in Kuba das Stromnetz ausfällt, halten Solaranlagen und Batterien die Wirtschaft am Laufen","Kuba leidet unter massiven Stromausfällen. Unternehmen greifen verstärkt zu Photovoltaik, um das Problem zu lösen.","https://quadro.burda-forward.de/ctf/68af082d-fef8-4ffa-a26c-ed947cb3fa2a.127cf47d-9b62-4db7-88bf-2cb61873f494.jpg?im=RegionOfInterestCrop=(1200,630),regionOfInterest=(2145,1124)&hash=8aa1e0ac2754a00cdc0ad70339dd21f7229cb632883f9315791f94c156413c75",2026-07-01T07:27:00Z,,"Die schwierige Situation um Kubas staatliches Stromnetz zwingt Unternehmer dazu, ihre eigenen Energielösungen zu finden. Yahoo News berichtet, dass kubanische Unternehmen sich immer mehr Dach-Photovo… [+3658 chars]",,de,'Photovoltaik'
https://www.zeit.de/news/2026-07/01/bundesbankchef-nagel-die-inflation-ist-immer-noch-zu-hoch,https://www.zeit.de/news/2026-07/01/bundesbankchef-nagel-die-inflation-ist-immer-noch-zu-hoch,0,www.zeit.de,Geldpolitik: Bundesbankchef Nagel: «Die Inflation ist immer noch zu hoch»,Hier finden Sie Informationen zu dem Thema „Geldpolitik“. Lesen Sie jetzt „Bundesbankchef Nagel: «Die Inflation ist immer noch zu hoch»“.,https://img.zeit.de/news/2026-07/01/bundesbankchef-nagel-die-inflation-ist-immer-noch-zu-hoch-image-group/wide__1300x731,2026-07-01T07:51:07Z,,"Nach Ansicht von Bundesbankpräsident Joachim Nagel sollte die Europäische Zentralbank (EZB) trotz des starken Ölpreisrückgangs Kurs halten. «Die Inflation ist immer noch zu hoch», sagte Nagel der «Fr… [+1821 chars]",,de,'Inflation'
https://www.sueddeutsche.de/bayern/windkraft-bayern-csu-soeder-seehofer-suedquote-energiewende-windraeder-li.3507545,https://www.sueddeutsche.de/bayern/windkraft-bayern-csu-soeder-seehofer-suedquote-energiewende-windraeder-li.3507545,0,www.sueddeutsche.de,Energiewende in Bayern: Warum es beim Bau von Windrädern nicht vorwärtsgeht,Erst blockierte die CSU jahrelang die Windkraft. Nun fallen bayerische Projekte fast vollständig bei der Förderung des Bundes durch. Wie der Ausbau trotzdem funktionieren kann – Antworten auf die wichtigsten Fragen.,https://www.sueddeutsche.de/2026/06/26/356ef4eb-5b2b-42ca-aac1-ba44b68a8330.jpg?q=60&fm=webp&width=1200&rect=0%2C209%2C4000%2C2250,2026-07-01T08:19:32Z,,Damit wird die Umsetzung eines zentralen Energiewende-Versprechens von CSU und Freien Wählern immer unwahrscheinlicher. 1000 neue Windkraftanlagen im Freistaat bis 2030 hatten sich die Parteien in ih… [+4794 chars],,de,'Ausbau'
"https://www.gamestar.de/artikel/solaranlagen-katharina-reiche-studie-nicht-lukrativ,3455614.html","https://www.gamestar.de/artikel/solaranlagen-katharina-reiche-studie-nicht-lukrativ,3455614.html",0,www.gamestar.de,Energie - Bremsklotz für die private Energiewende: Laut einer Studie lohnen sich PV-Anlagen mit Katharina Reiches neuen Solarregeln für viele Haushalte nicht mehr,Die aktuell diskutierten Reformen für Solaranlagenförderungen werden von einer Studie kritisch hinterfragt.,https://images.cgames.de/images/gamestar/293/katherina-reiche-pressefoto-bundetag_6419138.jpg,2026-07-01T08:21:00Z,,"Die neuen Regelungen von Bundeswirtschaftsministerin Katherina Reiche werden von einer Studie kritisiert. (Bildquelle: Bundestag)
Die Bundesregierung diskutiert noch immer über die geplante Abschaff… [+2456 chars]",,de,'Energiewende'
https://www.zeit.de/wirtschaft/2026-07/erneuerbare-energien-stromverbrauch-anteil-deutschland-gxe,https://www.zeit.de/wirtschaft/2026-07/erneuerbare-energien-stromverbrauch-anteil-deutschland-gxe,0,www.zeit.de,Erneuerbare Energien: Erneuerbare decken erstmalig 58 Prozent des deutschen Stromverbrauchs,"Energie aus Wind, Sonne und Wasser haben im ersten Halbjahr 2026 einen Rekordanteil des Stromverbrauchs ausgemacht. Besonders der Anteil der Energie durch Wind stieg an.",https://img.zeit.de/wirtschaft/2026-07/erneuerbare-energien-stromverbrauch-anteil-deutschland-foto-1/wide__1300x731,2026-07-01T09:16:37Z,,"Erneuerbare Energien aus Wind, Sonne und Wasser haben
mit 58 Prozent des Stromverbrauchs im ersten Halbjahr 2026 in Deutschland so
viel Strom wie nie zuvor in einem ersten Halbjahr abgedeckt. Das h… [+2093 chars]",,de,'Erneuerbare'
https://www.faz.net/aktuell/finanzen/inflation-im-euroraum-faellt-im-juni-auf-2-8-prozent-accg-200986968.html,https://www.faz.net/aktuell/finanzen/inflation-im-euroraum-faellt-im-juni-auf-2-8-prozent-accg-200986968.html,0,www.faz.net,"Verbraucherpreise: Inflation im Euroraum fällt im Juni auf 2,8 Prozent",Die Inflation im Euroraum liegt unter den Erwartungen von Experten. Im EZB-Rat wird deswegen die Notwendigkeit eines abermaligen Zinsschritts diskutiert.,https://media0.faz.net/image/w1200h627/6149e2e481c5/w6000h3135x0y120o/202606/43601.0.2280004846/die-inflation-im-juni-fiel-im.webp,2026-07-01T09:26:34Z,,"Die Inflation im Euroraum hat sich deutlicher als erwartet abgeschwächt. Waren und Dienstleistungen verteuerten sich im Juni nur noch um durchschnittlich 2,8 Prozent im Vergleich zum Vorjahresmonat, … [+1688 chars]",,de,'Inflation'
https://www.zeit.de/news/2026-07/01/deutsche-unternehmen-halten-sich-bei-investitionen-zurueck,https://www.zeit.de/news/2026-07/01/deutsche-unternehmen-halten-sich-bei-investitionen-zurueck,0,www.zeit.de,Befragung von Unternehmen: Deutsche Unternehmen halten sich bei Investitionen zurück,Hier finden Sie Informationen zu dem Thema „Befragung von Unternehmen“. Lesen Sie jetzt „Deutsche Unternehmen halten sich bei Investitionen zurück“.,https://img.zeit.de/news/2026-07/01/deutsche-unternehmen-halten-sich-bei-investitionen-zurueck-image-group/wide__1300x731,2026-07-01T09:42:36Z,,"Trotz eines hohen Bedarfs halten sich deutsche Unternehmen bei Investitionen zurück. In einer aktuellen Befragung der staatlichen KfW-Bank gaben 92 Prozent der Firmen an, grundsätzlich investieren zu… [+1645 chars]",,de,'Investitionen'
https://www.golem.de/sonstiges/zustimmung/auswahl.html?from=https://www.golem.de/news/hohe-nachfrage-microsoft-baut-neues-rechenzentrum-in-nordrhein-westfalen-2607-210389.html&referer=https://t.co/2a2edb8d3a,https://www.golem.de/sonstiges/zustimmung/auswahl.html?from=https://www.golem.de/news/hohe-nachfrage-microsoft-baut-neues-rechenzentrum-in-nordrhein-westfalen-2607-210389.html&referer=https://t.co/2a2edb8d3a,0,www.golem.de,Hohe Nachfrage: Microsoft baut neues Rechenzentrum in Nordrhein-Westfalen,"Microsoft erweitert seine Milliarden-Investitionen in KI-Rechenzentren in NRW und baut eine vierte Anlage im Rheinischen Revier in Grevenbroich. (Microsoft, KI)",,2026-07-01T11:03:02Z,,"Besuchen Sie Golem.de wie gewohnt mit Werbung und Tracking,
 indem Sie der Nutzung aller Cookies zustimmen.
 Details zum Tracking finden Sie im Privacy Center.
Skript wurde nicht geladen. Informat… [+607 chars]",,de,'Investitionen'
https://www.tagesschau.de/wirtschaft/konjunktur/inflation-eurozone-juni-verbraucherpreise-100.html,https://www.tagesschau.de/wirtschaft/konjunktur/inflation-eurozone-juni-verbraucherpreise-100.html,0,www.tagesschau.de,"Inflation im Euroraum sinkt deutlich auf 2,8 Prozent","Die Entspannung im Iran-Konflikt dämpft die Inflation: Die Verbraucherpreise in der Eurozone stiegen im Juni um 2,8 Prozent im Vergleich zum Vorjahr. Das nimmt der EZB den Druck, die Zinsen rasch weiter anzuheben.",https://images.tagesschau.de/image/50ef0944-2d95-472b-b90d-4b96eab412b0/AAABnx0RYM4/AAABnSSvrFg/16x9-big/frankreich-800.jpg?width=1280,2026-07-01T11:51:51Z,,"Stand: 01.07.2026 13:51 Uhr
Die Entspannung im Iran-Konflikt dämpft die Inflation: Die Verbraucherpreise in der Eurozone stiegen im Juni um 2,8 Prozent im Vergleich zum Vorjahr. Das nimmt der EZB de… [+4361 chars]",,de,'Inflation'
https://www.faz.net/aktuell/wirtschaft/klima-nachhaltigkeit/offshore-wind-rekord-bei-der-stromerzeugung-200986669.html,https://www.faz.net/aktuell/wirtschaft/klima-nachhaltigkeit/offshore-wind-rekord-bei-der-stromerzeugung-200986669.html,0,www.faz.net,Energiewende: 28 Prozent mehr Strom aus Offshore-Wind erzeugt,Im ersten Halbjahr haben die erneuerbaren Energien so viel wie nie zur Stromerzeugung beigetragen. In der Offshore-Branche sind die weiteren Aussichten jedoch düster.,https://media0.faz.net/image/w1200h627/8771f58c4ad8/w3000h1567x0y216o/202507/43601.0.1132795144/noerdlich-von-borkum-offshore.webp,2026-07-01T12:23:43Z,,"Die erneuerbaren Energien haben im ersten Halbjahr 58 Prozent des Bruttostromverbrauchs gedeckt, drei Prozentpunkte mehr als im Vorjahreszeitraum und so viel wie nie zuvor. Das zeigen vorläufige Zahl… [+2984 chars]",,de,'Wasserkraft'
https://taz.de/Entlastung-in-Milliardenhoehe/!6192363/,https://taz.de/Entlastung-in-Milliardenhoehe/!6192363/,0,taz.de,Entlastung in Milliardenhöhe: Speicherausbau senkt laut Studie Kosten der Energiewende,Der Anschluss von mehr Batteriespeichern würde das Stromsystem um Milliarden entlasten. Das zeigt eine Studie des Fraunhofer-Instituts.,https://taz.de/picture/8582504/1200/41436242.jpeg,2026-07-01T12:40:00Z,,Der Anschluss von mehr Batteriespeichern würde das Stromsystem um Milliarden entlasten. Das zeigt eine Studie des Fraunhofer-Instituts. mehr...,,de,'Energiewende'
https://www.diepresse.com/32189047/energiewende-balance-im-trilemma,https://www.diepresse.com/32189047/energiewende-balance-im-trilemma,0,www.diepresse.com,Energiewende: Balance im Trilemma,Bis 2030 soll der Strombedarf in Österreich vollständig aus erneuerbaren Quellen gedeckt werden. Ein Blick auf die wirtschaftlichen und technischen Herausforderungen der Strom- und Energiewende.,https://img.diepresse.com/public/incoming/ga0hve-christianhaaswebp/alternates/DPR_SOCIAL_SPONSORED/Christian_Haas.webp,2026-07-01T22:01:00Z,,"Die Presse auf Google als bevorzugte Nachrichtenquelle hinzufügen.
 85 Prozent der Energie, die derzeit in Österreich erzeugt wird, stammen aus erneuerbaren Quellen, wie Wasser, Wind und Sonne. Das … [+3108 chars]",,de,'Energiewende'
https://www.basicthinking.de/blog/2026/07/02/wasserkraft-modulare-turbinentechnologie/,https://www.basicthinking.de/blog/2026/07/02/wasserkraft-modulare-turbinentechnologie/,0,www.basicthinking.de,Ohne Staudamm: Diese Wasserkraft-Turbinen verwandeln Kanäle in Kraftwerke,"Der Beitrag Ohne Staudamm: Diese Wasserkraft-Turbinen verwandeln Kanäle in Kraftwerke erschien zuerst beim Online-Magazin BASIC thinking. Über unseren Newsletter UPDATE startest du jeden Morgen bestens informiert in den Tag.
Bestehende Wasserwege könnten künf…",https://www.basicthinking.de/blog/wp-content/uploads/2015/11/Fallback.png,2026-07-02T03:45:55Z,,Bestehende Wasserwege könnten künftig einen großen Teil zur Energiewende beitragen und das ganz ohne den Bau von großen Staudämmen. Denn eine neue modulare Turbinentechnologie kann die Strömung in Ka… [+3505 chars],,de,'Wasserkraft'
"https://www.gamestar.de/artikel/eisenbahn-solaranlagen-schweiz-erfolg-interesse,3455673.html","https://www.gamestar.de/artikel/eisenbahn-solaranlagen-schweiz-erfolg-interesse,3455673.html",0,www.gamestar.de,"Energie - Die Schweiz hat die weltweit erste Eisenbahn-Solaranlage installiert: Ein Jahr später ist sie so ein Erfolg, dass Nachbarn bereits danach fragen",Ein Start-up aus der Schweiz will Bahnstrecken zur Stromerzeugung nutzen und hat damit Erfolg.,https://images.cgames.de/images/gamestar/293/solarpanels-in-der-schweiz-teaser_6314147.jpg,2026-07-02T08:19:00Z,,"Ein Pilotprojekt aus der Schweiz könnte ungenutzte Flächen für erneuerbare Energien erschließen. (Bild: Wikipedia | Adobe Stock Jess Rodriguez)
Der Ausbau von erneuerbaren Energien wird immer wieder… [+2729 chars]",,de,'Erneuerbare'
https://www.golem.de/sonstiges/zustimmung/auswahl.html?from=https://www.golem.de/news/nur-noch-bilanziell-eu-kippt-ambitionierte-oekostromziele-fuer-rechenzentren-2607-210439.html&referer=https://t.co/84d465f991,https://www.golem.de/sonstiges/zustimmung/auswahl.html?from=https://www.golem.de/news/nur-noch-bilanziell-eu-kippt-ambitionierte-oekostromziele-fuer-rechenzentren-2607-210439.html&referer=https://t.co/84d465f991,0,www.golem.de,Nur noch bilanziell: EU kippt ambitionierte Ökostromziele für Rechenzentren,"Eine neue EU-Regulierung sah hohe Auflagen für den Ökostrombezug von Rechenzentren vor. Nach Lobbyintervention sind die wohl nun vom Tisch. (Erneuerbare Energien, GreenIT)",,2026-07-02T11:50:01Z,,"Besuchen Sie Golem.de wie gewohnt mit Werbung und Tracking,
 indem Sie der Nutzung aller Cookies zustimmen.
 Details zum Tracking finden Sie im Privacy Center.
Skript wurde nicht geladen. Informat… [+607 chars]",,de,'Erneuerbare'
https://www.golem.de/sonstiges/zustimmung/auswahl.html?from=https://www.golem.de/news/studie-zu-photovoltaik-verdopplung-der-pv-leistung-ohne-weiteres-moeglich-2607-210435.html&referer=https://t.co/d636e078be,https://www.golem.de/sonstiges/zustimmung/auswahl.html?from=https://www.golem.de/news/studie-zu-photovoltaik-verdopplung-der-pv-leistung-ohne-weiteres-moeglich-2607-210435.html&referer=https://t.co/d636e078be,0,www.golem.de,Studie zu Photovoltaik: Verdopplung der PV-Leistung ohne Weiteres möglich,"Etwa 600 Gigawatt Solarleistung in Europa könnten im Grunde sofort installiert werden, ohne dass Abschaltungen oder Pufferspeicher nötig wären. (Solarenergie, Smart Meter)",,2026-07-02T12:32:02Z,,"Besuchen Sie Golem.de wie gewohnt mit Werbung und Tracking,
 indem Sie der Nutzung aller Cookies zustimmen.
 Details zum Tracking finden Sie im Privacy Center.
Skript wurde nicht geladen. Informat… [+607 chars]",,de,'Photovoltaik'
https://www.zeit.de/news/2026-07/02/tschentscher-fordert-mehr-tempo-beim-ausbau-der-stromnetze,https://www.zeit.de/news/2026-07/02/tschentscher-fordert-mehr-tempo-beim-ausbau-der-stromnetze,0,www.zeit.de,Finanzen: Tschentscher fordert mehr Tempo beim Ausbau der Stromnetze,Hier finden Sie Informationen zu dem Thema „Finanzen“. Lesen Sie jetzt „Tschentscher fordert mehr Tempo beim Ausbau der Stromnetze“.,https://img.zeit.de/news/2026-07/02/tschentscher-fordert-mehr-tempo-beim-ausbau-der-stromnetze-image-group/wide__1300x731,2026-07-02T13:54:10Z,,"Hamburgs Bürgermeister Peter Tschentscher hat beim von der Bundesregierung geplanten beschleunigten Ausbau der Stromnetze gefordert, vor allem die Übertragungsnetze in den Blick zu nehmen. Der beschl… [+1447 chars]",,de,'Energiewende'
https://www.zeit.de/news/2026-07/02/gesetz-erlaubt-weniger-tempo-beim-radnetz-ausbau-in-berlin,https://www.zeit.de/news/2026-07/02/gesetz-erlaubt-weniger-tempo-beim-radnetz-ausbau-in-berlin,0,www.zeit.de,Landesparlament: Gesetz erlaubt weniger Tempo beim Radnetz-Ausbau in Berlin,Hier finden Sie Informationen zu dem Thema „Landesparlament“. Lesen Sie jetzt „Gesetz erlaubt weniger Tempo beim Radnetz-Ausbau in Berlin“.,https://img.zeit.de/news/2026-07/02/gesetz-erlaubt-weniger-tempo-beim-radnetz-ausbau-in-berlin-image-group/wide__1300x731,2026-07-02T14:30:33Z,,Das Berliner Mobilitätsgesetz ist in zahlreichen Punkten geändert worden unter anderem für Radfahrer dürfte das Konsequenzen haben. Das Landesparlament beschloss die Streichung etlicher Vorgaben. So … [+1601 chars],,de,'Ausbau'
https://www.focus.de/immobilien/britisches-steueramt-fordert-bis-zu-300-pfund-von-rentnern-zurueck-wenn-sie-mehr-als-22-453-pfund-verdienen_efe5b020-0047-4257-b15d-816193fdec22.html,https://www.focus.de/immobilien/britisches-steueramt-fordert-bis-zu-300-pfund-von-rentnern-zurueck-wenn-sie-mehr-als-22-453-pfund-verdienen_efe5b020-0047-4257-b15d-816193fdec22.html,0,www.focus.de,"Britisches Steueramt fordert bis zu 300 Pfund von Rentnern zurück, wenn sie mehr als 22.453 Pfund verdienen","Britische Rentner erhalten eine kleine Summe, um die Heizkosten zu stemmen. Dafür dürfen sie aber nicht zu viel Geld verdienen.","https://quadro.burda-forward.de/ctf/21655b74-a1ff-4f58-b5b4-7ec53d3b98be.34ced069-fd41-47dd-9057-e15b9285ae20.jpg?im=RegionOfInterestCrop=(1200,630),regionOfInterest=(2329,1244)&hash=4013e7a728e839ade7744459eebd379fb22053efcddf60e1a370552006fa8d29",2026-07-02T14:31:00Z,,"Die britische Steuerbehörde HMRC hat bestätigt, dass bestimmte Rentner, die eine Steuerfreigrenze von 35.000 Pfund überschreiten, nicht länger Anspruch auf einen Zuschuss zu den Heizkosten haben.
Wi… [+3339 chars]",,de,'Heizkosten'
https://www.telepolis.de/article/IRENA-Bericht-Erneuerbare-schlagen-fossile-Kraftwerke-bei-Kosten-11352144.html,https://www.telepolis.de/article/IRENA-Bericht-Erneuerbare-schlagen-fossile-Kraftwerke-bei-Kosten-11352144.html,0,www.telepolis.de,IRENA-Bericht: Erneuerbare schlagen fossile Kraftwerke bei Kosten,Über 90 Prozent der 2025 gebauten Großanlagen für erneuerbare Energie waren günstiger als jede neue fossile Alternative.,https://heise.cloudimg.io/bound/1200x1200/q85.png-lossy-85.webp-lossy-85.foil1/_www-heise-de_/imgs/18/5/1/1/0/4/8/1/shutterstock_2738250901-986d1baafaf107ba.jpg,2026-07-02T15:30:00Z,,"Erneuerbare Energien sind bereits heute kostengünstiger als neue fossile Kraftwerke.
(Bild: bombermoon / Shutterstock.com)
Über 90 Prozent der 2025 gebauten Großanlagen für erneuerbare Energie ware… [+3646 chars]",,de,'Solar'
https://www.nzz.ch/wirtschaft/berliner-buerokratie-irrsinn-wie-deutschland-mit-einem-steuererlass-die-energiewende-torpediert-ld.10013656,https://www.nzz.ch/wirtschaft/berliner-buerokratie-irrsinn-wie-deutschland-mit-einem-steuererlass-die-energiewende-torpediert-ld.10013656,0,www.nzz.ch,Berliner Bürokratie-Irrsinn: wie Deutschland mit einem Steuererlass die Energiewende torpediert,"Bei seltenen Erden und Technologiemetallen bestehen Knappheiten für die Industrie. Das Finanzministerium verschärft das Problem jetzt sogar noch. Von Firmen hagelt es Kritik, die Schweiz profitiert.","https://img-msp-prod.nzz.ch/2026/07/02/81991e04-874d-4d29-a3bc-91b71a2a7fbe.jpg?width=1200&height=675&fit=bounds&quality=75&auto=webp&crop=8192,4608,x0,y314&wmark=nzz",2026-07-03T03:30:00Z,,"Bei seltenen Erden und Technologiemetallen bestehen Knappheiten für die Industrie. Das Finanzministerium verschärft das Problem jetzt sogar noch. Von Firmen hagelt es Kritik, die Schweiz profitiert.… [+7204 chars]",,de,'Energiewende'
https://www.basicthinking.de/blog/2026/07/03/klimaschaeden-durch-solarstrom-abgewendet/,https://www.basicthinking.de/blog/2026/07/03/klimaschaeden-durch-solarstrom-abgewendet/,0,www.basicthinking.de,250 Milliarden Euro Klimaschäden durch deutschen Solarstrom abgewendet,"Der Beitrag 250 Milliarden Euro Klimaschäden durch deutschen Solarstrom abgewendet erschien zuerst beim Online-Magazin BASIC thinking. Über unseren Newsletter UPDATE startest du jeden Morgen bestens informiert in den Tag.
Durch Solarenergie konnten in den ver…",https://www.basicthinking.de/blog/wp-content/uploads/2026/06/erneuerbare-energien.webp,2026-07-03T03:45:45Z,,"Durch Solarenergie konnten in den vergangenen 20 Jahren gigantische Mengen an Treibhausgasen eingespart werden. Solarstrom schützt aber nicht nur das Klima, sondern auch den Staatshaushalt. Allein zw… [+3831 chars]",,de,'Solar'
https://www.prnewswire.com/news-releases/hisense-bringt-intelligentere-und-einfachere-kuhllosungen-in-europaische-haushalte-und-treibt-so-ein-starkes-marktwachstum-voran-302817515.html,https://www.prnewswire.com/news-releases/hisense-bringt-intelligentere-und-einfachere-kuhllosungen-in-europaische-haushalte-und-treibt-so-ein-starkes-marktwachstum-voran-302817515.html,0,www.prnewswire.com,Hisense bringt intelligentere und einfachere Kühllösungen in europäische Haushalte und treibt so ein starkes Marktwachstum voran,"QINGDAO, China, 3. Juli 2026 /PRNewswire/ -- Hisense, eine führende Marke im Bereich Unterhaltungselektronik und Haushaltsgeräte, baut sein Portfolio an Klimageräten weiter aus – mit Fokus auf Leistung, Energieeffizienz und Alltagstauglichkeit. Da europäische…",https://mmx.prnewswire.com/media/MS1876861/IMAGE1.jpg?id=OA2749658&p=facebook,2026-07-03T09:00:00Z,,"QINGDAO, China, 3. Juli 2026 /PRNewswire/ -- Hisense, eine führende Marke im Bereich Unterhaltungselektronik und Haushaltsgeräte, baut sein Portfolio an Klimageräten weiter aus mit Fokus auf Leistung… [+4343 chars]",,de,'Energieeffizienz'
https://www.faz.net/aktuell/rhein-main/region-und-hessen/strafanzeige-nach-beginn-des-ausbaus-der-b49-bei-reiskirchen-accg-200987195.html,https://www.faz.net/aktuell/rhein-main/region-und-hessen/strafanzeige-nach-beginn-des-ausbaus-der-b49-bei-reiskirchen-accg-200987195.html,0,www.faz.net,Ausbau der B49: Strafanzeige wegen nicht umgesiedelter Eidechsen,Östlich von Gießen haben die Erdarbeiten zum umstrittenen Ausbau der B49 begonnen. Ein Ausbaugegner hat nun Strafanzeige gestellt. Ein Gerichtsbeschluss zur Umsiedlung von Zauneidechsen sei missachtet worden.,https://media0.faz.net/image/w1200h627/288c12e438af/w2122h1108x0y165o/202502/43601.0.846871079/geschuetzte-art-vor-beginn-des.webp,2026-07-03T09:09:13Z,,Nach dem Beginn der Arbeiten für den Ausbau der Bundesstraße 49 in Reiskirchen-Lindenstruth hat ein Gegner des Vorhabens Strafanzeige bei der Staatsanwaltschaft Gießen gestellt. Der Ausbaugegner Jörg… [+5029 chars],,de,'Ausbau'
https://www.tagesschau.de/wirtschaft/verbraucher/e-auto-praemie-124.html,https://www.tagesschau.de/wirtschaft/verbraucher/e-auto-praemie-124.html,0,www.tagesschau.de,Deutsche E-Auto-Förderung hilft stark chinesischen Herstellern,Die deutsche Förderung klimafreundlicher Autos kommt auch chinesischen Autobauern zugute. Das sorgt für Kritik an der Bundesregierung - bringt aber auch die Energiewende voran. Von Juri Sonnenholzner.,https://images.tagesschau.de/image/0810c8be-6f99-4bed-936c-448cef923858/AAABnFH1_Y0/AAABnSSvrFg/16x9-big/elektroautos-136.jpg?width=1280,2026-07-03T09:25:45Z,,"Stand: 03.07.2026 11:25 Uhr
Die deutsche Förderung klimafreundlicher Autos kommt auch chinesischen Autobauern zugute. Das sorgt für Kritik an der Bundesregierung - bringt aber auch die Energiewende … [+6670 chars]",,de,'Energiewende'
https://www.dw.com/de/bremst-die-afd-die-energiewende-im-osten-aus/a-77798464,https://www.dw.com/de/bremst-die-afd-die-energiewende-im-osten-aus/a-77798464,0,www.dw.com,Bremst die AfD die Energiewende im Osten aus?,"Zurück zu Kohle und Kernkraft, Windradmoratorium und ein Aufnahmestopp für Nicht-EU-Ausländer: Warum die Wirtschaft in Ostdeutschland eine Regierungsbeteiligung der Alternative für Deutschland (AfD) fürchtet.",https://static.dw.com/image/77788553_6.jpg,2026-07-03T09:34:00Z,,"Er fährt ein Elektro-Auto und will in seiner Gemeinde Windräder aufstellen. Hannes Loth, Deutschlands erster hauptamtlicher Bürgermeister der in Teilen rechtsextremen Partei Alternative für Deutschla… [+6426 chars]",,de,'Energiewende'
https://www.zeit.de/news/2026-07/03/landkreis-genehmigt-bau-von-pumpspeicherwerk-riedl,https://www.zeit.de/news/2026-07/03/landkreis-genehmigt-bau-von-pumpspeicherwerk-riedl,0,www.zeit.de,Erneuerbare Energie: Landkreis genehmigt Bau von Pumpspeicherwerk Riedl,Hier finden Sie Informationen zu dem Thema „Erneuerbare Energie“. Lesen Sie jetzt „Landkreis genehmigt Bau von Pumpspeicherwerk Riedl“.,https://img.zeit.de/news/2026-07/03/landkreis-genehmigt-bau-von-pumpspeicherwerk-riedl-image-group/wide__1300x731,2026-07-03T11:52:09Z,,Die Bauarbeiten für das umstrittene Pumpspeicherwerk Riedl in der Gemeinde Untergriesbach (Landkreis Passau) können trotz laufender Klagen beginnen. Das Landratsamt Passau hat nach eigenen Angaben di… [+2113 chars],,de,'Erneuerbare'
https://www.dw.com/de/usa-hochgeschwindigkeitsz%C3%BCge-personenverkehr-schienennetz-flugverkehr-auto-co2-klima/a-77624816,https://www.dw.com/de/usa-hochgeschwindigkeitsz%C3%BCge-personenverkehr-schienennetz-flugverkehr-auto-co2-klima/a-77624816,0,www.dw.com,Warum die Bahn in den USA weit hinter Euopa und Asien liegt,Seit der Energiekrise entdecken US-Amerikaner das Bahnfahren neu. Doch die Begeisterung wird ausgebremst. Anders als in Europa und Asien fehlen Hochgeschwindigkeitsstrecken.,https://static.dw.com/image/76839546_6.jpg,2026-07-04T04:57:00Z,,"Lange Zeit wenig beachtet, erleben Zugreisen in den USA gerade einen echten Boom. Die Fahrgastzahlen erreichten in den vergangenen zwei Jahren Rekordwerte. Die Preise für Benzin und  Flugtickets sind… [+6402 chars]",,de,'Energiekrise'
https://scilogs.spektrum.de/relativ-einfach/klimakrise-und-energiewende-ein-paar-positive-entwicklungen/,https://scilogs.spektrum.de/relativ-einfach/klimakrise-und-energiewende-ein-paar-positive-entwicklungen/,0,scilogs.spektrum.de,Klimakrise und Energiewende: ein paar positive Entwicklungen,Aus den SciLogs: In vieler Hinsicht ist unser gesamtgesellschaftlicher Umgang sowohl mit der Klimakrise als auch mit der Energiewende als Reaktion auf die neuen Erfordernisse ja durchaus frustrierend. Dass mit Trump in den USA jemand an die Macht gekommen ist…,https://scilogs.spektrum.de/relativ-einfach/files/Ouagadougou_shop-1024x685.jpg,2026-07-04T09:56:20Z,,In vieler Hinsicht ist unser gesamtgesellschaftlicher Umgang sowohl mit der Klimakrise als auch mit der Energiewende als Reaktion auf die neuen Erfordernisse ja durchaus frustrierend. Dass mit Trump … [+22647 chars],,de,'Erneuerbare'
https://www.golem.de/sonstiges/zustimmung/auswahl.html?from=https://www.golem.de/news/ausbau-von-rechenkapazitaet-amazons-emissionen-2025-um-16-prozent-gestiegen-2607-210509.html&referer=https://t.co/82ed712974,https://www.golem.de/sonstiges/zustimmung/auswahl.html?from=https://www.golem.de/news/ausbau-von-rechenkapazitaet-amazons-emissionen-2025-um-16-prozent-gestiegen-2607-210509.html&referer=https://t.co/82ed712974,0,www.golem.de,Ausbau von Rechenkapazität: Amazons Emissionen 2025 um 16 Prozent gestiegen,"Der aktuelle Nachhaltigkeitsbericht von Amazon zeigt auch, dass die Emissionen stärker gewachsen sind als der Umsatz. (Amazon, Wirtschaft)",,2026-07-04T10:00:02Z,,"Besuchen Sie Golem.de wie gewohnt mit Werbung und Tracking,
 indem Sie der Nutzung aller Cookies zustimmen.
 Details zum Tracking finden Sie im Privacy Center.
Skript wurde nicht geladen. Informat… [+607 chars]",,de,'Ausbau'
https://www.zeit.de/news/2026-07/04/bund-plant-mehr-geld-fuer-neu-und-ausbau-der-schiene-ein,https://www.zeit.de/news/2026-07/04/bund-plant-mehr-geld-fuer-neu-und-ausbau-der-schiene-ein,0,www.zeit.de,Haushalt: Bund plant mehr Geld für Neu- und Ausbau der Schiene,Hier finden Sie Informationen zu dem Thema „Haushalt“. Lesen Sie jetzt „Bund plant mehr Geld für Neu- und Ausbau der Schiene“.,https://img.zeit.de/news/2026-07/04/bund-plant-mehr-geld-fuer-neu-und-ausbau-der-schiene-ein-image-group/wide__1300x731,2026-07-04T10:38:23Z,,"Der Bund will im kommenden Jahr mehr Geld in den Neu- und Ausbau des Schienennetzes stecken. Die Investitionen aus dem Einzelplan des Verkehrsministeriums sollen von rund 1,8 Milliarden auf 2,2 Milli… [+2735 chars]",,de,'Investitionen'
https://www.prnewswire.com/news-releases/zusammenfassung-nach-der-show-ztts-komplette-wertschopfungskette-fur-solarenergie-energiespeicherung-und-wasserstoff-glanzt-auf-der-intersolar-europe-2026-302817904.html,https://www.prnewswire.com/news-releases/zusammenfassung-nach-der-show-ztts-komplette-wertschopfungskette-fur-solarenergie-energiespeicherung-und-wasserstoff-glanzt-auf-der-intersolar-europe-2026-302817904.html,0,www.prnewswire.com,"Zusammenfassung nach der Show: ZTTs komplette Wertschöpfungskette für Solarenergie, Energiespeicherung und Wasserstoff glänzt auf der Intersolar Europe 2026","MÜNCHEN, 4. Juli 2026 /PRNewswire/ -- Jiangsu Zhongtian Technology („ZTT"") präsentierte sich auf der diesjährigen Intersolar Europe eindrucksvoll und stellte seine durchgängige Wertschöpfungskette sowie Systemlösungen aus den Bereichen „Solar + Energiespeiche…",https://mma.prnewswire.com/media/3003632/20260627__Intersolar.mp4?p=thumbnail,2026-07-04T14:45:00Z,,"MÜNCHEN, 4. Juli 2026 /PRNewswire/ -- Jiangsu Zhongtian Technology (ZTT"") präsentierte sich auf der diesjährigen Intersolar Europe eindrucksvoll und stellte seine durchgängige Wertschöpfungskette sow… [+2261 chars]",,de,'Erneuerbare'
https://www.morgenpost.de/wirtschaft/article412445335/experte-ueber-autoindustrie-die-naechsten-fuenf-jahre-werden-grausam.html,https://www.morgenpost.de/wirtschaft/article412445335/experte-ueber-autoindustrie-die-naechsten-fuenf-jahre-werden-grausam.html,0,www.morgenpost.de,Experte über Autoindustrie: „Die nächsten fünf Jahre werden grausam“,"Die Autobranche steckt in der Krise. Stellen werden abgebaut, Investitionen zurückgefahren. Wohin steuert das Autoland Deutschland?",https://img.sparknews.funkemedien.de/412445960/412445960_1782927264_v16_9_1600.jpeg,2026-07-04T18:31:03Z,,Die Automobilindustrie galt lange Zeit als das Herzstück der deutschen Wirtschaft. Mit Stolz blickte man auf Technologie und Entwicklung. Kein Wunder: Hatte Carl Benz in den 1880er-Jahren in Stuttgar… [+6856 chars],,de,'Investitionen'
https://www.n-tv.de/politik/Gruene-wollen-Ministerin-Reiche-in-Ausschuss-zitieren-id31049235.html,https://www.n-tv.de/politik/Gruene-wollen-Ministerin-Reiche-in-Ausschuss-zitieren-id31049235.html,0,www.n-tv.de,Verzögerungen bei Reform: Grüne wollen Ministerin Reiche in Ausschuss zitieren,"Die EEG-Reform stockt - und die Grünen schlagen Alarm. Droht der Ausbau der Erneuerbaren einzubrechen? Vorwürfe gegen Ministerin Reiche werden lauter, Milliardeninvestitionen und Jobs stehen auf dem Spiel.",https://www.n-tv.de/img/31049230/1783233589/Img_16_9/1200/EUR-Deutschland-Berlin-09-06-2026-Keynote-von-Katherina-Reiche-Bundesministerin-fuer-Wirtschaft-und-Energie-Am-Vortag-der-ILA26-treffen-sich-auf-der-Aviation-Summit-BAS-Entscheider-der-internationalen-Luftfahrt-aus-Politik-Industrie-Wissenschaft-und-Finanzen-Sie-eroertern-welche-Fortschritte-sind-heute-schon-erreicht-worden-und-welche-Herausforderungen-muessen-noch-gemeistert-werden.jpg,2026-07-05T04:57:33Z,,"Katherina Reiche will die Einspeisevergütung für kleine Solaranlagen in Deutschland abschaffen. (Foto: picture alliance / photowerkstatt)
Die EEG-Reform stockt - und die Grünen schlagen Alarm. Droht… [+2108 chars]",,de,'Investitionen'
https://www.focus.de/politik/ausland/russland-aechzt-unter-kriegsfolgen-chef-der-groessten-bank-des-landes-hofft-auf-ein-schnelles-ende-der-kaempfe_b31c6edd-777e-440f-98fd-37018c4e83f6.html,https://www.focus.de/politik/ausland/russland-aechzt-unter-kriegsfolgen-chef-der-groessten-bank-des-landes-hofft-auf-ein-schnelles-ende-der-kaempfe_b31c6edd-777e-440f-98fd-37018c4e83f6.html,0,www.focus.de,Russland ächzt unter Kriegsfolgen: Chef der größten Bank des Landes hofft auf ein schnelles Ende der Kämpfe,"Sberbank-Chef Herman Gref warnt vor den Folgen des Krieges. Hohe Zinsen, sinkende Investitionen und neue Belastungen bringen Russlands Wirtschaft zunehmend an ihre Grenzen.","https://quadro.burda-forward.de/ctf/7b829302-97f3-488d-8ec3-1a44a3cd1932.42df4ae0-f002-406d-a168-edad77954e38.jpeg?im=RegionOfInterestCrop=(1200,630),regionOfInterest=(1703,1126)&hash=f1e9363842337faab03b48db840afd4dfa68e23767d978c2dd48e2f464811d11",2026-07-05T06:54:00Z,,"Herman Gref, Chef der staatlich kontrollierten Sberbank, hofft auf ein rasches Ende der Kämpfe in der Ukraine. Zugleich warnte er vor den wirtschaftlichen Folgen des Krieges.
Laut der Moscow Times, … [+1437 chars]",,de,'Investitionen'
https://www.faz.net/aktuell/finanzen/finanzmarkt/franz-josef-leven-rendite-muss-bei-kapitalrente-prioritaet-haben-accg-200990826.html,https://www.faz.net/aktuell/finanzen/finanzmarkt/franz-josef-leven-rendite-muss-bei-kapitalrente-prioritaet-haben-accg-200990826.html,0,www.faz.net,Staatliche Kapitalrente: „Die Rendite muss im Vordergrund stehen“,"Der Direktor des Deutschen Aktieninstituts warnt, die neue Kapitalrente mit ESG-Vorgaben zu überfrachten und zu Investitionen im Inland zu zwingen. „Wenn wir damit anfangen, haben wir schon verloren.“",https://media0.faz.net/image/w1200h627/f93b0f0e870a/w6144h3210x0y371o/202607/43601.0.2285874957/bei-der-kapitalrente-mit-dem.webp,2026-07-05T08:21:24Z,,"Franz-Josef Leven hat nichts mit den smarten Bankern gemein, die sonst so durch Frankfurt eilen, immer auf der Suche nach dem großen Geschäft. Leven ist Wissenschaftler, promovierter Volkswirt und ge… [+307 chars]",,de,'Investitionen'
https://www.faz.net/aktuell/wirtschaft/mehr-wirtschaft/lars-klingbeils-haushalt-immer-mehr-schulden-schnueren-dem-bund-die-luft-ab-200997721.html,https://www.faz.net/aktuell/wirtschaft/mehr-wirtschaft/lars-klingbeils-haushalt-immer-mehr-schulden-schnueren-dem-bund-die-luft-ab-200997721.html,0,www.faz.net,Klingbeils Haushalt: Immer mehr Schulden schnüren dem Bund die Luft ab,Hohe Kredite für die Bundeswehr und Investitionen prägen die Finanzpolitik des Bundes. Das kann nicht ewig so weitergehen.,https://media0.faz.net/image/w1200h627/86b2e5aa58bc/w6000h3135x0y415o/202607/43601.0.2293418281/der-herr-der-zahlen-der-herr.webp,2026-07-05T08:44:39Z,,"Der Bundesfinanzminister hat pünktlich seine Haushaltspläne vorgelegt. Das ist gut. Aber noch besser wäre es, wenn die Finanzplanung von Lars Klingbeil auch solide wäre. Ein vertiefender Blick in das… [+4709 chars]",,de,'Investitionen'
https://kaernten.orf.at/stories/3361314/,https://kaernten.orf.at/stories/3361314/,0,kaernten.orf.at,Niedrige Pegel belasten Wasserkraftwerke,"Obwohl der Juni in Kärnten, mit Ausnahme des Oberen Mölltals, deutlich niederschlagsreicher als im langjährigen Durchschnitt war, sind die Wasserstände in Flüssen und das Grundwasser nach der Hitzewelle Ende des Monats bereits wieder auf niedrigem Niveau. Die…",https://ibs.orf.at/ktn?image=https%3A%2F%2Foekastatic.orf.at%2Fmojo%2F1_4_1%2Fstoryserver%2Foeka%2Fcommon%2Fimages%2Fog-fallback-ktn.png%3Fs%3Dd1ef40bef2ffd65644b4df37900c0e4d80e97249,2026-07-05T10:31:04Z,,"Nach den ergiebigen Niederschlägen im Juni hätten sich die Pegel nur kurzfristig erholt, sagt Johannes Moser vom Hydrographischen Dienst des Landes Kärnten. Mittlerweile bewege man sich bei den Wasse… [+1592 chars]",,de,'Wasserkraft'
https://www.faz.net/aktuell/rhein-main/region-und-hessen/flusskraftwerk-in-giessen-eine-blaupause-fuer-energiewende-von-unten-200994346.html,https://www.faz.net/aktuell/rhein-main/region-und-hessen/flusskraftwerk-in-giessen-eine-blaupause-fuer-energiewende-von-unten-200994346.html,0,www.faz.net,Flusskraftwerk in Giessen: Blaupause für Energiewende von unten,Die Energiewende muss auch in den Städten und Gemeinden verwirklicht werden. Mit ihrem neuen Flusskraftwerk haben die Stadtwerke Gießen eine nachahmenswerte Vorlage für andere Kommunen geliefert.,https://media0.faz.net/image/w1200h627/6802e84a2419/w4032h2106x0y459o/202607/43601.0.2288806952/innovation-das-mit-drei.webp,2026-07-05T10:58:03Z,,Innovation entsteht oft aus Not und nicht aus Sattheit. Neue technische Entwicklungen in grundsätzlich satten Gesellschaften sind kein Widerspruch dazu. Der Mensch strebt nach Fortschritt. Und auch s… [+2250 chars],,de,'Energiewende'
https://www.derstandard.at/story/3000000330142/verl228ngerung-der-gasreserve-soll-am-montag-beschlossen-werden,https://www.derstandard.at/story/3000000330142/verl228ngerung-der-gasreserve-soll-am-montag-beschlossen-werden,0,www.derstandard.at,Verlängerung der Gasreserve soll am Montag beschlossen werden,Gasspeicher nach hartem Winter wieder zu 54 Prozent voll – kein Diesel- oder Kerosinengpass erwartet,https://i.ds.at/0S6-TA/rs:fill:1200:600/plain/lido-images/2025/03/09/01922971-9118-450b-adec-a21e134a6061.jpeg,2026-07-05T11:13:51Z,,"Sie entscheiden darüber, wie Sie unsere Inhalte nutzen wollen. Ihr Gerät erlaubt uns derzeit leider nicht, die entsprechenden Optionen anzuzeigen.
Bitte deaktivieren Sie sämtliche Hard- und Software… [+180 chars]",,de,'Winter'
https://www.diepresse.com/35196900/zuerst-zu-wenig-oel-und-jetzt-zu-viel,https://www.diepresse.com/35196900/zuerst-zu-wenig-oel-und-jetzt-zu-viel,0,www.diepresse.com,Zuerst zu wenig Öl und jetzt zu viel? [premium],Der Ölpreis ist nach einem starken Preisanstieg nun wieder dramatisch gefallen. Die Opec+ will ihre Fördermenge erhöhen – und plötzlich ist von einem Überangebot auf dem Weltmarkt die Rede.,https://img.diepresse.com/public/incoming/dubhrs-iran-crisisshipping-asia/alternates/WEBP_WIDE_1200/IRAN-CRISISSHIPPING-ASIA,2026-07-05T17:46:08Z,,"Ende Februar hielt die Welt den Atem an nicht nur, weil die kriegerischen Auseinandersetzungen zwischen den USA und dem Iran die ganze Golfregion in Mitleidenschaft gezogen haben. Sondern auch, weil … [+4157 chars]",,de,'Ölpreis'
https://www.nzz.ch/wirtschaft/die-oecd-warnt-ohne-kernkraft-wird-die-energiewende-finanziell-untragbar-ld.10013836,https://www.nzz.ch/wirtschaft/die-oecd-warnt-ohne-kernkraft-wird-die-energiewende-finanziell-untragbar-ld.10013836,0,www.nzz.ch,Die OECD warnt: Ohne Kernkraft wird die Energiewende finanziell untragbar,"Stromsysteme, die vor allem auf Sonne und Wind setzen, führen laut der Kernenergieagentur der OECD zu enormen Systemkosten. Um diese im Zaum zu halten, brauche es neue AKW. Der Ausbau der Kernkraft steht jedoch vor enormen Hürden.","https://img-msp-prod.nzz.ch/2026/07/03/249d34d0-780d-432b-adc5-2c9c67a13700.jpg?width=1200&height=675&fit=bounds&quality=75&auto=webp&crop=3936,2214,x0,y410&wmark=nzz",2026-07-06T03:30:00Z,,"Stromsysteme, die vor allem auf Sonne und Wind setzen, führen laut der Kernenergieagentur der OECD zu enormen Systemkosten. Um diese im Zaum zu halten, brauche es neue AKW. Der Ausbau der Kernkraft s… [+8044 chars]",,de,'Energieeffizienz'
https://www.sueddeutsche.de/politik/russland-rosneft-putin-igor-setschin-li.3508105,https://www.sueddeutsche.de/politik/russland-rosneft-putin-igor-setschin-li.3508105,0,www.sueddeutsche.de,Russland: Sie nennen ihn: Putins Schatten,"Igor Setschin bleibt gerne im Hintergrund, aber stets an der Seite des Mannes im Kreml. Gerade in Zeiten der Energiekrise trägt der mächtige Chef des Erdölkonzerns Rosneft  große Verantwortung.",https://www.sueddeutsche.de/2026/07/06/86cbc197-d53d-48d6-a35d-f6e5bfacd9b1.jpg?q=60&fm=webp&width=1200&rect=0%2C212%2C3404%2C1915,2026-07-06T09:07:03Z,,"Igor Setschin ist einer von denen, die immer da waren, seit Wladimir Putin über Russland herrscht. Er ist Chef des russischen Erdölkonzerns Rosneft und einer der mächtigsten Männer im Staat. Sein hal… [+181 chars]",,de,'Energiekrise'
https://www.faz.net/aktuell/politik/inland/rutte-bahnbrechende-fortschritte-bei-fuenfprozentziel-201003424.html,https://www.faz.net/aktuell/politik/inland/rutte-bahnbrechende-fortschritte-bei-fuenfprozentziel-201003424.html,0,www.faz.net,Nato-Gipfel: Rutte sieht „bahnbrechende Fortschritte“ auf dem Weg zum Fünfprozentziel,NATO-Chef Mark Rutte lobt die Investitionen der Mitgliedsländer. Doch seine Angaben sind geschönt.,https://media0.faz.net/image/w1200h627/d38f328f75a0/w6144h3210x0y633o/202607/43601.0.2305655050/rutte-bei-der-pressekonferenz.webp,2026-07-06T14:30:18Z,,"NATO-Generalsekretär Mark Rutte sieht bahnbrechende Fortschritte auf dem Weg der Verbündeten zu dem Ziel, bis 2025 insgesamt fünf Prozent ihrer Wirtschaftsleistung in die Verteidigung und Sicherheit … [+2596 chars]",,de,'Investitionen'
https://www.zeit.de/wirtschaft/2026-07/wohnungsbau-gdw-investitionen-gebaeudetyp-e-baukosten,https://www.zeit.de/wirtschaft/2026-07/wohnungsbau-gdw-investitionen-gebaeudetyp-e-baukosten,0,www.zeit.de,Wohnungsbau: Verband fürchtet Einbruch von Neubau-Investitionen wegen hoher Kosten,"Die hohen Baukosten drohen Investitionen in Neubauten einbrechen zu lassen, warnt ein Immobilienverband. Die Funktionäre sehen die Politik in der Pflicht.",https://img.zeit.de/wirtschaft/2026-07/wohnungsbau-gdw-investitionen-gebaeudetyp-e-baukosten-foto-1/wide__1300x731,2026-07-06T14:41:38Z,,"Der Immobilienverband GdW
fürchtet wegen der hohen Baukosten einen Einbruch der
Investitionen in Neubauten. Die vom GdW vertretenen rund 3.000
Wohnungsunternehmen und Genossenschaften konzentriert… [+2702 chars]",,de,'Investitionen'
https://www.tagesspiegel.de/internationales/sie-werden-hunderttausende-von-dollar-haben-trump-verspricht-neugeborenen-startkapital-an-der-borse-15808190.html,https://www.tagesspiegel.de/internationales/sie-werden-hunderttausende-von-dollar-haben-trump-verspricht-neugeborenen-startkapital-an-der-borse-15808190.html,0,www.tagesspiegel.de,„Sie werden Hunderttausende von Dollar haben“: Trump verspricht Neugeborenen Startkapital an der Börse,Unter dem Namen „Trump Accounts“ sollen Neugeborene ein Konto mit 1000 Dollar bekommen. US-Präsident Trump feiert die Initiative – seine Landsleute haben allerdings mit der Inflation zu kämpfen.,https://www.tagesspiegel.de/images/15808203/alternates/BASE_16_9_W1400/1783352120000/776523904.jpeg,2026-07-06T15:35:26Z,,"1000 Dollar Startguthaben für Neugeborene in den USA: Mit einer neuen Vorsorgemaßnahme verspricht US-Präsident Donald Trump, künftigen Generationen mehr Wohlstand zu ermöglichen. Sofern sich der Akti… [+1882 chars]",,de,'Energiekrise'
https://www.zeit.de/news/2026-07/06/erneuter-strom-blackout-legt-ganz-kuba-lahm,https://www.zeit.de/news/2026-07/06/erneuter-strom-blackout-legt-ganz-kuba-lahm,0,www.zeit.de,Energiekrise: Erneuter Strom-Blackout legt ganz Kuba lahm,Hier finden Sie Informationen zu dem Thema „Energiekrise“. Lesen Sie jetzt „Erneuter Strom-Blackout legt ganz Kuba lahm“.,https://img.zeit.de/news/2026-07/06/erneuter-strom-blackout-legt-ganz-kuba-lahm-image-group/wide__1300x731,2026-07-06T17:11:03Z,,"Auf der Karibikinsel Kuba ist das Stromnetz erneut landesweit zusammengebrochen. Die Ursachen des vollständigen Ausfalls werden untersucht, wie die staatliche Stromgesellschaft UNE auf X mitteilte. D… [+753 chars]",,de,'Energiekrise'
https://www.welt.de/politik/ausland/article6a4bdf071cbe5f3a786a8e7a/ursache-unbekannt-kubas-netz-zusammengebrochen-zehn-millionen-menschen-ohne-strom.html,https://www.welt.de/politik/ausland/article6a4bdf071cbe5f3a786a8e7a/ursache-unbekannt-kubas-netz-zusammengebrochen-zehn-millionen-menschen-ohne-strom.html,0,www.welt.de,Kubas Netz zusammengebrochen – zehn Millionen Menschen ohne Strom,"Ein landesweiter Blackout legt Kuba lahm. Zehn Millionen Menschen sitzen im Dunkeln, die Regierung sucht die Ursache. Das marode Netz und die verschärften US-Sanktionen gegen Ölimporte treiben die Energiekrise der Insel auf eine neue Stufe.",https://images.welt.de/6a4bdf071cbe5f3a786a8e7a/73f68c62eafe76236e24d1212671f42d-master/ci16x9-w1200/urn-newsml-dpa-com-20090101-250911-99-990031,2026-07-06T17:14:04Z,,Das nationale Stromnetz auf Kuba ist nach Angaben des Netzbetreibers UNE am Montagmittag zusammengebrochen. Rund zehn Millionen Menschen auf der Karibikinsel waren dadurch ohne Strom. Die Ursache des… [+801 chars],,de,'Energiekrise'
https://www.faz.net/aktuell/politik/ausland/landesweiter-stromausfall-auf-kuba-die-regierung-verweist-auf-us-sanktionen-201003964.html,https://www.faz.net/aktuell/politik/ausland/landesweiter-stromausfall-auf-kuba-die-regierung-verweist-auf-us-sanktionen-201003964.html,0,www.faz.net,Millionen betroffene: Landesweiter Stromausfall legt ganz Kuba lahm,Kuba steckt in einer schweren Wirtschafts- und Energiekrise. Jetzt ist das Netz abermals landesweit zusammengebrochen. Die Regierung in Havanna macht Sanktionen des großen Nachbarn verantwortlich.,https://media0.faz.net/image/w1200h627/39f8eb0ae2e1/w5616h2934x0y405o/202607/43601.0.2306300656/strassenverkaeufer-unterhalten.webp,2026-07-06T17:33:53Z,,Auf der Karibikinsel Kuba ist das Stromnetz erneut landesweit zusammengebrochen. Rund zehn Millionen Menschen auf der Karibikinsel waren dadurch am Montag ohne Strom. Die Ursachen des vollständigen A… [+797 chars],,de,'Energiekrise'
https://www.sueddeutsche.de/panorama/kuba-stromausfall-energiekrise-blackout-li.3511558,https://www.sueddeutsche.de/panorama/kuba-stromausfall-energiekrise-blackout-li.3511558,0,www.sueddeutsche.de,Energiekrise: Kuba nach landesweitem Stromausfall im Dunkeln,"Alle Bemühungen, die Versorgung wiederherzustellen, fruchteten vorerst nicht. Die Stromausfälle hängen auch mit der von den USA verhängten Ölblockade zusammen.",https://www.sueddeutsche.de/2026/03/31/631d91a1-1674-4cb9-9a60-9d6ad51dae04.jpg?q=60&fm=webp&width=1200&rect=0%2C209%2C4000%2C2250,2026-07-07T02:40:47Z,,"Der Zusammenbruch ist der jüngste Rückschlag für die Insel, die bereits unter einer schweren Energie-, Treibstoff- und Medikamentenknappheit leidet. Seit Monaten kommt es zu stunden- und tagelangen S… [+823 chars]",,de,'Energiekrise'
https://www.diepresse.com/34608859/nahe-am-rekord-weshalb-der-kupferpreis-heuer-so-stark-steigt,https://www.diepresse.com/34608859/nahe-am-rekord-weshalb-der-kupferpreis-heuer-so-stark-steigt,0,www.diepresse.com,Nahe am Rekord: Weshalb der Kupferpreis heuer so stark steigt [premium],Zuletzt haben die Ölpreisschwankungen für Schlagzeilen gesorgt. Doch auch die Entwicklung bei einem Industriemetall sorgt für Aufsehen.,https://img.diepresse.com/public/incoming/mos3g4-175233674/alternates/WEBP_WIDE_1200/175233674,2026-07-07T03:45:51Z,,In den vergangenen Monaten dominierte die Entwicklung beim Ölpreis die Schlagzeilen. Die Notierung hat zuletzt wegen Hoffnungen auf erfolgreiche Friedensverhandlungen zwischen den USA und dem Iran ko… [+3812 chars],,de,'Ölpreis'
https://www.faz.net/premium/meine-finanzen/lufthansa-aktie-kerosinkosten-sinken-dank-oelpreisrueckgang-accg-201002596.html,https://www.faz.net/premium/meine-finanzen/lufthansa-aktie-kerosinkosten-sinken-dank-oelpreisrueckgang-accg-201002596.html,0,www.faz.net,Scherbaums Börse: Lufthansa dank Ölpreis im Aufwind,Sinkende Kerosinkosten und eine robuste Nachfrage geben dem Kranich-Konzern Rückenwind. Nach Jahren der Schwäche könnte die Aktie wieder nachhaltig an Attraktivität gewinnen.,https://media0.faz.net/image/w1200h627/42f1939eeaca/w5683h2969x0y706o/202606/43601.0.2262390322/die-preise-fuer-kerosin-haben.webp,2026-07-07T05:50:07Z,,"Iran und die Vereinigten Staaten verhandeln über einen Frieden, während immer mehr Öltanker und Handelsschiffe die Straße von Hormus passieren. Zudem hat sich die OPEC+ gerade darauf geeinigt, ihre F… [+274 chars]",,de,'Ölpreis'
https://www.n-tv.de/wirtschaft/Preisanstieg-bei-Chips-verhilft-Samsung-zu-Rekordgewinn-id31055864.html,https://www.n-tv.de/wirtschaft/Preisanstieg-bei-Chips-verhilft-Samsung-zu-Rekordgewinn-id31055864.html,0,www.n-tv.de,Sorgen vor überhitztem Boom: Preisanstieg bei Chips verhilft Samsung zu Rekordgewinn,"KI-Fantasien treiben derzeit Techwerte an den Börsen weltweit. Davon kann auch Samsung profitieren - und wie. Der Konzern erzielt mit umgerechnet 55 Milliarden Euro seinen bisher höchsten operativen Quartalsgewinn. Allerdings bleiben Zweifel, ob dieser Trend …",https://www.n-tv.de/img/31055928/1783409531/Img_16_9/1200/Samsung-estimates-56-pct-drop-in-Q2-operating-profit-A-flag-of-Samsung-Electronics-Co-the-world-s-largest-maker-of-computer-memory-chips-and-smartphones-flutters-outside-its-headquarters-in-Seoul-on-July-8-2025-Samsung-estimated-its-second-quarter-operating-profit-plunged-55-9-percent-from-a-year-earlier-to-4-59-trillion-won-US-3-4-billion-due-to-sluggish-chip-business-and-the-fallout-from-U-S-trade-policies.jpg,2026-07-07T06:23:32Z,,"Hätte Samsung wegen einer Tarifeinigung nicht viel Geld zurückstellen müssen, wäre der operative Gewinn noch deutlich höher ausgefallen. (Foto: picture alliance / YONHAPNEWS AGENCY)
KI-Fantasien tre… [+2325 chars]",,de,'Preisanstieg'
https://www.morgenpost.de/wirtschaft/article412505878/pelletspreise-aktuell-7-juli-heute-holz-pellets-kaufen-preis-tonne.html,https://www.morgenpost.de/wirtschaft/article412505878/pelletspreise-aktuell-7-juli-heute-holz-pellets-kaufen-preis-tonne.html,0,www.morgenpost.de,"Pelletspreise aktuell: Was eine Tonne heute (Dienstag, 7. Juli) kostet",Die Preise für Holzpellets schwanken – lohnt sich derzeit ein Kauf für den nächsten Winter?  Eine aktuelle Übersicht vom 7. Juli.,https://img.sparknews.funkemedien.de/407215592/407215592_1726479333_v16_9_1600.jpeg,2026-07-07T07:46:50Z,,Heute zeigt sich Berlin von seiner ungemütlichen Seite doch ab morgen kehren Sonne und Temperaturen von bis zu knapp 30 Grad zurück. Wer jetzt an den nächsten Winter denkt und seine Pelletsvorräte au… [+6299 chars],,de,'Energiekrise'
https://taz.de/Rechenzentren-und-Klimaschutz/!6193704/,https://taz.de/Rechenzentren-und-Klimaschutz/!6193704/,0,taz.de,Rechenzentren und Klimaschutz: KI um jeden Preis,Die Bundesregierung will den Ausbau von Rechenzentren für KI-Modelle vorantreiben – und lockert dafür Umweltauflagen. Das ist klimapolitisch falsch.,https://taz.de/picture/8593288/1200/41605921.jpeg,2026-07-07T07:51:00Z,,Die Bundesregierung will den Ausbau von Rechenzentren für KI-Modelle vorantreiben – und lockert dafür Umweltauflagen. Das ist klimapolitisch falsch. mehr...,,de,'Ausbau'
https://www.zeit.de/news/2026-07/07/ueberarbeitete-windkraft-regionalplaene-online-einsehbar,https://www.zeit.de/news/2026-07/07/ueberarbeitete-windkraft-regionalplaene-online-einsehbar,0,www.zeit.de,Windenergie: Überarbeitete Windkraft-Regionalpläne online einsehbar,Hier finden Sie Informationen zu dem Thema „Windenergie“. Lesen Sie jetzt „Überarbeitete Windkraft-Regionalpläne online einsehbar“.,https://img.zeit.de/news/2026-07/07/ueberarbeitete-windkraft-regionalplaene-online-einsehbar-image-group/wide__1300x731,2026-07-07T11:25:22Z,,Der überarbeitete Entwurf für die neuen Regionalpläne Windenergie in Schleswig-Holstein gehen in die Öffentlichkeitsbeteiligung. Die Änderungen gegenüber dem ersten Entwurf seien ab sofort im Interne… [+2281 chars],,de,'Windenergie'
https://www.zeit.de/wirtschaft/2026-07/lng-importe-abkommen-kanada-energiewende-katherina-reiche,https://www.zeit.de/wirtschaft/2026-07/lng-importe-abkommen-kanada-energiewende-katherina-reiche,0,www.zeit.de,LNG-Importe: Wie Katherina Reiche die Energiewende torpediert,"Mit Unterstützung des Wirtschaftsministeriums handelt ein Konzern neue Gasverträge aus. Sie gelten sogar über 2050 hinaus, wenn Deutschland längst klimaneutral sein will.",https://img.zeit.de/wirtschaft/2026-07/lng-importe-abkommen-kanada-energiewende-katherina-reiche-bild-2/wide__1300x731,2026-07-07T11:53:47Z,,"Obwohl Deutschland im Jahr 2045 klimaneutral sein will und sich die Bundesregierung dem Klimaschutz verschrieben hat, setzt sie sich dafür ein, dass Deutschland und Europa langfristig Erdgas importie… [+825 chars]",,de,'Energiewende'
https://www.diepresse.com/34735080/was-mit-der-natur-passiert-wenn-hier-ein-windrad-steht,https://www.diepresse.com/34735080/was-mit-der-natur-passiert-wenn-hier-ein-windrad-steht,0,www.diepresse.com,"Was mit der Natur passiert, wenn hier ein Windrad steht [premium]","Das Landscape Innovation Lab der Boku Wien vereint Forschung mit Lösungsansätzen aus Landschaftsplanung, Naturschutz und Energiewende: Hier kann in Ruhe betrachtet werden, wie PV-Anlagen und Windparks auf Landschaft und Gesellschaft wirken.",https://img.diepresse.com/public/incoming/89qjk3-20260624-133759-landscape-innovation-lab-boku-university-peter-zeschitzjpg/alternates/WEBP_WIDE_1200/2026_06_24%2013_37_59%20-%20Landscape%20Innovation%20Lab%20-%20BOKU%20University%20-%20Peter%20Zeschitz.jpg,2026-07-07T13:50:00Z,,"Als ein Besucher im Landscape Innovation Lab (Lila) die riesige LED-Wall mit der wandfüllenden Visualisierung eines Waldstücks betrachtet, fragt er den Forscher: Habt ihr euch schon einmal in dem Wal… [+9553 chars]",,de,'Erneuerbare'
https://www.zeit.de/2026/29/klimawandel-finanzen-inflation-zentralbanken-sabine-mauderer,https://www.zeit.de/2026/29/klimawandel-finanzen-inflation-zentralbanken-sabine-mauderer,0,www.zeit.de,"Klimawandel und Finanzen: »Wir müssen verstehen, was der Klimawandel für die Preise bedeutet«","Hitzewellen und Überschwemmungen gefährden nicht nur Ökosysteme, sagt Sabine Mauderer, die Vizepräsidentin der Bundesbank. Wie extremes Wetter die Inflation treibt.",https://img.zeit.de/2026/29/wir-muessen-besser-verstehen-was-der-klimawandel-fuer-die-preise-bedeutet-bild-3/wide__1300x731,2026-07-07T15:00:27Z,,"Sabine Mauderer ist seit 2018 im Vorstand der Deutschen Bundesbank. Bis Juni 2026 leitete sie außerdem ein internationales Netzwerk, in dem sich Notenbanken und Finanzaufsichtsbehörden mit den Folgen… [+816 chars]",,de,'Inflation'
https://www.welt.de/debatte/plus6a4cade9c3a9cf3e7981589b/neuer-job-fuer-ex-minister-wie-robert-habeck-von-seiner-eigenen-klimapolitik-profitiert.html,https://www.welt.de/debatte/plus6a4cade9c3a9cf3e7981589b/neuer-job-fuer-ex-minister-wie-robert-habeck-von-seiner-eigenen-klimapolitik-profitiert.html,0,www.welt.de,Wie Robert Habeck von seiner eigenen Klimapolitik profitiert,"Robert Habeck hat einen neuen Job bei einem Investmentunternehmen für „nachhaltige Stadtentwicklung“. Damit profitiert der grüne Ex-Minister von jener Energiewende, die Deutschland ruiniert hat.",https://images.welt.de/6a4cade9c3a9cf3e7981589b/b49b0f09b2b528da3eb8d9f529118ecf/ci16x9-w1200/urn-newsml-dpa-com-20090101-251005-911-021334,2026-07-07T15:07:29Z,,Die WELT als ePaper: Die vollständige Ausgabe steht Ihnen bereits am Vorabend zur Verfügung so sind Sie immer hochaktuell informiert. Weitere Informationen https://epaper.welt.de,,de,'Energiewende'
https://www.welt.de/wirtschaft/plus6a4b9133b5527c10fadb5372/energie-deutschland-tappt-in-die-gasspeicher-falle.html,https://www.welt.de/wirtschaft/plus6a4b9133b5527c10fadb5372/energie-deutschland-tappt-in-die-gasspeicher-falle.html,0,www.welt.de,Deutschland tappt in die Gasspeicher-Falle,Nur zu 41 Prozent sind die deutschen Gasspeicher gefüllt. Der Aufbau von Vorräten für den Winter gestaltet sich schwierig. Energieversorger und Regierung spielen bei der Befüllung der Gasspeicher ein riskantes Spiel.,https://images.welt.de/6a4b9133b5527c10fadb5372/fbab534634389b9e94dbad05f4d9e53f-master/ci16x9-w1200/dpa-com-260707-935-1463604-jpg,2026-07-07T16:24:40Z,,Die WELT als ePaper: Die vollständige Ausgabe steht Ihnen bereits am Vorabend zur Verfügung so sind Sie immer hochaktuell informiert. Weitere Informationen https://epaper.welt.de,,de,'Winter'
https://www.n-tv.de/wirtschaft/Chip-Werte-und-auch-SpaceX-gehen-Krachen-id31059989.html,https://www.n-tv.de/wirtschaft/Chip-Werte-und-auch-SpaceX-gehen-Krachen-id31059989.html,0,www.n-tv.de,KI und Ölpreis unter Druck: Chip-Werte und auch SpaceX gehen Krachen,In Nahost wird ein Tanker angegriffen. Die Nordsee-Rohölsorte Brent und das US-Leichtöl WTI verteuern sich darauf um mehr als drei Prozent. Derweil zweifeln Anleger zunehmend am KI-Boom.,https://www.n-tv.de/img/31059996/1783463806/Img_16_9/1200/Crude-oil-futures-traders-work-on-the-floor-of-the-New-York-Mercantile-Exchange-in-New-York-New-York-USA-on-06-May-2008-Oil-futures-reached-a-new-record-over-122-US-dollars-a-barrel-on-06-May-2008-mainly-due-to-a-forecast-of-much-higher-prices-and-on-news-hinting-at-supply-shortages.jpg,2026-07-07T20:45:07Z,,"Angriffe auf Tanker treiben am Dienstag die Ölpreise. (Foto: picture-alliance/ dpa)
In Nahost wird ein Tanker angegriffen. Die Nordsee-Rohölsorte Brent und das US-Leichtöl WTI verteuern sich darauf … [+3394 chars]",,de,'Ölpreis'
https://www.n-tv.de/wirtschaft/Ausverkauf-bei-Chip-Werten-belastet-Wall-Street-id31059989.html,https://www.n-tv.de/wirtschaft/Ausverkauf-bei-Chip-Werten-belastet-Wall-Street-id31059989.html,0,www.n-tv.de,KI und Ölpreis unter Druck: Ausverkauf bei Chip-Werten belastet Wall Street,In Nahost wird ein Tanker angegriffen - Die Nordsee-Rohölsorte Brent und das US-Leichtöl WTI verteuern sich darauf um mehr als drei Prozent. Derweil zweifeln Anleger zunehmend am KI-Boom.,https://www.n-tv.de/img/31059996/1783463806/Img_16_9/1200/Crude-oil-futures-traders-work-on-the-floor-of-the-New-York-Mercantile-Exchange-in-New-York-New-York-USA-on-06-May-2008-Oil-futures-reached-a-new-record-over-122-US-dollars-a-barrel-on-06-May-2008-mainly-due-to-a-forecast-of-much-higher-prices-and-on-news-hinting-at-supply-shortages.jpg,2026-07-07T20:45:07Z,,"KI und Ölpreis unter DruckAusverkauf bei Chip-Werten belastet Wall Street
Angriffe auf Tanker treiben am Dienstag die Ölpreise. (Foto: picture-alliance/ dpa)
In Nahost wird ein Tanker angegriffen -… [+3469 chars]",,de,'Ölpreis'
https://www.faz.net/aktuell/wirtschaft/unternehmen/enbw-chef-stamatelopoulos-ueber-die-dramatische-lage-beim-offshore-ausbau-accg-200958496.html,https://www.faz.net/aktuell/wirtschaft/unternehmen/enbw-chef-stamatelopoulos-ueber-die-dramatische-lage-beim-offshore-ausbau-accg-200958496.html,0,www.faz.net,EnBW über Energiewende: „Die Situation im Offshore-Bereich hat sich dramatisch verschlechtert“,Georg Stamatelopoulos ist Vorstandsvorsitzender des Energieversorgers EnBW. Im Interview verteidigt er die Förderkürzungen für erneuerbare Energien und fordert weniger Windräder in Nord- und Ostsee als bislang geplant.,https://media0.faz.net/image/w1200h627/1bf5748bea1d/w3000h1567x0y312o/202407/43601.0.460295491/enbw-betreibt-unter-anderem.webp,2026-07-08T05:14:56Z,,"Herr Stamatelopoulos, Bundeswirtschaftsministerin Katherina Reiche (CDU) will die Förderung erneuerbarer Energien kürzen und neue Gaskraftwerke bauen lassen. Teilen Sie den Eindruck vieler Kritiker, … [+11060 chars]",,de,'Energiewende'
https://www.tagesschau.de/wirtschaft/finanzen/marktberichte/marktbericht-dax-dow-iran-geldanlage-100.html,https://www.tagesschau.de/wirtschaft/finanzen/marktberichte/marktbericht-dax-dow-iran-geldanlage-100.html,0,www.tagesschau.de,Marktbericht: Die Nahost-Krise ist zurück an der Börse,"Die erneute Eskalation im Nahen Osten wird von den Anlegern relativ gelassen aufgenommen. Die Ölpreise legen zwar zu, bislang rechnen die Anleger aber wohl nicht mit einem Wiederaufflammen des Kriegs.",https://images.tagesschau.de/image/3270f35e-94f0-4240-aca1-d48eeae66ca3/AAABmjPoS5c/AAABnSSvrFg/16x9-big/dax-185.jpg?width=1280,2026-07-08T06:05:49Z,,"Stand: 08.07.2026 08:05 Uhr
Die erneute Eskalation im Nahen Osten wird von den Anlegern relativ gelassen aufgenommen. Die Ölpreise legen zwar zu, bislang rechnen die Anleger aber wohl nicht mit eine… [+3253 chars]",,de,'Ölpreis'
https://www.tagesspiegel.de/wirtschaft/weniger-windkraft-auf-see-enbw-chef-fordert-korrektur-bei-windkraft-ausbauzielen-15815847.html,https://www.tagesspiegel.de/wirtschaft/weniger-windkraft-auf-see-enbw-chef-fordert-korrektur-bei-windkraft-ausbauzielen-15815847.html,0,www.tagesspiegel.de,Weniger Windkraft auf See?: EnBW-Chef fordert Korrektur bei Windkraft-Ausbauzielen,"Steigende Kosten, teure Technik: Der EnBW-Chef fordert, beim Windkraft-Ausbau auf See vorerst auf die Bremse zu treten. Warum er weniger für mehr hält.",https://www.tagesspiegel.de/images/15815846/alternates/BASE_16_9_W1400/1783493048000/windpark-in-der-nordsee.jpeg,2026-07-08T06:44:08Z,,"Die Energie Baden-Württemberg (EnBW) fordert die Bundesregierung auf, ihre Ausbauziele für die Windkraft in Nord- und Ostsee zu überdenken. Vorstandschef Georg Stamatelopoulos sagte der Frankfurter A… [+1612 chars]",,de,'Windenergie'
https://www.focus.de/finanzen/oelpreis-steigt-nach-us-angriffen-auf-den-iran-deutlich_133b593c-c686-4f1c-87a3-fb2cedc2f591.html,https://www.focus.de/finanzen/oelpreis-steigt-nach-us-angriffen-auf-den-iran-deutlich_133b593c-c686-4f1c-87a3-fb2cedc2f591.html,0,www.focus.de,Ölpreis steigt nach US-Angriffen auf den Iran deutlich,Nach neuen US-Angriffen auf den Iran und verschärften Sanktionen steigt der Ölpreis kräftig. Anleger blicken mit Sorge auf die Straße von Hormus.,"https://quadro.burda-forward.de/ctf/e05ebed2-6563-49ea-89b6-b6b825135744.f447344a-0f09-433a-9bb2-cdf2034d11f6.jpeg?im=RegionOfInterestCrop=(1200,630),regionOfInterest=(1024,711)&hash=32a1367d9681a0f128c9bb5253346347ba5144cca66f434fcf694d2d0ea1d6bd",2026-07-08T07:03:00Z,,Die Ölpreise sind nach den erneuten Angriffen der Vereinigten Staaten auf den Iran und der erneuten Verschärfung der Sanktionen gegen Teheran kräftig zugelegt. Ein Barrel (159 Liter) der Nordseesorte… [+2963 chars],,de,'Ölpreis'
https://www.basicthinking.de/blog/2026/07/08/deutschland-droht-solar-chaos/,https://www.basicthinking.de/blog/2026/07/08/deutschland-droht-solar-chaos/,0,www.basicthinking.de,Deutschland droht Solar-Chaos – weil die Politik ein Gesetz verpennt,"Der Beitrag Deutschland droht Solar-Chaos – weil die Politik ein Gesetz verpennt erschien zuerst beim Online-Magazin BASIC thinking. Über unseren Newsletter UPDATE startest du jeden Morgen bestens informiert in den Tag.
Das Erneuerbare-Energien-Gesetz (EEG) l…",https://www.basicthinking.de/blog/wp-content/uploads/2026/07/eeg-solar-erneuerbare.jpg,2026-07-08T09:00:28Z,,Das Erneuerbare-Energien-Gesetz (EEG) läuft Ende 2026 aus. Ein Nachfolger ist bislang nicht in Sicht. Eigentlich wollte Wirtschaftsministerin Katherina Reiche (CDU) noch vor der Sommerpause einen Ent… [+7457 chars],,de,'Solar'
https://www.zeit.de/politik/deutschland/2026-07/gruene-eeg-gesetz-gesetzentwurf-katherina-reiche-bundesregierung-erneuerbare-energien-gxe,https://www.zeit.de/politik/deutschland/2026-07/gruene-eeg-gesetz-gesetzentwurf-katherina-reiche-bundesregierung-erneuerbare-energien-gxe,0,www.zeit.de,Erneuerbare Energien: Grüne erhöhen mit eigenem EEG-Gesetzentwurf Druck auf Katherina Reiche,"Weil Katherina Reiche bei der EEG-Novelle aus Sicht der Grünen nicht vorankommt, präsentiert die Partei einen eigenen Vorschlag. Sie greift Ideen der Bundesregierung auf.",https://img.zeit.de/politik/deutschland/2026-07/gruene-eeg-gesetz-gesetzentwurf-katherina-reiche-bundesregierung-erneuerbare-energien-bild/wide__1300x731,2026-07-08T09:14:49Z,,Die Grünen haben in der Diskussion um die künftige Förderung von erneuerbaren Energien in Deutschland einen eigenen Gesetzesvorschlag präsentiert. Konkret geht es um eine Anpassung des Erneuerbare-En… [+3370 chars],,de,'Erneuerbare'
https://www.tagesschau.de/newsticker/liveblog-iran-mittwoch-122.html,https://www.tagesschau.de/newsticker/liveblog-iran-mittwoch-122.html,0,www.tagesschau.de,Liveblog zur Sicherheitspolitik: ++ Ölpreise legen stark zu ++,Trumps Abkehr vom Iran-Waffenstillstand lässt den Ölpreis um fast sechs Prozent ansteigen. Vermittler Katar ruft zur Deeskalation auf. Die Entwicklungen im Liveblog.,https://images.tagesschau.de/image/5d002b39-97da-4e0a-909b-7952c407bd11/AAABnc3SjeI/AAABnSSvrFg/16x9-big/persischer-golf-100.jpg?width=1280,2026-07-08T09:51:03Z,,"Stand: 08.07.2026 12:05 Uhr
Trumps Abkehr vom Iran-Waffenstillstand lässt den Ölpreis um fast sechs Prozent ansteigen. Vermittler Katar ruft zur Deeskalation auf. Die Entwicklungen im Liveblog.
Der… [+4749 chars]",,de,'Ölpreis'
https://www.telepolis.de/article/Trump-verliert-die-Nerven-und-erklaert-Iran-Abkommen-fuer-beendet-11357969.html,https://www.telepolis.de/article/Trump-verliert-die-Nerven-und-erklaert-Iran-Abkommen-fuer-beendet-11357969.html,0,www.telepolis.de,Trump verliert die Nerven und erklärt Iran-Abkommen für beendet,"USA starten Angriffe auf Iran, während Trump beim Nato-Gipfel der Kragen platzt. Auch Drohungen gegen Europa werden erneuert. Der Ölpreis steigt indes wieder.",https://heise.cloudimg.io/bound/1200x1200/q85.png-lossy-85.webp-lossy-85.foil1/_www-heise-de_/imgs/18/5/1/1/3/4/1/5/shutterstock_2747572821-c6e454da6a6d44fb.jpg,2026-07-08T10:31:00Z,,"US-Präsident Donald Trump hat das Rahmenabkommen mit Iran für beendet erklärt
(Bild: Rawpixel.com/Shutterstock.com)
USA starten Angriffe auf Iran, während Trump beim Nato-Gipfel der Kragen platzt. … [+4936 chars]",,de,'Ölpreis'
https://www.zeit.de/mobilitaet/2026-07/tankrabatt-benzinpreis-super-e10-diesel-adac,https://www.zeit.de/mobilitaet/2026-07/tankrabatt-benzinpreis-super-e10-diesel-adac,0,www.zeit.de,Tankrabatt: Spritweise steigen nach Ende des Tankrabatts kräftig,"Der Tankrabatt ist in der vergangenen Woche ausgelaufen, seitdem steigen die Spritpreise. Der ADAC kritisiert die Entwicklung unter Verweis auf den Ölpreis.",https://img.zeit.de/mobilitaet/2026-07/tankrabatt-benzinpreis-super-e10-diesel-adac-foto-1/wide__1300x731,2026-07-08T11:53:15Z,,"In der Woche nach dem Auslaufen des staatlichen Tankrabatts Anfang Juli sind die Preise an den Zapfsäulen in Deutschland wieder gestiegen. Wie der Allgemeine Deutsche Automobil-Club (ADAC) mitteilte,… [+817 chars]",,de,'Ölpreis'
https://www.sueddeutsche.de/wirtschaft/iran-usa-hormus-oelpreis-dax-boerse-li.3512687,https://www.sueddeutsche.de/wirtschaft/iran-usa-hormus-oelpreis-dax-boerse-li.3512687,0,www.sueddeutsche.de,"Krieg in Nahost: Dax bricht ein, Ölpreis steigt",Der Optimismus an den Börsen war wohl verfrüht: Die Eskalation im Nahen Osten drückt die Stimmung an den Börsen. Der zuletzt gesunkene Ölpreis zieht wieder an.,https://www.sueddeutsche.de/2026/07/08/9e08dcb0-29dc-48f5-98cc-bdbe12639a7c.jpg?q=60&fm=webp&width=1200&rect=0%2C209%2C4000%2C2250,2026-07-08T12:25:13Z,,"Die Furcht vor einem Wiederaufflammen des Krieges in Nahost hat direkte Auswirkungen auf die Börse sowie die Rohstoffpreise. Der Dax rauschte um bis zu 2,5 Prozent auf 24 830 Punkte nach unten am Mon… [+2545 chars]",,de,'Ölpreis'
https://www.tagesschau.de/wirtschaft/finanzen/oelpreis-134.html,https://www.tagesschau.de/wirtschaft/finanzen/oelpreis-134.html,0,www.tagesschau.de,Ölpreise steigen: Krieg in Iran ist wieder Thema an der Börse,Nach den jüngsten Attacken auf Tanker in der Straße von Hormus hat das US-Militär Ziele in Iran angegriffen. Zudem wurden Sanktionen wieder in Kraft gesetzt. Die Reaktion an der Börse folgt prompt. <em>Von Claudia Wehrle. </em>,https://images.tagesschau.de/image/5bca3352-6870-4a05-874c-732b7a683a37/AAABnR9vgOI/AAABnSSvrFg/16x9-big/oel-184.jpg?width=1280,2026-07-08T13:04:04Z,,"Stand: 08.07.2026 15:04 Uhr
Nach den jüngsten Attacken auf Tanker in der Straße von Hormus hat das US-Militär Ziele in Iran angegriffen. Zudem wurden Sanktionen wieder in Kraft gesetzt. Die Reaktion… [+3969 chars]",,de,'Ölpreis'
https://www.zeit.de/news/2026-07/08/mehr-klagen-zu-windkraft-bei-bayerns-verwaltungsgerichten,https://www.zeit.de/news/2026-07/08/mehr-klagen-zu-windkraft-bei-bayerns-verwaltungsgerichten,0,www.zeit.de,Erneuerbare Energien: Mehr Klagen zu Windkraft bei Bayerns Verwaltungsgerichten,Hier finden Sie Informationen zu dem Thema „Erneuerbare Energien“. Lesen Sie jetzt „Mehr Klagen zu Windkraft bei Bayerns Verwaltungsgerichten“.,https://img.zeit.de/news/2026-07/08/mehr-klagen-zu-windkraft-bei-bayerns-verwaltungsgerichten-image-group/wide__1300x731,2026-07-08T13:21:47Z,,Nach der Aufhebung der umstrittenen 10H-Regel sind die Verwaltungsgerichte in Bayern immer häufiger mit Klagen um Windkraftanlagen konfrontiert. Es gebe mittlerweile eine relativ große Zahl solcher V… [+2009 chars],,de,'Erneuerbare'
https://www.faz.net/aktuell/finanzen/finanzmarkt/donald-trump-treibt-den-oelmarkt-dax-und-oelpreise-reagieren-201009275.html,https://www.faz.net/aktuell/finanzen/finanzmarkt/donald-trump-treibt-den-oelmarkt-dax-und-oelpreise-reagieren-201009275.html,0,www.faz.net,Fragiler Markt: Donald Trump lässt den Ölpreis steigen,"Der amerikanische Präsident stellt den Friedensprozess mit Iran infrage. Öl wird prompt teurer, der Dax gibt nach, Ölkonzerne profitieren. Im nächsten Jahr könnte es aber wieder ganz anders aussehen.",https://media0.faz.net/image/w1200h627/b4cea42ff591/w2835h1481x0y180o/202603/ef5964cf-2efe-4ae0-838c-c17e6a5a1201/iranisches-oel-unterliegt.webp,2026-07-08T13:48:31Z,,"Nach der Äußerung von Donald Trump, der Waffenstillstand mit Iran sei beendet, sind die Ölpreise am Mittwoch deutlich gestiegen. Der Preis für ein Barrel (159 Liter) der Nordseesorte Brent stieg zeit… [+4244 chars]",,de,'Ölpreis'
https://www.golem.de/sonstiges/zustimmung/auswahl.html?from=https://www.golem.de/news/haengender-beton-gravitationsspeicher-in-china-speichert-100-mwh-2607-210657.html&referer=https://t.co/28e1f2a3fe,https://www.golem.de/sonstiges/zustimmung/auswahl.html?from=https://www.golem.de/news/haengender-beton-gravitationsspeicher-in-china-speichert-100-mwh-2607-210657.html&referer=https://t.co/28e1f2a3fe,0,www.golem.de,Hängender Beton: Gravitationsspeicher in China speichert 100 MWh,"Ein beeindruckender fensterloser Turm in Ostchina speichert erneuerbare Energie dank Gravitation. Allein der Beton dafür kostet Millionen. (Energiewende, Akku)",,2026-07-08T13:59:01Z,,"Besuchen Sie Golem.de wie gewohnt mit Werbung und Tracking,
 indem Sie der Nutzung aller Cookies zustimmen.
 Details zum Tracking finden Sie im Privacy Center.
Skript wurde nicht geladen. Informat… [+607 chars]",,de,'Energiewende'
https://www.faz.net/aktuell/wirtschaft/mehr-wirtschaft/folge-des-iran-kriegs-iwf-rechnet-mit-noch-schwaecherem-wachstum-in-deutschland-201011086.html,https://www.faz.net/aktuell/wirtschaft/mehr-wirtschaft/folge-des-iran-kriegs-iwf-rechnet-mit-noch-schwaecherem-wachstum-in-deutschland-201011086.html,0,www.faz.net,Folgen des Irankrieges: IWF rechnet mit noch schwächerem Wachstum in Deutschland,Die Blockade der Straße von Hormus führt zu hohen Spritpreisen und steigender Inflation. Der Internationale Währungsfonds senkt deswegen erneut seine Erwartungen für Deutschland.,https://media0.faz.net/image/w1200h627/d1ebbd072190/w4252h2221x0y307o/202606/43601.0.2219321671/durchlebt-schwere-zeiten-die.webp,2026-07-08T13:59:41Z,,Angesichts der Folgen des Irankrieges senkt der Internationale Währungsfonds (IWF) erneut seine Wachstumsprognosen für die deutsche Wirtschaft. Bis einschließlich 2027 dürfte sich die Bundesrepublik … [+5631 chars],,de,'Inflation'
https://www.zeit.de/wirtschaft/2026-07/energiepolitik-waermepumpen-foerderung-energiewende-klimaschutz,https://www.zeit.de/wirtschaft/2026-07/energiepolitik-waermepumpen-foerderung-energiewende-klimaschutz,0,www.zeit.de,Deutsche Energiepolitik: Sie macht zu viel Klein-Klein,Wirtschaftsministerin Katherina Reiche kürzt die Fördersätze für Wärmepumpen. Endlich! Leider nur fehlt ihr und der Bundesregierung der Plan für eine echte Energiewende.,https://img.zeit.de/wirtschaft/2026-07/https-vivi-zeit-de-repository-wirtschaft-2026-07-energiepolitik-waermepumpen-foerderung-energiewende-klimaschutz/wide__1300x731,2026-07-08T16:28:32Z,,"Rund 2,1 Milliarden Euro will die Bundesregierung bei der Förderung von Wärmepumpen einsparen und es dauerte gerade mal zwei Stunden, bis die Empörungswelle von Grünen und Klimaschützern hochschwallt… [+977 chars]",,de,'Energiewende'
https://www.zeit.de/wirtschaft/2026-07/wohnungsbau-baukosten-standard-preis-bundesregierung,https://www.zeit.de/wirtschaft/2026-07/wohnungsbau-baukosten-standard-preis-bundesregierung,0,www.zeit.de,Wohnungsbau: Wir müssen endlich wieder einfacher bauen!,"Barrierefreiheit, Energieeffizienz, Schallschutz: Deutschland setzt auf absurd hohe Standards und bremst so den Wohnungsbau. Es ginge deutlich einfacher und günstiger.",https://img.zeit.de/wirtschaft/2026-07/wohnungsbau-baukosten-standard-preis-bundesregierung-bild/wide__1300x731,2026-07-08T17:09:30Z,,"Wer würde auf ein paar Steckdosen, einen Pkw-Stellplatz oder
den Keller verzichten? Wer würde in eine Wohnung mit etwas weniger Schallschutz
oder einem unbeheizten Treppenhaus ziehen? Wahrscheinlic… [+686 chars]",,de,'Energieeffizienz'
https://kaernten.orf.at/stories/3361830/,https://kaernten.orf.at/stories/3361830/,0,kaernten.orf.at,Momentum-Institut: Übergewinne für KELAG,Die Energiekrise hat in den letzten Jahren viele Haushalte und Unternehmen belastet. Die Kosten für Strom und Heizung schossen in die Höhe. Die Landesenergieversorger als Anbieter erzielten in den letzten Jahren trotz der Krise hohe Gewinne erzielt. Vorne mit…,https://ibs.orf.at/ktn?image=https%3A%2F%2Foekastatic.orf.at%2Fmims%2F2022%2F46%2F28%2Fcrops%2Fw%3D1200%2Ch%3D627%2Cq%3D75%2F1563256_master_571428_20221107_energiemangellage_uebung_00_01_06_06.jpg%3Fs%3D794ce041c8790fb7559f95ffdd24a2f003dcc8ec,2026-07-09T04:13:50Z,,353 Millionen Euro Gewinn hat der Kärntner Landesenergieversorger KELAG im letzten Jahr gemacht. Rechnet man die Gewinne aller Landesenergieversorger zusammen kommt man auf eine Summe von 2 Milliarde… [+1870 chars],,de,'Energiekrise'
https://www.tagesspiegel.de/wirtschaft/heizungsgesetz-abstimmung-im-bundestag-was-sich-beim-heizen-jetzt-andert-15825458.html,https://www.tagesspiegel.de/wirtschaft/heizungsgesetz-abstimmung-im-bundestag-was-sich-beim-heizen-jetzt-andert-15825458.html,0,www.tagesspiegel.de,Heizungsgesetz: Abstimmung im Bundestag: Was sich beim Heizen jetzt ändert,Die Union hat ihr Ziel erreicht: Das „Heizungsgesetz“ Habecks wird abgeschafft. Warum aber auch diese Reform umstritten ist - und warum es nach dem Bundestagsbeschluss noch spannend werden könnte.,https://www.tagesspiegel.de/images/15825457/alternates/BASE_16_9_W1400/1783650734000/handwerker.jpeg,2026-07-10T02:32:14Z,,Das Heizungsgesetz der früheren Ampel-Regierung ist bald Geschichte. Der Bundestag soll heute über das neue Gebäudemodernisierungsgesetz abstimmen. Damit sollen zentrale Regelungen des bestehenden Ge… [+5650 chars],,de,'Heizen'
https://www.nzz.ch/schweiz/atomkraft-oder-solarstrom-wer-braucht-mehr-staat-ld.10014706,https://www.nzz.ch/schweiz/atomkraft-oder-solarstrom-wer-braucht-mehr-staat-ld.10014706,0,www.nzz.ch,Atomkraft oder Solarstrom: Wer braucht mehr Subventionen?,Neue AKW sollen weniger auf staatliche Förderung angewiesen sein als Solaranlagen auf Dächern. Zu diesem Schluss kommt Economiesuisse. Doch die Rechnung stösst auf heftigen Widerspruch.,"https://img-msp-prod.nzz.ch/2026/07/09/b449d8fb-9e9f-481d-8370-530f0b4ec1a1.jpg?width=1200&height=674&fit=bounds&quality=75&auto=webp&crop=1300,731,x0,y0&wmark=nzz",2026-07-10T03:30:00Z,,"Neue AKW sollen weniger auf staatliche Förderung angewiesen sein als Solaranlagen auf Dächern. Zu diesem Schluss kommt Economiesuisse. Doch die Rechnung stösst auf heftigen Widerspruch.
Zusammenfass… [+5886 chars]",,de,'Photovoltaik'
https://www.focus.de/immobilien/wohnen/gaslage-schlimmer-als-oelpreise-das-kommt-auf-verbraucher-zu_b5b8e425-eb95-47db-839a-76ba7a1b5452.html,https://www.focus.de/immobilien/wohnen/gaslage-schlimmer-als-oelpreise-das-kommt-auf-verbraucher-zu_b5b8e425-eb95-47db-839a-76ba7a1b5452.html,0,www.focus.de,Gaslage schlimmer als Ölpreise: Das kommt auf Verbraucher zu,"Seit der Iran die Straße von Hormus wieder blockiert, steigen die Gaspreise stärker als die Ölpreise. Für Verbraucher könnte das ein Problem werden.","https://quadro.burda-forward.de/ctf/15b1743d-a334-4b16-8012-2a383d3ad7e3.a5c2761d-4718-4bf5-bc27-f14436c32dd8.jpg?im=RegionOfInterestCrop=(1200,630),regionOfInterest=(2056,1911)&hash=15212de0f2922121dd0033912fca1760b2fcf39387f1f1269e390abed2c31581",2026-07-10T05:43:00Z,,Um rund 20 Prozent sind die europäischen Gaspreise am niederländischen Handelspunkt TTF seit Ende Juni gestiegen. Allein in den vergangenen Tagen schossen sie um fünf Euro pro Megawattstunde nach obe… [+4032 chars],,de,'Ölpreis'
https://www.focus.de/immobilien/smart-meter-rechnet-sich-nach-10-jahren_b56866c4-887a-4471-82bf-3d91f1fcd683.html,https://www.focus.de/immobilien/smart-meter-rechnet-sich-nach-10-jahren_b56866c4-887a-4471-82bf-3d91f1fcd683.html,0,www.focus.de,"Smart-Meter: 10 Jahre dauert es, bis Solaranlage sich amortisiert",Das Smart-Meter-Rollout soll jetzt schon zwei Jahre früher beendet sein. Verbraucher können dabei Geld sparen.,"https://quadro.burda-forward.de/ctf/11900b7c-a009-4fe1-817d-87c933719757.56fa1288-8934-460a-ae92-fdecfe84e319.jpg?im=RegionOfInterestCrop=(1200,630),regionOfInterest=(1877,996)&hash=8738f3ff7cece30caa22e5f0afa3456f0d99979be89f8df6ac413912b36f28e7",2026-07-10T06:30:00Z,,"Smart-Meter sollen grundsätzlich den Stromverbrauch messen und können in Kombination mit spezieller Technik den eigenen Verbrauch optimieren. Wie viel das ist, ist hochindividuell. Eine Beispielfamil… [+7098 chars]",,de,'Energiekrise'
https://www.zeit.de/wirtschaft/2026-07/inflation-deutschland-juni-2026-inflationsrate-tankrabatt,https://www.zeit.de/wirtschaft/2026-07/inflation-deutschland-juni-2026-inflationsrate-tankrabatt,0,www.zeit.de,Statistisches Bundesamt: Tankrabatt ließ Inflationsrate im Juni sinken,Die Teuerung in Deutschland hat sich verlangsamt – auch wegen des inzwischen ausgelaufenen Tankrabatts. Auch wegen des Irankriegs rechnen Experten mit neuen Steigerungen.,https://img.zeit.de/wirtschaft/2026-07/inflation-deutschland-juni-2026-inflationsrate-tankrabatt-foto-1/wide__1300x731,2026-07-10T07:27:55Z,,"Der gesunkene Ölpreis und der Tankrabatt des Bundes haben im Juni die 
Preisentwicklung in Deutschland deutlich gebremst. Die 
Verbraucherpreise stiegen mit 2,3 Prozent im Vergleich zum 
Vorjahres… [+1690 chars]",,de,'Inflation'
https://www.tagesschau.de/wirtschaft/konjunktur/inflation-verbraucherpreise-deutschland-100.html,https://www.tagesschau.de/wirtschaft/konjunktur/inflation-verbraucherpreise-deutschland-100.html,0,www.tagesschau.de,Welche Preise besonders stark steigen und sinken,"Der gesunkene Ölpreis und der Tankrabatt haben die Preisentwicklung zuletzt entscheidend gedämpft. Zudem waren Nahrungsmittel teils deutlich günstiger, während sich einige Dienstleistungen verteuerten.",https://images.tagesschau.de/image/55126ba5-d2d4-4564-a53d-a93bb60a0e3e/AAABn0rKrLQ/AAABnSSvrFg/16x9-big/konsum-272.jpg?width=1280,2026-07-10T09:16:43Z,,"Stand: 10.07.2026 11:16 Uhr
Der gesunkene Ölpreis und der Tankrabatt haben die Preisentwicklung zuletzt entscheidend gedämpft. Zudem waren Nahrungsmittel teils deutlich günstiger, während sich einig… [+3438 chars]",,de,'Ölpreis'
https://www.zeit.de/politik/ausland/2026-07/infrastruktur-zukunftsgesetz-bundesrat-sondervermoegen-bauprojekte,https://www.zeit.de/politik/ausland/2026-07/infrastruktur-zukunftsgesetz-bundesrat-sondervermoegen-bauprojekte,0,www.zeit.de,Infrastruktur-Beschleunigung: Bundesrat beschließt Gesetz zum schnelleren Ausbau der Infrastruktur,Nach dem Bundestag stimmt auch der Bundesrat dem Infrastrukturgesetz zu. Bauvorhaben an Schienen oder Autobahnen sollen demnach priorisiert umgesetzt werden.,https://img.zeit.de/politik/ausland/2026-07/infrastruktur-zukunftsgesetz-bundesrat-sondervermoegen-bauprojekte-foto-1/wide__1300x731,2026-07-10T09:37:58Z,,"Der Bundesrat hat nach dem Bundestag das neue Infrastrukturgesetz beschlossen. Demnach sollen Bauprojekte von Autobahnen, Schienen und Wasserwegen schneller vorangebracht werden. »Wir brauchen dringe… [+1206 chars]",,de,'Ausbau'
https://www.tagesschau.de/wirtschaft/finanzen/investitionen-112.html,https://www.tagesschau.de/wirtschaft/finanzen/investitionen-112.html,0,www.tagesschau.de,Investitionen in Sicherheit schafft Tausende neue Jobs,"Drohnen, Panzer und Munition sind nicht alles. Den NATO-Ländern geht es auch um Investitionen in die sicherheitsrelevante Infrastruktur. Das könnte Tausende neue Jobs schaffen. Fragen bleiben.",https://images.tagesschau.de/image/81b63ade-cd73-413d-b7b7-d9eed5183a15/AAABloM8X-M/AAABnSSvrFg/16x9-big/sendungsbild-1539000.jpg?width=1280,2026-07-10T12:27:48Z,,"Stand: 10.07.2026 14:27 Uhr
Drohnen, Panzer und Munition sind nicht alles. Den NATO-Ländern geht es auch um Investitionen in die sicherheitsrelevante Infrastruktur. Das könnte Tausende neue Jobs sch… [+3628 chars]",,de,'Investitionen'
https://www.zeit.de/news/2026-07/10/erneuerbare-energien-netzanschluesse-gefragt-wie-noch-nie,https://www.zeit.de/news/2026-07/10/erneuerbare-energien-netzanschluesse-gefragt-wie-noch-nie,0,www.zeit.de,Ökostrom: Erneuerbare Energien: Netzanschlüsse gefragt wie noch nie,Hier finden Sie Informationen zu dem Thema „Ökostrom“. Lesen Sie jetzt „Erneuerbare Energien: Netzanschlüsse gefragt wie noch nie“.,https://img.zeit.de/news/2026-07/10/erneuerbare-energien-netzanschluesse-gefragt-wie-noch-nie-image-group/wide__1300x731,2026-07-10T14:46:05Z,,Der Boom bei Erneuerbaren Energien und Batteriespeichern führt aktuell zu einer nie dagewesenen Nachfrage nach Netzanschlüssen. Das berichtet das schleswig-holsteinische Stromversorgungsunternehmen S… [+3580 chars],,de,'Erneuerbare'
https://vorarlberg.orf.at/stories/3362116/,https://vorarlberg.orf.at/stories/3362116/,0,vorarlberg.orf.at,Kritik: Fördertopf war nach 36 Sekunden leer,"In der Photovoltaik-Branche herrscht Ärger über die Fördergeldvergabe. Im Juni fand der zweite sogenannte Fördercall statt. Das Problem: Innerhalb kurzer Zeit wurden so viele Anträge eingegeben, dass der Fördertopf nach 36 Sekunden leer war. Bundesweit bekame…",https://ibs.orf.at/vbg?image=https%3A%2F%2Foekastatic.orf.at%2Fmims%2F2026%2F12%2F91%2Fcrops%2Fw%3D1200%2Ch%3D627%2Cq%3D75%2F2971252_master_1148791_260316_pv_anlagen_00_01_42_11.jpg%3Fs%3Da80fe5e552de09232701f4978b42d3fd49e8e5b9,2026-07-10T15:56:52Z,,"Der Frust in der Photovoltaik-Branche ist groß. Wer sich seine Anlage fördern lassen will, muss sich online melden, beim sogenannten Fördercall. Und das geht nach dem Prinzip: Wer zuerst kommt, mahlt… [+3603 chars]",,de,'Photovoltaik'
https://www.faz.net/aktuell/politik/ausland/kuba-zweiter-landesweiter-blackout-in-nur-einer-woche-accg-201019902.html,https://www.faz.net/aktuell/politik/ausland/kuba-zweiter-landesweiter-blackout-in-nur-einer-woche-accg-201019902.html,0,www.faz.net,Blackout: Zweiter Stromausfall in einer Woche legt Kuba lahm,Kuba kämpft seit Jahren mit einer schweren Energiekrise. Das US-Ölembargo und die zunehmend marode Infrastruktur verschärfen die Lage.,https://media0.faz.net/image/w1200h627/86858957648a/w6144h3210x0y443o/202607/43601.0.2308160263/havanna-menschen-sitzen.webp,2026-07-11T00:22:38Z,,"Zum zweiten Mal innerhalb von nur vier Tagen ist es auf Kuba zu einem erneuten inselweiten Blackout gekommen. Wie das Energieministerium mitteilte, wurden die Notfallprotokolle zur Wiederherstellung … [+1133 chars]",,de,'Energiekrise'
https://www.sueddeutsche.de/panorama/kuba-stromausfall-energiekrise-us-sanktionen-li.3514192,https://www.sueddeutsche.de/panorama/kuba-stromausfall-energiekrise-us-sanktionen-li.3514192,0,www.sueddeutsche.de,Karibikstaat: Zweiter Blackout auf Kuba in einer Woche,Seit Jahren kämpft Kuba  mit einer schweren Energiekrise. Das Ölembargo der Trump-Regierung und die zunehmend marode Infrastruktur verschärfen die Lage.,https://www.sueddeutsche.de/2026/07/07/67ad9e48-f688-4ce8-ba60-0abd23e02285.jpg?q=60&fm=webp&width=1200&rect=0%2C107%2C2048%2C1152,2026-07-11T02:35:03Z,,"Der Zusammenbruch ereignete sich inmitten einer kritischen Energiekrise, unter der das Land bereits schwer zu leiden hat, schrieb Granma, die offizielle Zeitung der Kommunistischen Partei Kubas, auf … [+736 chars]",,de,'Energiekrise'
https://www.focus.de/immobilien/smart-meter-10-jahre-dauert-es-bis-die-solaranlage-sich-rechnet_b56866c4-887a-4471-82bf-3d91f1fcd683.html,https://www.focus.de/immobilien/smart-meter-10-jahre-dauert-es-bis-die-solaranlage-sich-rechnet_b56866c4-887a-4471-82bf-3d91f1fcd683.html,0,www.focus.de,"Smart-Meter: 10 Jahre dauert es, bis die Solaranlage sich rechnet",Das Smart-Meter-Rollout soll jetzt schon zwei Jahre früher beendet sein. Verbraucher können dabei Geld sparen.,"https://quadro.burda-forward.de/ctf/11900b7c-a009-4fe1-817d-87c933719757.56fa1288-8934-460a-ae92-fdecfe84e319.jpg?im=RegionOfInterestCrop=(1200,630),regionOfInterest=(1877,996)&hash=8738f3ff7cece30caa22e5f0afa3456f0d99979be89f8df6ac413912b36f28e7",2026-07-11T06:29:00Z,,"Smart-Meter sollen grundsätzlich den Stromverbrauch messen und können in Kombination mit spezieller Technik den eigenen Verbrauch optimieren. Wie viel das ist, ist hochindividuell. Eine Beispielfamil… [+7098 chars]",,de,'Energiekrise'
https://steiermark.orf.at/stories/3362109/,https://steiermark.orf.at/stories/3362109/,0,steiermark.orf.at,Kritik an zweitem Photovoltaik-Fördercall,Nur ein Bruchteil der eingereichten Photovoltaik-Projekte sind beim zweiten Fördercall des Bundes bewilligt worden – von fast 28.000 Anträgen kamen nur rund 3.000 Projekte zum Zug. Durch den hohen Andrang war die Förderung binnen kürzester Zeit vergriffen – w…,https://ibs.orf.at/stm?image=https%3A%2F%2Foekastatic.orf.at%2Fmims%2F2024%2F06%2F95%2Fcrops%2Fw%3D1200%2Ch%3D627%2Cq%3D75%2F2101545_master_794095_4fbce0d9-f4c7-43ad-9406-d425582db975.jpg%3Fs%3D7de83b4a1d41bf75426c28b80e8f7e5644b59149,2026-07-11T06:45:00Z,,"Etwas mehr als zehn Prozent der Projekte wurden bewilligt aufgrund des großen Andrangs und der begrenzten Mittel von zwölf Millionen Euro gelang es also nur einem Bruchteil der Projekte, Unterstützun… [+1465 chars]",,de,'Photovoltaik'
https://www.diepresse.com/36688363/zweiter-inselweiter-blackout-auf-kuba-in-einer-woche,https://www.diepresse.com/36688363/zweiter-inselweiter-blackout-auf-kuba-in-einer-woche,0,www.diepresse.com,Zweiter inselweiter Blackout auf Kuba in einer Woche,Aufgrund der maroden Infrastruktur und eines von den USA seit Monaten verhängten Ölembargos leidet die sozialistische Karibikinsel unter einer schweren Energiekrise.,https://img.diepresse.com/public/incoming/lqwwti-cuba-us-sanctions-energy/alternates/WEBP_WIDE_1200/CUBA-US-SANCTIONS-ENERGY,2026-07-11T08:33:25Z,,"Die Presse auf Google als bevorzugte Nachrichtenquelle hinzufügen.
 Zum zweiten Mal innerhalb von nur vier Tagen ist es auf Kuba zu einem inselweiten Blackout gekommen. Wie das Energieministerium mi… [+1203 chars]",,de,'Energiekrise'
https://www.n-tv.de/politik/Lommatzsch-Wir-wollten-Windkraft-unbedingt-ablehnen-und-bekommen-jetzt-das-Gegenteil-id31066791.html,https://www.n-tv.de/politik/Lommatzsch-Wir-wollten-Windkraft-unbedingt-ablehnen-und-bekommen-jetzt-das-Gegenteil-id31066791.html,0,www.n-tv.de,"Protest-Irrsinn in Lommatzsch: ""Wir wollten Windkraft unbedingt ablehnen und bekommen jetzt das Gegenteil""",Lommatzsch hat zwei Windparks und einen Solarpark. Für die hoch verschuldete Gemeinde ein Segen. Der Haushalt wird mit den Einnahmen aus den Erneuerbaren saniert. Doch Windkraft polarisiert. Aus Protest lehnt der Gemeinderat das Repowering alter Anlagen ab. L…,https://www.n-tv.de/img/31067241/1783599684/Img_16_9/1200/Blumenfelder-in-der-Lommatzscher-Pflege-Blumenfelder-in-der-Lommatzscher-Pflege-Die-wegen-ihrer-fruchtbaren-Boeden-als-Kornkammer-Sachsens-bekannte-Region-besitzt-dank-einer-gemeinsamen-Historie-bezeugt-durch-kulturlandschaftliche-Einheit-und-Baukultur-eine-starke-regionale-Identitaet.jpg,2026-07-11T12:28:27Z,,"Lommatzsch befindet sich inmitten der Lommatzscher Pflege, einer mittelsächsischen Hügellandschaft, die auch als ""Kornkammer Sachsens"" bekannt ist. (Foto: imago images/Sylvio Dittrich)
Lommatzsch ha… [+12726 chars]",,de,'Erneuerbare'
https://www.derstandard.at/story/3000000331081/zweiter-inselweiter-blackout-auf-kuba-in-einer-woche,https://www.derstandard.at/story/3000000331081/zweiter-inselweiter-blackout-auf-kuba-in-einer-woche,0,www.derstandard.at,Zweiter inselweiter Blackout auf Kuba in einer Woche,Die Karibikinsel leidet unter einer schweren Energiekrise aufgrund maroder Infrastruktur und eines von den USA seit Monaten verhängten Ölembargos,https://i.ds.at/UElQdQ/rs:fill:1200:600/plain/lido-images/2026/07/11/b73bda7a-336b-4314-b680-793bf74d8598.jpg,2026-07-11T14:29:20Z,,"Sie entscheiden darüber, wie Sie unsere Inhalte nutzen wollen. Ihr Gerät erlaubt uns derzeit leider nicht, die entsprechenden Optionen anzuzeigen.
Bitte deaktivieren Sie sämtliche Hard- und Software… [+180 chars]",,de,'Energiekrise'
https://www.zeit.de/news/2026-07/12/lies-sorgt-sich-um-offshore-ausbau-kleine-akws-unsinn,https://www.zeit.de/news/2026-07/12/lies-sorgt-sich-um-offshore-ausbau-kleine-akws-unsinn,0,www.zeit.de,Energiewende: Lies sorgt sich um Offshore-Ausbau – Kleine AKWs «Unsinn»,Hier finden Sie Informationen zu dem Thema „Energiewende“. Lesen Sie jetzt „Lies sorgt sich um Offshore-Ausbau – Kleine AKWs «Unsinn»“.,https://img.zeit.de/news/2026-07/12/lies-sorgt-sich-um-offshore-ausbau-kleine-akws-unsinn-image-group/wide__1300x731,2026-07-12T03:30:05Z,,"Niedersachsens Ministerpräsident Olaf Lies fordert von der Bundesregierung mehr Tempo für die Energiewende. «Im Moment habe ich die Sorge, dass man in Berlin aus dem Analysemodus noch nicht rauskommt… [+2438 chars]",,de,'Energiewende'
https://www.autobild.de/artikel/bei-vw-maehnen-kuenftig-schafe-den-rasen-28719037.html,https://www.autobild.de/artikel/bei-vw-maehnen-kuenftig-schafe-den-rasen-28719037.html,0,www.autobild.de,"Diese neuen ""VW-Mitarbeiter"" arbeiten für Futter statt Gehalt",Volkswagen schafft die Rasenmäher ab: Im VW-Werk Poznań mähen künftig 100 Schafe das Gras unter Tausenden Solarpanels. Das steckt dahinter!,https://i.auto-bild.de/ir_img/4/0/8/2/3/2/5/Volkswagenwerk-in-Polen-nutzt-Agri-Photovoltaik-mit-Schafen-2869-2081x1171-8e1f3f9a014eca8a.jpg?impolicy=og_images,2026-07-12T04:15:00Z,,"Dass VW gerade so richtig an etwas zu knabbern hat, ist seit der Bekanntgabe möglicher Werksschließungen und eines immensen Stellenabbaus kein Geheimnis mehr. Umso schöner, wenn man beim Thema ""Knabb… [+2301 chars]",,de,'Solar'
https://www.n-tv.de/wissen/Heizen-mit-Sommerwaerme-Wie-kuenstliche-Seen-Haeuser-im-Winter-warm-halten-koennen-id31061159.html,https://www.n-tv.de/wissen/Heizen-mit-Sommerwaerme-Wie-kuenstliche-Seen-Haeuser-im-Winter-warm-halten-koennen-id31061159.html,0,www.n-tv.de,Künstlicher See als Speicher: Wie Sommerhitze im Winter zum Heizen genutzt werden kann,"Warum nicht Wärme im Sommer speichern und dann im Winter zum Heizen nutzen? Seespeicher sollen genau das machen, die ersten entstehen bereits in Deutschland. Die Abhängigkeit von fossilen Energien wird verringert. Doch das hat seinen Preis.",https://www.n-tv.de/img/31061396/1783507164/Img_16_9/1200/Riff-Erdbeckenspeicher-Solarwärme Bracht.jpg,2026-07-12T07:57:16Z,,"Der Erdbeckenspeicher im mittelhessischen Bracht misst 90 mal 90 Meter. (Foto: Solarwärme Bracht)
Warum nicht Wärme im Sommer speichern und dann im Winter zum Heizen nutzen? Seespeicher sollen genau… [+5606 chars]",,de,'Winter'
https://www.faz.net/aktuell/rhein-main/frankfurt/frankfurt-kommunale-waermeplanung-verfehlt-stichtag-accg-201015430.html,https://www.faz.net/aktuell/rhein-main/frankfurt/frankfurt-kommunale-waermeplanung-verfehlt-stichtag-accg-201015430.html,0,www.faz.net,Kommunale Wärmeplanung: Nur Frankfurt verfehlt Stichtag,"Alle deutschen Großstädte haben bis zum 30. Juni eine Wärmeplanung erarbeiten müssen. Die zeigt auf, wie bis 2045 die Energiewende möglich ist. Eine hat das Ziel verpasst.",https://media0.faz.net/image/w1200h627/547b2796d842/w1997h1043x0y891o/202503/43601.0.1356443369/ausbau-des-fernwaermenetzes-in.webp,2026-07-12T12:44:28Z,,"Frankfurt hat als einzige hessische Großstadt nicht bis zum Stichtag 30. Juni eine kommunale Wärmeplanung erarbeitet und beschlossen. Ob Hamburg, Berlin, München, Hannover, Mainz oder Karlsruhe, sie … [+5635 chars]",,de,'Energiewende'
https://www.faz.net/aktuell/politik/ausland/liveblog-irankrieg-neue-us-angriffswelle-gegen-iran-erstmals-seedrohne-im-einsatz-faz-200583539.html,https://www.faz.net/aktuell/politik/ausland/liveblog-irankrieg-neue-us-angriffswelle-gegen-iran-erstmals-seedrohne-im-einsatz-faz-200583539.html,0,www.faz.net,Liveblog Irankrieg: Neue US-Angriffswelle gegen Iran – erstmals Seedrohne im Einsatz,Ölpreis steigt +++ Iranische Staatsmedien: Toter durch US-Angriffe +++ US-Militär: Angriffe sollen iranische Attacken auf Handelsschiffe verhindern +++ Iran meldet Angriffe auf US-Stützpunkte +++  alle Entwicklungen im Liveblog,https://media0.faz.net/image/w1200h627/ac5de693cc8a/w3840h2006x0y77o/202607/43601.0.2327485529/ein-projektil-wird-von-den-usa.webp,2026-07-13T04:15:46Z,,Eine auflagenstarke Tageszeitung in Iran hat eine Infografik mit Racheaufrufen gegen Politiker aus dem Westen veröffentlicht. Auf ihrer Website publizierte das Blatt Hamshahri aus der Hauptstadt Tehe… [+900 chars],,de,'Ölpreis'
https://www.zeit.de/news/2026-07/13/oelpreise-ziehen-deutlich-an-weitere-us-angriffe-am-golf,https://www.zeit.de/news/2026-07/13/oelpreise-ziehen-deutlich-an-weitere-us-angriffe-am-golf,0,www.zeit.de,Rohstoffe: Ölpreise ziehen deutlich an - weitere US-Angriffe am Golf,Hier finden Sie Informationen zu dem Thema „Rohstoffe“. Lesen Sie jetzt „Ölpreise ziehen deutlich an - weitere US-Angriffe am Golf“.,https://img.zeit.de/news/2026-07/13/oelpreise-ziehen-deutlich-an-weitere-us-angriffe-am-golf-image-group/wide__1300x731,2026-07-13T06:24:44Z,,Die Ölpreise haben am Montag nach einer weiteren Angriffswelle des US-Militärs deutlich zugelegt. Ein Barrel (159 Liter) der Referenzsorte Brent zur Lieferung im September legte im frühen Handel zule… [+1619 chars],,de,'Ölpreis'
https://www.zeit.de/wirtschaft/2026-07/usa-iran-angriffe-golf-strasse-von-hormus-oelpreis,https://www.zeit.de/wirtschaft/2026-07/usa-iran-angriffe-golf-strasse-von-hormus-oelpreis,0,www.zeit.de,USA und Iran: Ölpreise steigen nach neuen Angriffen am Golf,Die neuen US-Angriffe auf den Iran und iranische Attacken in der Golfregion lassen den Ölpreis steigen. Der Anstieg ist aber deutlich geringer als zu Beginn des Krieges.,https://img.zeit.de/wirtschaft/2026-07/persischer-golf-strasse-von-hormus-iran-oelpreis-foto-1/wide__1300x731,2026-07-13T06:39:10Z,,"Nach den neuen Angriffen der USA auf den Iran und iranischen Attacken in der Golfregion ist der Ölpreis gestiegen. Ein Barrel (159 Liter) der Nordseesorte Brent verteuerte sich um 3,3 Prozent auf 78,… [+915 chars]",,de,'Ölpreis'
https://www.faz.net/aktuell/politik/ausland/liveblog-irankrieg-iran-sieht-sich-bei-us-verstoessen-nicht-mehr-an-rahmenabkommen-gebunden-faz-200583539.html,https://www.faz.net/aktuell/politik/ausland/liveblog-irankrieg-iran-sieht-sich-bei-us-verstoessen-nicht-mehr-an-rahmenabkommen-gebunden-faz-200583539.html,0,www.faz.net,Liveblog Irankrieg: Iran sieht sich bei US-Verstößen nicht mehr an Rahmenabkommen gebunden,Baghaei: Vertragsbrüche gingen jedes Mal von Washington aus +++ Neue US-Angriffswelle gegen Iran – erstmals Seedrohne im Einsatz +++ Ölpreis steigt +++  alle Entwicklungen im Liveblog,https://media0.faz.net/image/w1200h627/7ea3bfe6e871/w4602h2404x281y832o/202607/43601.0.2317217786/esmail-baghai-sprecher-des.webp,2026-07-13T08:30:18Z,,"Das US-Militär greift nach eigenen Angaben abermals Ziele in Iran an. Damit solle die Fähigkeit des Landes geschwächt werden, zivile Seeleute und Handelsschiffe bei der Durchfahrt durch die Straße vo… [+680 chars]",,de,'Ölpreis'
https://www.welt.de/videos/video6a54c42ffa6efd2265aa6955/boerse-am-mittag-wir-erleben-dass-boersen-mit-diesen-krisen-relativ-gut-umgehen.html,https://www.welt.de/videos/video6a54c42ffa6efd2265aa6955/boerse-am-mittag-wir-erleben-dass-boersen-mit-diesen-krisen-relativ-gut-umgehen.html,0,www.welt.de,"„Wir erleben, dass Börsen mit diesen Krisen relativ gut umgehen“","Die erneute Eskalation zwischen den USA und dem Iran treibt den Ölpreis nach oben. Folker Hellmeyer, Chefvolkswirt von Netfonds, spricht mit Dietmar Deffner über die Unsicherheit an den Märkten und erklärt, worauf Anleger achten sollten.",https://images.welt.de/6a54c42ffa6efd2265aa6955/52c36dad1faf94b47941ba901c71b9b6/ci16x9-w1200/bam-png,2026-07-13T11:15:14Z,,"Die erneute Eskalation zwischen den USA und dem Iran treibt den Ölpreis nach oben. Folker Hellmeyer, Chefvolkswirt von Netfonds, spricht mit Dietmar Deffner über die Unsicherheit an den Märkten und e… [+97 chars]",,de,'Ölpreis'
https://www.sueddeutsche.de/wirtschaft/oelpreis-konflikt-iran-usa-auswirkungen-boerse-benzinpreise-li.3515067,https://www.sueddeutsche.de/wirtschaft/oelpreis-konflikt-iran-usa-auswirkungen-boerse-benzinpreise-li.3515067,0,www.sueddeutsche.de,Iran-Konflikt: Steigender Ölpreis belastet Wirtschaft und Sommerurlauber,Wegen der erneuten Eskalation zwischen Iran und den USA wird das Rohöl wieder teurer. Das spürt man an der Tankstelle und den Börsen.,https://www.sueddeutsche.de/2026/07/13/d99e07fa-c23c-4727-a700-6ec9f5ff44d8.jpg?q=60&fm=webp&width=1200&rect=0%2C209%2C4000%2C2250,2026-07-13T12:30:16Z,,Iran und die USA haben sich wieder gegenseitig angegriffen und prompt ist der Ölpreis erneut gestiegen. Um etwa drei Prozent legte der Preis für ein Barrel der Nordseesorte Brent am Montagvormittag z… [+515 chars],,de,'Ölpreis'
https://www.faz.net/aktuell/politik/ukraine/ukraine-liveticker-europa-staerkt-ukraine-neues-buendnis-fuer-raketenabwehr-faz-110683325.html,https://www.faz.net/aktuell/politik/ukraine/ukraine-liveticker-europa-staerkt-ukraine-neues-buendnis-fuer-raketenabwehr-faz-110683325.html,0,www.faz.net,Liveblog Ukrainekrieg: Europa stärkt Ukraine – neues Bündnis für Raketenabwehr,Selenskyj wirbt für Investitionen in Raketenabwehrprogramm +++ Russischer Kriegsgegner Boris Nadjeschdin festgenommen +++ Deutscher Botschafter in Moskau einbestellt +++ alle Neuigkeiten im Liveblog,https://media0.faz.net/image/w1200h627/f6b23d3a7c10/w6000h3135x0y745o/202607/43601.0.2331621157/treffen-der-sogenannten.webp,2026-07-13T16:33:33Z,,"Der deutsche Botschafter Alexander Graf Lambsdorff ist ins russische Außenministerium einbestellt worden. Das Ministerium informierte in den sozialen Netzwerken über die Einbestellung, nannte aber zu… [+1967 chars]",,de,'Investitionen'
https://www.welt.de/wirtschaft/video6a550cb269ce9e04fa236166/neue-eskalation-am-golf-die-oel-lager-sind-enorm-leer.html,https://www.welt.de/wirtschaft/video6a550cb269ce9e04fa236166/neue-eskalation-am-golf-die-oel-lager-sind-enorm-leer.html,0,www.welt.de,„Die Öl-Lager sind enorm leer“,"Die Eskalation zwischen den USA und dem Iran treibt den Ölpreis auf fast 80 Dollar. US-Präsident Trump fordert 20 Prozent Wegezoll für Frachten durch die Straße von Hormus. „Wir sind anfälliger für einen höheren Ölpreis als vor drei Monaten“, sagt Ascan Iredi…",https://images.welt.de/6a550cb269ce9e04fa236166/9a51ed0cbaf5af5acc231111a25a8790/ci16x9-w1200/iredi-png,2026-07-13T18:51:01Z,,Die Eskalation zwischen den USA und dem Iran treibt den Ölpreis auf fast 80 Dollar. US-Präsident Trump fordert 20 Prozent Wegezoll für Frachten durch die Straße von Hormus. Wir sind anfälliger für ei… [+170 chars],,de,'Ölpreis'
https://www.diepresse.com/36515764/es-gilt-jetzt-energiesysteme-der-zukunft-zu-bauen,https://www.diepresse.com/36515764/es-gilt-jetzt-energiesysteme-der-zukunft-zu-bauen,0,www.diepresse.com,Es gilt jetzt Energiesysteme der Zukunft zu bauen,"Erneuerbare wie die Windkraft sind Schlüsselfaktor für saubere und sichere, heimische Energie. Sie stärken die Unabhängigkeit, regionale Wertschöpfung und Resilienz gegenüber ausländischen Lieferanten.",https://img.diepresse.com/public/incoming/7iv2jt-001rudolph17607jpg/alternates/DPR_SOCIAL_SPONSORED/001_Rudolph_17607.jpg,2026-07-13T22:01:00Z,,"Die Presse auf Google als bevorzugte Nachrichtenquelle hinzufügen.
 Die weltpolitischen Verwerfungen zeigen, wie verwundbar Europa und damit auch Österreich geworden ist. Kriege, geopolitische Spann… [+9635 chars]",,de,'Erneuerbare'
https://www.zeit.de/wirtschaft/2026-07/solarenergie-eu-strom-quellen-rekord,https://www.zeit.de/wirtschaft/2026-07/solarenergie-eu-strom-quellen-rekord,0,www.zeit.de,Solarenergie in der EU: Neuer Solarstromrekord in Deutschland im Mai und Juni,In den zwei zurückliegenden Monaten ist in Deutschland mehr Solarstrom gewonnen worden als je zuvor. Sonnenenergie war im Juni zudem die größte Stromquelle in der EU.,https://img.zeit.de/wirtschaft/2026-07/klausurtagung-der-gruenen-bundestagsfraktion-solarthermie-bild/wide__1300x731,2026-07-13T23:22:46Z,,Noch nie ist in Deutschland so viel Sonnenstrom erzeugt worden wie in den vergangenen beiden Monaten. Im Mai und Juni 2026 kam jeweils mindestens ein Drittel des Stroms aus der Sonnenkraft. Das ergab… [+1161 chars],,de,'Wasserkraft'
https://www.zeit.de/news/2026-07/14/irankrieg-und-berliner-sparplaene-loesen-solarboom-aus,https://www.zeit.de/news/2026-07/14/irankrieg-und-berliner-sparplaene-loesen-solarboom-aus,0,www.zeit.de,Energieversorgung: Irankrieg und Berliner Sparpläne lösen Solarboom aus,Hier finden Sie Informationen zu dem Thema „Energieversorgung“. Lesen Sie jetzt „Irankrieg und Berliner Sparpläne lösen Solarboom aus“.,https://img.zeit.de/news/2026-07/14/irankrieg-und-berliner-sparplaene-loesen-solarboom-aus-image-group/wide__1300x731,2026-07-14T03:10:04Z,,Der Irankrieg und Kürzungspläne der Bundesregierung haben den Ausbau der Solarenergie in Deutschland im ersten Halbjahr befeuert. Nach vorläufigen Zahlen gingen von Anfang Januar bis Ende Juni neue S… [+1472 chars],,de,'Solar'
https://www.tagesspiegel.de/wirtschaft/energieversorgung-irankrieg-und-berliner-sparplane-losen-solarboom-aus-15835253.html,https://www.tagesspiegel.de/wirtschaft/energieversorgung-irankrieg-und-berliner-sparplane-losen-solarboom-aus-15835253.html,0,www.tagesspiegel.de,Energieversorgung: Irankrieg und Berliner Sparpläne lösen Solarboom aus,Deutschlands Solarinstallateure haben derzeit alle Hände voll zu tun. Die Sonderkonjunktur ist auf den Irankrieg und die Bundespolitik zurückzuführen.,https://www.tagesspiegel.de/images/15835252/alternates/BASE_16_9_W1400/1783998684000/solaranlagen-auf-dachern.jpeg,2026-07-14T03:11:24Z,,Der Irankrieg und Kürzungspläne der Bundesregierung haben den Ausbau der Solarenergie in Deutschland im ersten Halbjahr befeuert. Nach vorläufigen Zahlen gingen von Anfang Januar bis Ende Juni neue S… [+1526 chars],,de,'Solar'
https://www.zeit.de/wirtschaft/2026-07/erneuerbare-energie-wind-solar-strom-eeg,https://www.zeit.de/wirtschaft/2026-07/erneuerbare-energie-wind-solar-strom-eeg,0,www.zeit.de,Erneuerbare Energien: Ist das jetzt die Reiche-Delle?,"Der Ausbau von Wind- und Solaranlagen kommt nur schleppend voran, auch weil die neue Förderung unklar ist. Dafür erlebt Deutschland einen Boom bei Batteriespeichern.",https://img.zeit.de/wirtschaft/2026-07/erneuerbare-energie-wind-solar-strom-eeg-bild/wide__1300x731,2026-07-14T03:38:01Z,,"Es gibt sicher nicht viele Minister, nach denen ein zahlenmäßiger Einbruch benannt wurde. Peter Altmaier, dem ehemaligen Chef des Wirtschaftsressorts, kommt diese zweifelhafte Ehre zuteil: In seiner … [+417 chars]",,de,'Solar'
https://www.mobiflip.de/mercedes-setzt-bei-elektrischer-c-klasse-nicht-auf-deutschland/,https://www.mobiflip.de/mercedes-setzt-bei-elektrischer-c-klasse-nicht-auf-deutschland/,0,www.mobiflip.de,Mercedes setzt bei elektrischer C-Klasse nicht auf Deutschland,"Start der elektrischen C-Klasse, ein Ausbau von 200.000 auf 400.000 Modelle pro Jahr und die Ankündigung eines exklusiven Modells (kompakte G-Klasse), damit wirbt Mercedes heute, allerdings nicht für den deutschen …",https://www.mobiflip.de/wp-content/uploads/2026/07/mercedes-c-klasse-elektro-produktion-header.jpg,2026-07-14T04:48:59Z,,"Start der elektrischen C-Klasse, ein Ausbau von 200.000 auf 400.000 Modelle pro Jahr und die Ankündigung eines exklusiven Modells (kompakte G-Klasse), damit wirbt Mercedes heute, allerdings nicht für… [+911 chars]",,de,'Ausbau'
https://www.tagesschau.de/wirtschaft/finanzen/marktberichte/marktbericht-dax-dow-jones-boerse-162.html,https://www.tagesschau.de/wirtschaft/finanzen/marktberichte/marktbericht-dax-dow-jones-boerse-162.html,0,www.tagesschau.de,Marktbericht: Hält sich der DAX über 25.000 Punkten?,Die jüngste Entwicklung im Nahost-Konflikt setzt den Aktienmärkten weltweit zu. Die Ankündigung einer neuen Blockade iranischer Häfen durch US-Präsident Trump trieb zudem die Ölpreise in die Höhe.,https://images.tagesschau.de/image/b19e9d58-9935-4067-a655-d494e13c64cc/AAABn1pWFaE/AAABnSSvrFg/16x9-big/boerse-522.jpg?width=1280,2026-07-14T05:36:26Z,,"Stand: 14.07.2026 07:36 Uhr
Die jüngste Entwicklung im Nahost-Konflikt setzt den Aktienmärkten weltweit zu. Die Ankündigung einer neuen Blockade iranischer Häfen durch US-Präsident Trump trieb zudem… [+5278 chars]",,de,'Ölpreis'
https://www.tagesspiegel.de/wirtschaft/rekord-fur-erneuerbare-energie-ein-drittel-des-stroms-in-deutschland-durch-solarkraft-erzeugt-15835390.html,https://www.tagesspiegel.de/wirtschaft/rekord-fur-erneuerbare-energie-ein-drittel-des-stroms-in-deutschland-durch-solarkraft-erzeugt-15835390.html,0,www.tagesspiegel.de,Rekord für erneuerbare Energie: Ein Drittel des Stroms in Deutschland durch Solarkraft erzeugt,"im Mai und Juni ist mithilfe der Sonne mehr Strom erzeugt worden als je zuvor, auch EU-weit gab es einen neuen Höchstwert. Wegen der Hitze war die Nachfrage zuletzt hoch.",https://www.tagesspiegel.de/images/15672955/alternates/BASE_16_9_W1400/1780485397000/solarenergie.jpeg,2026-07-14T05:57:32Z,,Die regenerative Energie liefert: In den beiden vergangenen Monaten ist in Deutschland so viel Strom aus Solarenergie gewonnen worden wie nie zuvor. In den beiden Monaten kam ein Anteil von 33 Prozen… [+1496 chars],,de,'Solar'
https://www.n-tv.de/wirtschaft/Solaranlagen-boomen-in-Deutschland-id31082661.html,https://www.n-tv.de/wirtschaft/Solaranlagen-boomen-in-Deutschland-id31082661.html,0,www.n-tv.de,Deutlich mehr als im Vorjahr: Solaranlagen boomen in Deutschland,Eigentlich hatten private Hausbesitzer zuletzt weniger in Solaranlagen investiert. Doch das ändert sich in diesem Jahr - ausgerechnet auch wegen US-Präsident Trump und Wirtschaftsministerin Reiche.,https://www.n-tv.de/img/31082665/1784015425/Img_16_9/1200/PHOTOPQR-L-ALSACE-Jean-Marc-LOOS-Strasbourg-12-06-2026-Des-techniciens-installent-des-panneaux-photovoltaiques-sur-le-toit-d-une-maison-particuliere-a-Strasbourg-le-12-juin-2026.jpg,2026-07-14T06:45:27Z,,"Einträgliches Geschäft: Ein Mann installiert eine Solaranlage auf einem Dach. (Foto: picture alliance / PHOTOPQR/L'ALSACE/MAXPPP)
Eigentlich hatten private Hausbesitzer zuletzt weniger in Solaranlag… [+1987 chars]",,de,'Solar'
https://www.diepresse.com/37092656/photovoltaik-foerdercall-binnen-33-sekunden-ausgeschoepft,https://www.diepresse.com/37092656/photovoltaik-foerdercall-binnen-33-sekunden-ausgeschoepft,0,www.diepresse.com,Photovoltaik-Fördercall binnen 33 Sekunden ausgeschöpft,"Der Topf für Investitionszuschüsse für Photovoltaikanlagen wurde beim jüngsten
Fördercall innerhalb von 33 Sekunden ausgeschöpft. Kritik am Fördersystem gibt es von der Bundesinnung der Elektrotechnik.",https://img.diepresse.com/public/incoming/1uba8y-kein-titel/alternates/WEBP_WIDE_1200/kein%20Titel,2026-07-14T06:47:08Z,,"Die Presse auf Google als bevorzugte Nachrichtenquelle hinzufügen.
 Die Bundesinnung der Elektrotechnik in der Wirtschaftskammer (WKÖ) hat das Fördersystem für Investitionszuschüsse zu Photovoltaika… [+2574 chars]",,de,'Photovoltaik'
https://www.telepolis.de/article/Bundeswehr-Ausbau-Wie-neue-Kasernen-den-zivilen-Wohnungsbau-ausbremsen-11363765.html,https://www.telepolis.de/article/Bundeswehr-Ausbau-Wie-neue-Kasernen-den-zivilen-Wohnungsbau-ausbremsen-11363765.html,0,www.telepolis.de,Bundeswehr-Ausbau: Wie neue Kasernen den zivilen Wohnungsbau ausbremsen,Kasernen statt Wohnraum? Das Verteidigungsministerium stoppt kommunale Bauprojekte in Speyer und Kiel. Entschädigungen lehnt Pistorius ab.,https://heise.cloudimg.io/bound/1200x1200/q85.png-lossy-85.webp-lossy-85.foil1/_www-heise-de_/imgs/18/5/1/1/6/3/3/1/Master_Bundeswehr-546a6f8f11832a7f.jpg,2026-07-14T07:00:00Z,,"Bild: Shutterstock.com
Kasernen statt Wohnraum? Das Verteidigungsministerium stoppt kommunale Bauprojekte in Speyer und Kiel. Entschädigungen lehnt Pistorius ab.
Die Bundeswehr soll wachsen von akt… [+12152 chars]",,de,'Ausbau'
"https://www.gamepro.de/artikel/speicherkrise-strom-transformatoren,3456293.html","https://www.gamepro.de/artikel/speicherkrise-strom-transformatoren,3456293.html",0,www.gamepro.de,Trends - Nach RAM wird jetzt das nächste Bauteil knapp – mit möglichen Folgen für unser Stromnetz,Der KI-Boom und die Energiewende haben den Bau von Leistungstransformatoren an seine Grenzen gebracht.,https://images.cgames.de/images/gamestar/293/transformator-gs-bildquelle-american-public-power-association-unsplash_6428942.jpg,2026-07-14T07:35:00Z,,"Netzbetreiber und Firmen müssen mittlerweile bis zu vier Jahre auf neue Transformatoren warten.
(Bildquelle: American Public Power Association )
Während die Welt gebannt auf die rasanten Fortschrit… [+2728 chars]",,de,'Energiewende'
https://www.computerbase.de/news/wirtschaft/dram-ausbauplaene-im-detail-viel-zusaetzliche-kapazitaet-bis-2030-ist-dennoch-nicht-genug.98380/,https://www.computerbase.de/news/wirtschaft/dram-ausbauplaene-im-detail-viel-zusaetzliche-kapazitaet-bis-2030-ist-dennoch-nicht-genug.98380/,0,www.computerbase.de,DRAM-Ausbaupläne im Detail: Viel zusätzliche Kapazität bis 2030 ist dennoch nicht genug,"Die DRAM-Hersteller rüsten massiv auf. Geplant sind umfangreiche Kapazitäts­erweiterungen bis 2030, aber selbst diese werden wohl nicht ausreichen. Laut Aussagen von SK Hynix frage die Kundschaft aktuell effektiv nach der fünffachen Menge des heutigen Stands,…",https://pics.computerbase.de/1/2/3/7/7/2-18824adb6258e544/article-1280x720.f8370a2f.jpg,2026-07-14T11:08:00Z,,"Die DRAM-Hersteller rüsten massiv auf. Geplant sind umfangreiche Kapazitäts­erweiterungen bis 2030, aber selbst diese werden wohl nicht ausreichen. Laut Aussagen von SK Hynix frage die Kundschaft akt… [+5818 chars]",,de,'Ausbau'
https://www.nzz.ch/wirtschaft/iran-krieg-trump-fordert-maut-der-usa-in-der-strasse-von-hormuz-ld.10015399,https://www.nzz.ch/wirtschaft/iran-krieg-trump-fordert-maut-der-usa-in-der-strasse-von-hormuz-ld.10015399,0,www.nzz.ch,Trump will eine eigene Maut für die Strasse von Hormuz – und der Ölpreis setzt seinen steilen Anstieg fort,Einen Wegzoll Irans lehnen die USA ab. Jetzt möchte der US-Präsident eine eigene Gebühr einführen. Die Höhe wirkt absurd.,"https://img-msp-prod.nzz.ch/2026/07/14/f4d7e971-3db2-481a-9681-c84e26560608.jpg?width=1200&height=675&fit=bounds&quality=75&auto=webp&crop=5500,3094,x0,y83&wmark=nzz",2026-07-14T11:55:00Z,,"Einen Wegzoll Irans lehnen die USA ab. Jetzt möchte der US-Präsident eine eigene Gebühr einführen. Die Höhe wirkt absurd.
Zusammenfassung
Er ist rechtzeitig rausgekommen: ein Öltanker aus den Verei… [+5632 chars]",,de,'Ölpreis'
https://www.golem.de/sonstiges/zustimmung/auswahl.html?from=https://www.golem.de/news/photovoltaik-extreme-hitze-senkt-solarleistung-um-bis-zu-90-prozent-2607-210851.html&referer=https://t.co/801a4e55e6,https://www.golem.de/sonstiges/zustimmung/auswahl.html?from=https://www.golem.de/news/photovoltaik-extreme-hitze-senkt-solarleistung-um-bis-zu-90-prozent-2607-210851.html&referer=https://t.co/801a4e55e6,0,www.golem.de,Photovoltaik: Extreme Hitze senkt Solarleistung um bis zu 90 Prozent,"Daten vorangegangener Hitzewellen zeigen, dass Solarzellen in den heißesten Stunden kaum Strom einspeisen. Das liegt nur zum Teil an den Modulen. (Klimakrise, Solarenergie)",,2026-07-14T12:01:02Z,,"Besuchen Sie Golem.de wie gewohnt mit Werbung und Tracking,
 indem Sie der Nutzung aller Cookies zustimmen.
 Details zum Tracking finden Sie im Privacy Center.
Skript wurde nicht geladen. Informat… [+607 chars]",,de,'Photovoltaik'
https://www.welt.de/wirtschaft/video6a56165eabebfcc04eaabb17/neue-eskalation-am-golf-glaube-am-ende-werden-wir-einen-deal-sehen.html,https://www.welt.de/wirtschaft/video6a56165eabebfcc04eaabb17/neue-eskalation-am-golf-glaube-am-ende-werden-wir-einen-deal-sehen.html,0,www.welt.de,"„Glaube, am Ende werden wir einen Deal sehen“","Die Eskalation am Persischen Golf treibt den Ölpreis und belastet die Märkte und ein Ende des Krieges scheint noch nicht in Sicht. „Wir werden zwischenzeitlich eine Menge Volatilität sehen“, sagt Commerzbank-Chefvolkswirt Jörg Krämer bei Dietmar Deffner.",https://images.welt.de/6a56165eabebfcc04eaabb17/5c25e8c366951391e83072eb0d45f9bc/ci16x9-w1200/boerse-1407-png,2026-07-14T12:12:46Z,,"Die Eskalation am Persischen Golf treibt den Ölpreis und belastet die Märkte und ein Ende des Krieges scheint noch nicht in Sicht. Wir werden zwischenzeitlich eine Menge Volatilität sehen, sagt Comme… [+112 chars]",,de,'Ölpreis'
https://www.tagesschau.de/wirtschaft/finanzen/marktberichte/marktbericht-usa-iran-oelpreis-hormus-100.html,https://www.tagesschau.de/wirtschaft/finanzen/marktberichte/marktbericht-usa-iran-oelpreis-hormus-100.html,0,www.tagesschau.de,Marktbericht: Trump treibt die Ölpreise wieder nach oben,Der US-Präsident will erneut die Straße von Hormus blockieren. Nach einem Zehn-Prozent-Sprung gestern klettern die Ölpreise heute weiter. Auch für Finanzprofis wird eine neuer Kriegsausbruch wahrscheinlicher.,https://images.tagesschau.de/image/980234e6-88b2-45c0-8bcc-82cdefb5ffe4/AAABn1_6o8Y/AAABnSSvrFg/16x9-big/oel-230.jpg?width=1280,2026-07-14T12:32:18Z,,"Stand: 14.07.2026 14:32 Uhr
Der US-Präsident will erneut die Straße von Hormus blockieren. Nach einem Zehn-Prozent-Sprung gestern klettern die Ölpreise heute weiter. Auch für Finanzprofis wird eine … [+2705 chars]",,de,'Ölpreis'
https://news.samsung.com/de/samsung-prasentiert-multitalent-ssd-990-mit-hoher-leistung-und-energieeffizienz,https://news.samsung.com/de/samsung-prasentiert-multitalent-ssd-990-mit-hoher-leistung-und-energieeffizienz,0,news.samsung.com,Samsung präsentiert Multitalent SSD 990 mit hoher Leistung und Energieeffizienz,Mit der SSD 990 launcht Samsung eine preislich attraktive Allround-SSD mit hoher Performance für datenintensive Herausforderungen im Alltag. So ermöglichen,https://img.global.news.samsung.com/de/wp-content/uploads/2026/07/Samsung_Thumbnail_Newsroom_990.jpg,2026-07-14T14:55:17Z,,Mit der SSD 990 launcht Samsung eine preislich attraktive Allround-SSD mit hoher Performance für datenintensive Herausforderungen im Alltag. So ermöglichen eine PCIe® 4.0-Schnittstelle und die neue V… [+5688 chars],,de,'Energieeffizienz'
https://www.faz.net/aktuell/wirtschaft/mehr-wirtschaft/fed-chef-kevin-warsh-verspricht-regimewechsel-201030495.html,https://www.faz.net/aktuell/wirtschaft/mehr-wirtschaft/fed-chef-kevin-warsh-verspricht-regimewechsel-201030495.html,0,www.faz.net,Auftritt im Kongress: Neuer Fed-Chef verspricht „Regimewechsel“,"Kevin Warsh stellt den Amerikanern in seiner ersten Anhörung vor dem Kongress ein Ende hoher Inflationsraten in Aussicht. Und er beteuert, sich nicht von Donald Trump unter Druck setzen zu lassen.",https://media0.faz.net/image/w1200h627/b9b3cf5e6a0f/w6144h3210x0y172o/202607/43601.0.2335120451/keine-toleranz-fuer-inflation.webp,2026-07-14T20:27:40Z,,Kevin Warsh verspricht Amerikanern ein Ende hoher Inflationsraten. In seiner mit Spannung erwarteten ersten Anhörung als Chef der Federal Reserve am Dienstag sagte er: Die Notenbank kann und wird Pre… [+4792 chars],,de,'Investitionen'
https://omr.podigee.io/1003-neue-episode,https://omr.podigee.io/1003-neue-episode,0,omr.podigee.io,Betten ab 12 Euro pro Nacht: A&O-Gründer Oliver Winter (#923),"Oliver Winter wollte eigentlich Lehrer werden, doch von einer Weltreise kam er mit einer Idee zurück – und baute ein Hostel. Heute übernachten täglich rund 25.000 Menschen in einem der A&O Hostels, die es inzwischen europaweit gibt, fünf Mal allein in Berlin.…","https://images.podigee-cdn.net/0x,s7po2KRrQXQz1yxFcWhkenY239CIRsM20mBYzQ4EtU68=/https://main.podigee-cdn.net/uploads/u5851/fffc7b86-3e27-429e-b67e-e63cc5120fcb.jpg",2026-07-15T01:00:00Z,,"00:00:00: Gefühlt ist es noch gar nicht so lange her, in Wahrheit schon ein bisschen länger als wir nämlich angefangen haben selbstständig zu sein unsere Firma aufzubauen.
00:00:07: da war ich auch … [+93980 chars]",,de,'Investitionen'
https://www.zeit.de/wirtschaft/2026-07/lebensmittelpreise-inflation-anstieg-2020-2025-gxe,https://www.zeit.de/wirtschaft/2026-07/lebensmittelpreise-inflation-anstieg-2020-2025-gxe,0,www.zeit.de,Lebensmittelpreise: Lebensmittelpreise in Deutschland seit 2020 über 36 Prozent gestiegen,Die Preise für Lebensmittel sind innerhalb des Zeitraums 2020 bis 2025 deutlich stärker angestiegen als die allgemeine Inflation. Sie erhöhten sich um rund 36 Prozent.,https://img.zeit.de/wirtschaft/2026-07/lebensmittelpreise-inflation-anstieg-2020-2025-foto-1/wide__1300x731,2026-07-15T04:30:03Z,,"Nach Angaben der Bundesregierung sind die Preise für Lebensmittel seit 2020 deutlich stärker gestiegen als die allgemeine Inflation. Seit Anfang 2020 bis Mitte 2025 erhöhten sie sich um insgesamt 36,… [+1076 chars]",,de,'Inflation'
https://www.faz.net/aktuell/finanzen/oelpreis-neue-eskalation-im-iran-krieg-schockt-urlauber-und-macht-tanken-teuer-accg-201025853.html,https://www.faz.net/aktuell/finanzen/oelpreis-neue-eskalation-im-iran-krieg-schockt-urlauber-und-macht-tanken-teuer-accg-201025853.html,0,www.faz.net,Teurer Sommerurlaub: Der nächste Ölpreissprung schockt die Urlauber,Mit dem Höhepunkt der Reisezeit drohen nicht nur viele Staus. Die abermalige Eskalation im Irankonflikt hat den Ölpreis deutlich steigen lassen. Das sind keine guten Nachrichten für Urlauber an der Zapfsäule.,https://media0.faz.net/image/w1200h627/32eae0065898/w6000h3135x0y847o/202607/43601.0.2327521862/zur-abkuehlung-an-den.webp,2026-07-15T06:18:39Z,,Am kommenden Wochenende wird in Deutschland der Höhepunkt der Sommerreisewelle erwartet. Mit Ausnahme von Bayern und Baden-Württemberg haben dann alle Bundesländer Sommerferien. Wer mit dem Auto in d… [+5914 chars],,de,'Ölpreis'
"https://www.gamestar.de/artikel/volkswagen-schafe,3456347.html","https://www.gamestar.de/artikel/volkswagen-schafe,3456347.html",0,www.gamestar.de,News: Energie - Volkswagen setzt auf Schafe statt Roboter: Wie ein Herde unter 31.000 Solarmodulen die Energiewende unterstützt,Die Industrie sucht oft nach immer komplexeren Lösungen – doch manchmal liegt die Antwort in der Vergangenheit.,https://images.cgames.de/images/gamestar/293/volkswagen-schafe-teaser-xatakacom_6429088.jpg,2026-07-15T07:52:00Z,,"Tiere treffen auf Technologie. (Bild: Xataka.com)
In unserer modernen und fortschrittlichen Welt ist es naheliegend, bei neuen Problemen ausgefeilte technische Lösungen zu suchen. Doch Volkswagen ha… [+5002 chars]",,de,'Solar'
https://www.zeit.de/news/2026-07/15/boehringer-legt-fokus-bei-investitionen-auf-wachstumsmaerkte,https://www.zeit.de/news/2026-07/15/boehringer-legt-fokus-bei-investitionen-auf-wachstumsmaerkte,0,www.zeit.de,Pharma: Boehringer legt Fokus bei Investitionen auf Wachstumsmärkte,Hier finden Sie Informationen zu dem Thema „Pharma“. Lesen Sie jetzt „Boehringer legt Fokus bei Investitionen auf Wachstumsmärkte“.,https://img.zeit.de/news/2026-07/15/boehringer-legt-fokus-bei-investitionen-auf-wachstumsmaerkte-image-group/wide__1300x731,2026-07-15T08:49:59Z,,"Der Pharmakonzern Boehringer Ingelheim sieht Wachstum und Dynamik derzeit vor allem jenseits von Deutschland und Europa. Langfristige Investitionen würden künftig gezielt dort ausgerichtet, wo sie Wa… [+2216 chars]",,de,'Investitionen'
https://www.faz.net/aktuell/wirtschaft/unternehmen/business-liveticker-basf-hebt-nach-gewinnsprung-jahresziele-an-faz-200452404.html,https://www.faz.net/aktuell/wirtschaft/unternehmen/business-liveticker-basf-hebt-nach-gewinnsprung-jahresziele-an-faz-200452404.html,0,www.faz.net,Business-Ticker: BASF hebt nach Gewinnsprung Jahresziele an,"Zweites Quartal besser als erwartet +++ Deutsche-Bank-Razzia in Frankfurter Privatkundenfiliale +++ IT-Unternehmen IBM erlöst weniger als erwartet +++ US-Inflation sinkt auf 3,5 Prozent +++ Neuigkeiten im Unternehmen-Liveblog.",https://media0.faz.net/image/w1200h627/4c3fed80159e/w6144h3210x0y443o/202607/43601.0.2337242413/ludwigshafen-ein-schornstein.webp,2026-07-15T11:26:37Z,,"Die Inflation in den USA hat sich nach einem deutlichen Anstieg im Frühjahr wieder abgekühlt, berichtet die Nachrichtenagentur AFP. Sie ging im Juni auf 3,5 Prozent im Vergleich zum Vorjahreszeitraum… [+1339 chars]",,de,'Inflation'
https://hallespektrum.de/aktuelles/willingmann-wirbt-in-quedlinburg-fuer-gruenen-strom-als-standortvorteil/477955/,https://hallespektrum.de/aktuelles/willingmann-wirbt-in-quedlinburg-fuer-gruenen-strom-als-standortvorteil/477955/,0,hallespektrum.de,Willingmann wirbt in Quedlinburg für grünen Strom als Standortvorteil,"Auf seiner Sommertour unter dem Motto „Energie & Innovation“ hat Sachsen-Anhalts Energieminister Armin Willingmann die Walzengießerei & Hartgusswerk Quedlinburg GmbH besucht. Im Mittelpunkt des Termins standen die Pläne des Unternehmens, einen Solarpark zur E…",https://hallespektrum.de/wp-content/uploads/2026/07/gruener-strom.jpg,2026-07-15T11:30:12Z,,Auf seiner Sommertour unter dem Motto Energie &amp; Innovation hat Sachsen-Anhalts Energieminister Armin Willingmann die Walzengießerei &amp; Hartgusswerk Quedlinburg GmbH besucht. Im Mittelpunkt des… [+2344 chars],,de,'Windenergie'
https://www.derstandard.at/story/3000000331550/solar-foerderung-in-33-sekunden-weg-wie-der-sparkurs-den-photovoltaik-boom-ausbremst,https://www.derstandard.at/story/3000000331550/solar-foerderung-in-33-sekunden-weg-wie-der-sparkurs-den-photovoltaik-boom-ausbremst,0,www.derstandard.at,Solar-Förderung in 33 Sekunden weg: Wie der Sparkurs den Photovoltaik-Boom ausbremst,Nur ein Bruchteil der Anträge war erfolgreich. Die Regierung verspricht nun eine Reform – doch das Geld bleibt knapp,https://i.ds.at/18ZmWA/rs:fill:1200:600/plain/lido-images/2026/07/15/43804e47-07c2-4d78-8fa7-6b995c38b96f.jpg,2026-07-15T12:55:47Z,,"Sie entscheiden darüber, wie Sie unsere Inhalte nutzen wollen. Ihr Gerät erlaubt uns derzeit leider nicht, die entsprechenden Optionen anzuzeigen.
Bitte deaktivieren Sie sämtliche Hard- und Software… [+180 chars]",,de,'Photovoltaik'
https://www.golem.de/sonstiges/zustimmung/auswahl.html?from=https://www.golem.de/news/umweltbundesamt-erneuerbare-energie-waechst-ueberall-aber-wind-macht-sorgen-2607-210896.html&referer=https://t.co/e08bbc9414,https://www.golem.de/sonstiges/zustimmung/auswahl.html?from=https://www.golem.de/news/umweltbundesamt-erneuerbare-energie-waechst-ueberall-aber-wind-macht-sorgen-2607-210896.html&referer=https://t.co/e08bbc9414,0,www.golem.de,"Umweltbundesamt: Erneuerbare Energie wächst überall, aber Wind macht Sorgen","Vor allem die Wärmewende hat sich laut neuester Zahlen des Umweltbundesamts deutlich beschleunigt. Die Entwicklung verläuft aber nicht unbedingt nach Plan. (Energiewende, Elektromobilität)",,2026-07-15T13:26:01Z,,"Besuchen Sie Golem.de wie gewohnt mit Werbung und Tracking,
 indem Sie der Nutzung aller Cookies zustimmen.
 Details zum Tracking finden Sie im Privacy Center.
Skript wurde nicht geladen. Informat… [+607 chars]",,de,'Erneuerbare'
https://www.welt.de/wirtschaft/video6a57ade3a4dd37e74df56566/nahost-konflikt-chinas-wirtschaft-ist-so-schwach-gewachsen-wie-seit-mehr-als-drei-jahren-nicht-mehr.html,https://www.welt.de/wirtschaft/video6a57ade3a4dd37e74df56566/nahost-konflikt-chinas-wirtschaft-ist-so-schwach-gewachsen-wie-seit-mehr-als-drei-jahren-nicht-mehr.html,0,www.welt.de,„Chinas Wirtschaft ist so schwach gewachsen wie seit mehr als drei Jahren nicht mehr“,"Die Eskalation zwischen den USA und dem Iran sorgt für Unsicherheit an den Märkten. Luftangriffe, Drohungen und steigende Ölpreise belasten den Dax. „Bleibt der Ölpreis niedrig, ist das Risiko von Konfrontation höher“, sagt Chefvolkswirt von Julius Bär David …",https://images.welt.de/6a57ade3a4dd37e74df56566/18d4198dbdc8fa4ad4ee3205d20ed2f8/ci16x9-w1200/kohl-png,2026-07-15T18:57:55Z,,"Die Eskalation zwischen den USA und dem Iran sorgt für Unsicherheit an den Märkten. Luftangriffe, Drohungen und steigende Ölpreise belasten den Dax. Bleibt der Ölpreis niedrig, ist das Risiko von Kon… [+154 chars]",,de,'Ölpreis'
https://www.prnewswire.com/news-releases/omans-5-2-milliarden-us-dollar-zukunftsfonds-stellt-projekte-im-wert-von-1-744-milliarden-us-dollar-vor-302826779.html,https://www.prnewswire.com/news-releases/omans-5-2-milliarden-us-dollar-zukunftsfonds-stellt-projekte-im-wert-von-1-744-milliarden-us-dollar-vor-302826779.html,0,www.prnewswire.com,"OMANS 5,2-Milliarden-US-Dollar-Zukunftsfonds stellt Projekte im Wert von 1,744 Milliarden US-Dollar vor","MUSCAT, Oman, 15. Juli 2026 /PRNewswire/ -- Der Future Fund Oman (FFO), ein Portfolio der Oman Investment Authority (OIA), des Staatsfonds des Sultanats Oman, hat ein neues Paket von 105 strategischen Projekten und Investitionen im Wert von 1,744 Milliarden U…",https://mmx.prnewswire.com/media/MS1882942/Oman-Investment-Authority-ID.jpg?id=OA2763426&p=facebook,2026-07-15T19:28:00Z,,"MUSCAT, Oman, 15. Juli 2026 /PRNewswire/ -- Der Future Fund Oman (FFO), ein Portfolio der Oman Investment Authority (OIA), des Staatsfonds des Sultanats Oman, hat ein neues Paket von 105 strategische… [+3732 chars]",,de,'Investitionen'
https://www.derstandard.at/story/3000000331526/speicherstand-niedrig-eu-staaten-muessen-beim-befuellen-aufs-gaspedal-treten,https://www.derstandard.at/story/3000000331526/speicherstand-niedrig-eu-staaten-muessen-beim-befuellen-aufs-gaspedal-treten,0,www.derstandard.at,Speicherstand niedrig: EU-Staaten müssen beim Befüllen aufs Gaspedal treten,"Die Gasspeicher der EU-Staaten füllen sich im heurigen Sommer langsamer als in den vergangenen Jahren. Hintergrund ist auch, aber nicht nur der Krieg in Nahost",https://i.ds.at/kN5oMg/rs:fill:1200:600/plain/lido-images/2026/07/15/5541c5d6-4b12-4732-8392-560e98f09e1c.jpg,2026-07-16T03:00:00Z,,"Sie entscheiden darüber, wie Sie unsere Inhalte nutzen wollen. Ihr Gerät erlaubt uns derzeit leider nicht, die entsprechenden Optionen anzuzeigen.
Bitte deaktivieren Sie sämtliche Hard- und Software… [+180 chars]",,de,'Gasspeicher'
https://www.zeit.de/news/2026-07/16/weiterer-gegenwind-fuer-windkraft-im-wald,https://www.zeit.de/news/2026-07/16/weiterer-gegenwind-fuer-windkraft-im-wald,0,www.zeit.de,Erneuerbare Energien: Weiterer Gegenwind für Windkraft im Wald,Hier finden Sie Informationen zu dem Thema „Erneuerbare Energien“. Lesen Sie jetzt „Weiterer Gegenwind für Windkraft im Wald“.,https://img.zeit.de/news/2026-07/16/weiterer-gegenwind-fuer-windkraft-im-wald-image-group/wide__1300x731,2026-07-16T11:03:09Z,,"Der Naturschutzbund Deutschland (Nabu) in Sachsen lehnt Windkraftanlagen im Wald generell ab und fordert einen naturverträglichen Ausbau erneuerbarer Energien. Hintergrund ist der Umstand, dass der F… [+3583 chars]",,de,'Erneuerbare'
https://www.prnewswire.com/news-releases/die-technologischen-durchbruche-hinter-huaweis-smart-string-ess-plattform-der-nachsten-generation-mit-netzbildender-funktion-302827499.html,https://www.prnewswire.com/news-releases/die-technologischen-durchbruche-hinter-huaweis-smart-string-ess-plattform-der-nachsten-generation-mit-netzbildender-funktion-302827499.html,0,www.prnewswire.com,Die technologischen Durchbrüche hinter Huaweis Smart-String-ESS-Plattform der nächsten Generation mit netzbildender Funktion,"Die neue „Smart-String-Grid-Forming""-ESS-Plattform von Huawei FusionSolar, LUTERRA, basiert auf technologischen Durchbrüchen, die darauf ausgelegt sind, den Erfolg der Kunden zu fördern. MÜNCHEN, 16. Juli 2026 /PRNewswire/ -- Huawei hat LUTERRA letzten Monat …",https://mma.prnewswire.com/media/3006153/image1.jpg?p=facebook,2026-07-16T11:07:00Z,,"Die neue Smart-String-Grid-Forming""-ESS-Plattform von Huawei FusionSolar, LUTERRA, basiert auf technologischen Durchbrüchen, die darauf ausgelegt sind, den Erfolg der Kunden zu fördern.
MÜNCHEN, 16.… [+8305 chars]",,de,'Erneuerbare'
https://www.faz.net/aktuell/finanzen/hohe-tagesgeldzinsen-so-schlaegt-ihr-geld-wieder-die-inflation-201037170.html,https://www.faz.net/aktuell/finanzen/hohe-tagesgeldzinsen-so-schlaegt-ihr-geld-wieder-die-inflation-201037170.html,0,www.faz.net,Hohe Tagesgeldzinsen: Sparen lohnt sich,"Wer Kunde einer Sparkasse oder Volksbank ist, sollte nach rechts und links schauen. Auch mit Tagesgeld lässt sich der Inflation ein Schnäppchen schlagen.",https://media0.faz.net/image/w1200h627/60b01c2f8e3b/w6144h3210x0y763o/202607/43601.0.2342112821/im-richtigen-konto-laesst-sich.webp,2026-07-16T14:03:01Z,,"Immer mehr ausländische Banken drängen auf den deutschen Privatkundenmarkt. Gibt es nicht schon genug Banken in Deutschland? Das sicherlich, aber aus Sicht des Sparers eben nicht die richtigen. Gerad… [+1286 chars]",,de,'Inflation'
https://www.tagesspiegel.de/wissen/wohin-mit-dem-grunen-strom-die-fehlenden-speicher-werden-zum-flaschenhals-der-energiewende-15778573.html,https://www.tagesspiegel.de/wissen/wohin-mit-dem-grunen-strom-die-fehlenden-speicher-werden-zum-flaschenhals-der-energiewende-15778573.html,0,www.tagesspiegel.de,Wohin mit dem grünen Strom?: Die fehlenden Speicher werden zum Flaschenhals der Energiewende,"Erneuerbare Energien decken in Deutschland bereits einen großen Teil der Stromerzeugung, doch Produktion und Verbrauch passen oft nicht zusammen. Jetzt beginnt der Ausbau – aber reicht das Tempo?",https://www.tagesspiegel.de/images/15781832/alternates/BASE_16_9_W1400/1782907019000/solar001-solar-batteriespeicher-hybridkraftwerk.jpeg,2026-07-16T14:26:06Z,,"Das fossile Zeitalter der Energieträger Kohle, Erdöl und Gas endet. Vor allem bei der Stromproduktion ist die Energiewende weltweit in vollem Gang: weg von den fossilen Brennstoffen, hin zu Erneuerba… [+843 chars]",,de,'Energiewende'
https://www.faz.net/aktuell/wirtschaft/unternehmen/deloitte-und-kpmg-wie-ki-berufseinsteiger-verdraengt-201036526.html,https://www.faz.net/aktuell/wirtschaft/unternehmen/deloitte-und-kpmg-wie-ki-berufseinsteiger-verdraengt-201036526.html,0,www.faz.net,Weniger Junior Professionals: Prüfer und Berater ersetzen viele Einsteiger durch teure KI,"Wirtschaftsprüfer und Steuerberater rüsten digital auf. Doch sinken werden ihre Honorare wohl nicht so schnell, denn die Investitionen und Lizenzen für Künstliche Intelligenz sind teuer. Wie bleiben Anfänger im Beruf am Ball?",https://media0.faz.net/image/w1200h627/08a509bc31b7/w8233h4301x0y826o/202510/43601.0.1367249465/aufstieg-auf-den-zweiten-platz.webp,2026-07-16T15:15:06Z,,Trotz der schwachen Konjunktur und der gesamtwirtschaftlichen Umbrüche ist der Markt für Wirtschaftsprüfung und Steuerberatung in Deutschland gewachsen. Die Umsätze der Prüfungs- und Beratungsgesells… [+5300 chars],,de,'Inflation'
https://www.zeit.de/news/2026-07/17/willingmann-raeumt-fehler-bei-energiewende-ein,https://www.zeit.de/news/2026-07/17/willingmann-raeumt-fehler-bei-energiewende-ein,0,www.zeit.de,Energie: Willingmann räumt Fehler bei Energiewende ein,Hier finden Sie Informationen zu dem Thema „Energie“. Lesen Sie jetzt „Willingmann räumt Fehler bei Energiewende ein“.,https://img.zeit.de/news/2026-07/17/willingmann-raeumt-fehler-bei-energiewende-ein-image-group/wide__1300x731,2026-07-16T23:01:04Z,,Sachsen-Anhalts Wirtschafts- und Energieminister Armin Willingmann hat Fehler bei der Umsetzung der Energiewende eingeräumt und die frühere Verteilung der Kosten für den Stromnetzausbau kritisiert. B… [+2208 chars],,de,'Energiewende'
https://www.welt.de/wirtschaft/article6a58901cf127abe2ae48fca9/uniper-chef-verkuendung-der-gaskraftwende-der-deutsche-markt-ist-wieder-investierbar.html,https://www.welt.de/wirtschaft/article6a58901cf127abe2ae48fca9/uniper-chef-verkuendung-der-gaskraftwende-der-deutsche-markt-ist-wieder-investierbar.html,0,www.welt.de,Die Verkündung der Gaskraftwende – „Der deutsche Markt ist wieder investierbar“,"Das neue deutsche Kraftwerksgesetz verändert die Energiewende-Lage vollkommen, erklärt Uniper-Chef Lewis im Gespräch mit WELT. Und er reagiert: Der Ausbau erneuerbarer Energien rutscht auf der Prioritätenliste runter.",https://images.welt.de/6a58901cf127abe2ae48fca9/9710c1e008f18940dfe3bd8402ce1171/ci16x9-w1200/384342509-jpg,2026-07-17T03:04:57Z,,"Das neue deutsche Kraftwerksgesetz verändert die Energiewende-Lage vollkommen, erklärt Uniper-Chef Lewis im Gespräch mit WELT. Und er reagiert: Der Ausbau erneuerbarer Energien rutscht auf der Priori… [+9922 chars]",,de,'Ausbau'
https://www.golem.de/sonstiges/zustimmung/auswahl.html?from=https://www.golem.de/news/solarstrom-rund-um-die-uhr-finnlands-perfekter-standortvorteil-fuer-sonnenenergie-2607-210984.html&referer=https://t.co/c9a985e58c,https://www.golem.de/sonstiges/zustimmung/auswahl.html?from=https://www.golem.de/news/solarstrom-rund-um-die-uhr-finnlands-perfekter-standortvorteil-fuer-sonnenenergie-2607-210984.html&referer=https://t.co/c9a985e58c,0,www.golem.de,Solarstrom rund um die Uhr: Finnlands perfekter Standortvorteil für Sonnenenergie,"Finnland setzt auf Atomkraft, um klimaneutral zu werden. Deutlich günstiger würde der Strom aber mit Photovoltaik, aus einem einfachen Grund. (Solarenergie, Smart Meter)",,2026-07-17T10:59:01Z,,"Besuchen Sie Golem.de wie gewohnt mit Werbung und Tracking,
 indem Sie der Nutzung aller Cookies zustimmen.
 Details zum Tracking finden Sie im Privacy Center.
Skript wurde nicht geladen. Informat… [+607 chars]",,de,'Photovoltaik'
https://www.zeit.de/news/2026-07/17/leag-feiert-kraftwerks-jubilaeum-und-plant-die-energiewende,https://www.zeit.de/news/2026-07/17/leag-feiert-kraftwerks-jubilaeum-und-plant-die-energiewende,0,www.zeit.de,Energieversorgung: Leag feiert Kraftwerks-Jubiläum - und plant die Energiewende,Hier finden Sie Informationen zu dem Thema „Energieversorgung“. Lesen Sie jetzt „Leag feiert Kraftwerks-Jubiläum - und plant die Energiewende“.,https://img.zeit.de/news/2026-07/17/leag-feiert-kraftwerks-jubilaeum-und-plant-die-energiewende-image-group/wide__1300x731,2026-07-17T13:42:30Z,,Vor 50 Jahren begann der Bau des Braunkohlekraftwerks Jänschwalde in der Lausitz - künftig soll sich dort ein zentraler Energiewende-Standort entwickeln. Brandenburgs Ministerpräsident Dietmar Woidke… [+1971 chars],,de,'Photovoltaik'
https://www.tagesspiegel.de/berlin/energieversorgung-leag-feiert-kraftwerks-jubilaum-und-plant-die-energiewende-15851108.html,https://www.tagesspiegel.de/berlin/energieversorgung-leag-feiert-kraftwerks-jubilaum-und-plant-die-energiewende-15851108.html,0,www.tagesspiegel.de,Energieversorgung: Leag feiert Kraftwerks-Jubiläum - und plant die Energiewende,"Kohle-Aus, grüne Zukunft? Die Politik und das Energieunternehmen Leag feiern in der Lausitz den Baustart für das Kraftwerk Jänschwalde vor 50 Jahren.",https://www.tagesspiegel.de/images/15851107/alternates/BASE_16_9_W1400/1784295831000/50-jahre-kraftwerk-janschwalde.jpeg,2026-07-17T13:43:51Z,,Vor 50 Jahren begann der Bau des Braunkohlekraftwerks Jänschwalde in der Lausitz - künftig soll sich dort ein zentraler Energiewende-Standort entwickeln. Brandenburgs Ministerpräsident Dietmar Woidke… [+2021 chars],,de,'Energiewende'
https://www.welt.de/politik/deutschland/article6a5a7c9dc722326276499db7/energiepolitik-reiche-entschaerft-kuerzungen-bei-foerderung-erneuerbarer-energien.html,https://www.welt.de/politik/deutschland/article6a5a7c9dc722326276499db7/energiepolitik-reiche-entschaerft-kuerzungen-bei-foerderung-erneuerbarer-energien.html,0,www.welt.de,Reiche entschärft Kürzungen bei Förderung erneuerbarer Energien,Katherina Reiche mildert ihre Kürzungspläne für erneuerbare Energien ab. Neue Entwürfe sehen längere Übergangsvergütungen für kleine Solardächer und abgeschwächte Vorgaben für Wind- und Freiflächenanlagen vor.,https://images.welt.de/6a5a7c9dc722326276499db7/799edc6386e7990b060daffcbaa6a0df-master/ci16x9-w1200/dpa-com-260715-935-1481566-jpg,2026-07-17T19:30:42Z,,Katherina Reiche mildert ihre Kürzungspläne für erneuerbare Energien ab. Neue Entwürfe sehen längere Übergangsvergütungen für kleine Solardächer und abgeschwächte Vorgaben für Wind- und Freiflächenan… [+2446 chars],,de,'Windenergie'
https://www.zeit.de/wirtschaft/2026-07/klimapolitik-union-johann-wadephul-strasse-von-hormus-energie,https://www.zeit.de/wirtschaft/2026-07/klimapolitik-union-johann-wadephul-strasse-von-hormus-energie,0,www.zeit.de,Klimapolitik: Wadephul drängt auf Ausbau erneuerbarer Energien,Wegen des anhaltenden Irankriegs spricht sich Außenminister Johann Wadephul für eine schnellere Energiewende aus. Die Blockade der Straße von Hormus sieht er als Weckruf.,https://img.zeit.de/wirtschaft/2026-07/klimapolitik-union-johann-wadephul-strasse-von-hormus-energie-bild-1/wide__1300x731,2026-07-17T22:03:02Z,,"Außenminister Johann Wadephul (CDU) drängt angesichts des Irankriegs auf einen schnelleren Umstieg auf erneuerbare Energien. »Die Blockade der Straße von Hormus war ein Weckruf an uns alle«, sagte Wa… [+1707 chars]",,de,'Erneuerbare'
https://www.zeit.de/politik/deutschland/2026-07/erneuerbare-energien-gesetz-eeg-novelle-netzpaket-bundesregierung,https://www.zeit.de/politik/deutschland/2026-07/erneuerbare-energien-gesetz-eeg-novelle-netzpaket-bundesregierung,0,www.zeit.de,Erneuerbare-Energien-Gesetz: Reiche rudert bei Kürzungsplänen für Ökostromförderung zurück,Erste Reformpläne von Bundeswirtschaftsministerin Katherina Reiche zum Erneuerbare-Energien-Gesetz stießen auf Kritik. Der neue Entwurf sieht weniger Kürzungen vor.,https://img.zeit.de/politik/deutschland/2026-07/unwetter-in-niedersachsen-bild/wide__1300x731,2026-07-18T04:20:53Z,,Die Förderung erneuerbarer Energien soll laut einem neuen Gesetzentwurf des Bundeswirtschaftsministeriums doch nicht so stark beschnitten werden wie von Bundeswirtschaftsministerin Katherina Reiche (… [+2950 chars],,de,'Erneuerbare'
https://www.morgenpost.de/bezirke/pankow/article412602751/waehrend-berlin-schlaeft-zeigt-pankow-wie-energiewende-geht.html,https://www.morgenpost.de/bezirke/pankow/article412602751/waehrend-berlin-schlaeft-zeigt-pankow-wie-energiewende-geht.html,0,www.morgenpost.de,"Während Berlin schläft, zeigt Pankow, wie Energiewende geht","Der Bezirk will vier neue Windräder bauen. Auf Pläne des Senats wartet man nicht. Richtig so, findet unsere Autorin.",https://img.sparknews.funkemedien.de/412608723/412608723_1784301559_v16_9_1600.jpeg,2026-07-18T06:00:00Z,,"Bis 2032 müssen 446 Hektar Fläche in Berlin für Windenergie ausgewiesen werden. Das schreibt das Bundesgesetz vor. Das heißt nicht, dass dort zwangsläufig Windräder gebaut werden. Doch Berlin muss zu… [+1614 chars]",,de,'Windenergie'
https://www.morgenpost.de/politik/article412611788/solarstrom-vom-eigenen-dach-reiche-schwaecht-geplante-kuerzungen-ab.html,https://www.morgenpost.de/politik/article412611788/solarstrom-vom-eigenen-dach-reiche-schwaecht-geplante-kuerzungen-ab.html,0,www.morgenpost.de,Solarstrom vom eigenen Dach: Reiche schwächt geplante Kürzungen ab,Nach Kritik an ihren Solar-Plänen macht die Wirtschaftsministerin Zugeständnisse. Für Besitzer soll es zunächst eine Übergangsregel geben.,https://img.sparknews.funkemedien.de/412611761/412611761_1784361210_v16_9_1600.jpeg,2026-07-18T07:53:30Z,,Wirtschaftsministerin Katherina Reiche (CDU) hat ihre Pläne für Einschnitte bei der Förderung neuer kleiner Solaranlagen abgemildert. Dies geht aus dem neuen Entwurf des Erneuerbare-Energien-Gesetzes… [+3716 chars],,de,'Solar'
https://www.sueddeutsche.de/wirtschaft/eeg-solarfoerderung-katherina-reiche-li.3517954,https://www.sueddeutsche.de/wirtschaft/eeg-solarfoerderung-katherina-reiche-li.3517954,0,www.sueddeutsche.de,Solarförderung: Schluss mit „rundum sorglos“,Wirtschaftsministerin Reiche schwächt ihre umstrittenen Pläne für eine Kürzung der Solarförderung ein wenig ab. Dennoch müssen sich künftige Betreiber privater PV-Anlagen auf eine neue Zeit einstellen.,https://www.sueddeutsche.de/2026/07/18/7077a034-e203-4525-8ad1-73130ab74540.jpg?q=60&fm=webp&width=1200&rect=0%2C0%2C4000%2C2250,2026-07-18T11:03:02Z,,"Demnach soll die sogenannte Einspeisevergütung für neue Photovoltaik-Anlagen zum 1. Januar 2027 nun doch nicht vollständig gestrichen, sondern über einen Zeitraum von 36 Monaten abgeschmolzen werden.… [+5456 chars]",,de,'Photovoltaik'
https://www.zeit.de/wirtschaft/2026-07/branchenverbaende-kritik-eeg-reform-katherina-reiche,https://www.zeit.de/wirtschaft/2026-07/branchenverbaende-kritik-eeg-reform-katherina-reiche,0,www.zeit.de,Erneuerbare-Energie-Gesetz: Branchenverbände kritisieren geplante EEG-Reform,Bundeswirtschaftsministerin Katherina Reiche will Subventionen für Ökostrom und Solaranlagen kürzen. Verbände warnen vor dem Verlust von Arbeitsplätzen.,https://img.zeit.de/politik/deutschland/2026-07/foerderung-solaranlagen-solarenergie-bsw-katherina-reiche-foto-1/wide__1300x731,2026-07-18T12:07:17Z,,"Die von der Bundesregierung geplanten Reformen bei der
Ökostrom-Förderung und beim Netzanschluss stoßen auf Kritik bei
Branchenverbänden. Der Bundesverband Erneuerbare Energie
(BEE) und der Bundes… [+2901 chars]",,de,'Ausbau'
https://www.bild.de/politik/inland/reiches-solar-wende-doch-kein-foerderstopp-fuer-kleine-solaranlagen-6a5b275fc72232627649a162,https://www.bild.de/politik/inland/reiches-solar-wende-doch-kein-foerderstopp-fuer-kleine-solaranlagen-6a5b275fc72232627649a162,0,www.bild.de,Förderung geht doch weiter - Reiches Solar-Wende,Wirtschaftsministerin Katherina Reiche macht die Rolle rückwärts. Jetzt soll Solarstrom vom eigenen Dach auch künftig gefördert werden.,"https://images.bild.de/6a5b275fc72232627649a162/79084e2cd721d8593a0b1891f364dcf3,ab7ab952?w=1280",2026-07-18T12:46:15Z,,"TTS-Player überspringenArtikel weiterlesenBerlin Wirtschaftsministerin Katherina Reiche (53, CDU) macht die Rolle rückwärts! Eigentlich sollte sich Solarstrom vom eigenen Dach künftig selbst tragen u… [+3006 chars]",,de,'Photovoltaik'
https://www.zeit.de/news/2026-07/18/weniger-foerderung-solarbranche-von-reformplaenen-alarmiert,https://www.zeit.de/news/2026-07/18/weniger-foerderung-solarbranche-von-reformplaenen-alarmiert,0,www.zeit.de,Erneuerbare Energien: Weniger Förderung - Solarbranche von Reformplänen alarmiert,Hier finden Sie Informationen zu dem Thema „Erneuerbare Energien“. Lesen Sie jetzt „Weniger Förderung - Solarbranche von Reformplänen alarmiert“.,https://img.zeit.de/news/2026-07/18/weniger-foerderung-solarbranche-von-reformplaenen-alarmiert-image-group/wide__1300x731,2026-07-18T14:16:59Z,,Branchenverbände sehen den Ausbau der Solarenergie in Deutschland durch Pläne des Bundeswirtschaftsministeriums bedroht. Vor allem die vorgesehene Streichung der Förderung für neue kleine Solaranlage… [+3738 chars],,de,'Erneuerbare'
https://www.nzz.ch/wissenschaft/eine-firma-will-mit-weltraumspiegeln-nachts-die-sonne-scheinen-lassen-zum-entsetzen-von-astronomen-weltweit-ld.10015354,https://www.nzz.ch/wissenschaft/eine-firma-will-mit-weltraumspiegeln-nachts-die-sonne-scheinen-lassen-zum-entsetzen-von-astronomen-weltweit-ld.10015354,0,www.nzz.ch,Eine Firma will mit Weltraumspiegeln die Sonne auch nachts scheinen lassen – zum Entsetzen von Astronomen weltweit,Das Startup Reflect Orbital will Tausende von Satelliten ins All bringen und damit Sonnenlicht auf die Schattenseite der Erde lenken. Dann könnten Solarpanels rund um die Uhr Strom erzeugen. Das bedroht ein ganzes Forschungsgebiet.,"https://img-msp-prod.nzz.ch/2026/07/14/855747dd-186d-4b76-a5fb-6ad330001ea1.jpg?width=1200&height=675&fit=bounds&quality=75&auto=webp&crop=7952,4473,x0,y0&wmark=nzz",2026-07-19T03:30:00Z,,Das Startup Reflect Orbital will Tausende von Satelliten ins All bringen und damit Sonnenlicht auf die Schattenseite der Erde lenken. Dann könnten Solarpanels rund um die Uhr Strom erzeugen. Das bedr… [+10874 chars],,de,'Photovoltaik'
https://www.focus.de/immobilien/wohnen/leere-gasspeicher-vor-dem-winter-versorger-im-dilemma_b5b8e425-eb95-47db-839a-76ba7a1b5452.html,https://www.focus.de/immobilien/wohnen/leere-gasspeicher-vor-dem-winter-versorger-im-dilemma_b5b8e425-eb95-47db-839a-76ba7a1b5452.html,0,www.focus.de,Leere Gasspeicher vor dem Winter: Versorger im Dilemma,"Seit der Iran die Straße von Hormus wieder blockiert, steigen die Gaspreise stärker als die Ölpreise. Für Verbraucher könnte das ein Problem werden.","https://quadro.burda-forward.de/ctf/15b1743d-a334-4b16-8012-2a383d3ad7e3.a5c2761d-4718-4bf5-bc27-f14436c32dd8.jpg?im=RegionOfInterestCrop=(1200,630),regionOfInterest=(2056,1911)&hash=15212de0f2922121dd0033912fca1760b2fcf39387f1f1269e390abed2c31581",2026-07-19T05:49:00Z,,Um rund 20 Prozent sind die europäischen Gaspreise am niederländischen Handelspunkt TTF seit Ende Juni gestiegen. Allein in den vergangenen Tagen schossen sie um fünf Euro pro Megawattstunde nach obe… [+4033 chars],,de,'Heizen'
https://www.telepolis.de/article/Sanierung-ohne-Daemmung-Wie-Wintergaerten-alte-Wohnblocks-retten-koennen-11368583.html,https://www.telepolis.de/article/Sanierung-ohne-Daemmung-Wie-Wintergaerten-alte-Wohnblocks-retten-koennen-11368583.html,0,www.telepolis.de,Sanierung ohne Dämmung: Wie Wintergärten alte Wohnblocks retten können,60 % weniger Energieverbrauch und mehr Wohnraum: Das französische Sanierungskonzept von Lacaton & Vassal fordert das deutsche Passivhaus heraus.,https://heise.cloudimg.io/bound/1200x1200/q85.png-lossy-85.webp-lossy-85.foil1/_www-heise-de_/imgs/18/5/1/1/8/7/7/3/Cite___Manifeste_2-e2b20be5145b02c5.jpg,2026-07-19T08:00:00Z,,"Cité Manifeste, Mulhouse 2005. Bild: Reinhard Huschke
60 % weniger Energieverbrauch und mehr Wohnraum: Das französische Sanierungskonzept von Lacaton &amp; Vassal fordert das deutsche Passivhaus her… [+13149 chars]",,de,'Energieeffizienz'
https://www.bild.de/politik/inland/iran-krieg-treibt-oelpreis-hoch-jetzt-knallt-der-spritpreis-wieder-rauf-6a5ca2cdfcf158a602b3b5d2,https://www.bild.de/politik/inland/iran-krieg-treibt-oelpreis-hoch-jetzt-knallt-der-spritpreis-wieder-rauf-6a5ca2cdfcf158a602b3b5d2,0,www.bild.de,Iran-Krieg treibt Ölpreis hoch - Jetzt knallt der Spritpreis wieder rauf,Iran-Krieg treibt Ölpreis hoch: Diesel und Super werden in Deutschland deutlich teurer.,"https://images.bild.de/6a5ca2cdfcf158a602b3b5d2/ad1e179201031b4d11c2c770e1bd7949,700f40b0?w=1280",2026-07-19T11:09:19Z,,TTS-Player überspringenArtikel weiterlesenBerlin Der Iran-Krieg eskaliert und Deutschlands Autofahrer bekommen die Folgen an der Zapfsäule zu spüren! Am Sonntag kostete ein Liter Super im bundesweite… [+1824 chars],,de,'Ölpreis'
https://wien.orf.at/stories/3363390/,https://wien.orf.at/stories/3363390/,0,wien.orf.at,Stadtwerke: Erneuerbare Energie als „Riesenchance“,"Bis 2040 wollen die Wiener Stadtwerke die Wärmeversorgung in Wien komplett auf erneuerbare Energien umgestellt haben. Sie seien eine „Riesenchance“ sich resilienter gegenüber globalen Krisen zu machen, so Stadtwerke-Chef Peter Weinelt.",https://ibs.orf.at/wie?image=https%3A%2F%2Foekastatic.orf.at%2Fmims%2F2025%2F29%2F09%2Fcrops%2Fw%3D1200%2Ch%3D627%2Cq%3D75%2F2702973_master_1040409_photovoltaik.jpg%3Fs%3D7a88804c818c8b4ea83bbaf37e58de584a54b455,2026-07-20T05:46:14Z,,"Der Klimawandel ist eine Tatsache, das merkt man an der Trockenheit, das merkt man an den Temperaturen. Da gibt es verschiedene Studien dazu, aber es reicht die Praxis, sagte Weinelt im Gespräch mit … [+4366 chars]",,de,'Erneuerbare'
https://www.tagesschau.de/wirtschaft/finanzen/marktberichte/marktbericht-dax-dow-jones-396.html,https://www.tagesschau.de/wirtschaft/finanzen/marktberichte/marktbericht-dax-dow-jones-396.html,0,www.tagesschau.de,Marktbericht: Schafft der DAX heute die Stabilisierung?,Nach tagelangen US-Angriffen auf Iran und Vergeltungsschlägen in der Region droht der Konflikt weiter außer Kontrolle zu geraten. Das treibt am Morgen die Ölpreise auf den höchsten Stand seit Juni.,https://images.tagesschau.de/image/b67c6b6d-ed89-46e7-9b57-495550086b8e/AAABn1pS1lI/AAABnSSvrFg/16x9-big/boerse-524.jpg?width=1280,2026-07-20T07:40:00Z,,"Stand: 20.07.2026 09:40 Uhr
Nach tagelangen US-Angriffen auf Iran und Vergeltungsschlägen in der Region droht der Konflikt weiter außer Kontrolle zu geraten. Das treibt am Morgen die Ölpreise auf de… [+4438 chars]",,de,'Ölpreis'
https://salzburg.orf.at/stories/3363401/,https://salzburg.orf.at/stories/3363401/,0,salzburg.orf.at,Hotel baut Photovoltaik über öffentlicher Straße,Das Hotel Gmachl in Bergheim (Flachgau) nutzt ihre private Lärmschutzgalerie über der Oberndorfer Straße in seiner direkten Nähe künftig für die Stromerzeugung.,https://ibs.orf.at/sbg?image=https%3A%2F%2Foekastatic.orf.at%2Fmims%2F2025%2F18%2F18%2Fcrops%2Fw%3D1200%2Ch%3D627%2Cq%3D75%2F2611547_master_1002618_steiermark_20230616_gabersdorf_renewable_gasfield_16_vik.jpg%3Fs%3Dad72de2a027b30e0262f31a60638840b8a46c9ae,2026-07-20T07:50:48Z,,"Um 1,9 Mio. Euro hat die Familie von Geschäftsführer Franz Gmachl im Jahr 2010 das Lärmschutz-Bauwerk über der in öffentlichem Besitz stehenden Landesstraße privat finanziert. Damit werden die eigene… [+396 chars]",,de,'Photovoltaik'
https://www.diepresse.com/37818365/wer-zahlt-fuer-die-dekarbonisierung-im-gebaeudesektor,https://www.diepresse.com/37818365/wer-zahlt-fuer-die-dekarbonisierung-im-gebaeudesektor,0,www.diepresse.com,Wer zahlt für die Dekarbonisierung im Gebäudesektor?,"Sowohl das bisher geringe Ausmaß umgesetzter Maßnahmen in Mietwohnungen als auch der politische Prozess um das Erneuerbare-Wärme-Gesetz (EWG) machen deutlich, wie stark die Eigentumsinteressen im Gebäudesektor die Klimapolitik prägen.",https://img.diepresse.com/public/incoming/uwnmd-kein-Titel/alternates/WEBP_WIDE_1200/kein%20Titel,2026-07-20T08:50:44Z,,"Die Presse auf Google als bevorzugte Nachrichtenquelle hinzufügen.
 Die Idee der Just Transition ist, eine klimaneutrale Transition auf gerechte Art zu erreichen. Eine gängige Meinung ist, dass so e… [+7588 chars]",,de,'Erneuerbare'
https://www.tagesschau.de/wirtschaft/verbraucher/spritpreise-stau-100.html,https://www.tagesschau.de/wirtschaft/verbraucher/spritpreise-stau-100.html,0,www.tagesschau.de,Benzin ist wieder teurer als vor dem Tankrabatt,Tanken in Deutschland wird wieder teurer: Ein Liter E10 kostet inzwischen fast so viel wie rund um Ostern. Das liegt neben dem gestiegenen Ölpreis auch am Ferienverkehr. Der ADAC erwartet einen neuen Höhepunkt.,https://images.tagesschau.de/image/ab660213-d151-405f-90dd-47de0f2b5325/AAABn38PkYY/AAABnSSvrFg/16x9-big/stau-318.jpg?width=1280,2026-07-20T14:14:25Z,,"Stand: 20.07.2026 16:14 Uhr
Tanken in Deutschland wird wieder teurer: Ein Liter E10 kostet inzwischen fast so viel wie rund um Ostern. Das liegt neben dem gestiegenen Ölpreis auch am Ferienverkehr. … [+3186 chars]",,de,'Ölpreis'
https://www.welt.de/wirtschaft/video6a5e452e3d7c8c257075ed0b/nahost-beunruhigt-die-maerkte-haben-momentan-eher-unguenstige-mischungen.html,https://www.welt.de/wirtschaft/video6a5e452e3d7c8c257075ed0b/nahost-beunruhigt-die-maerkte-haben-momentan-eher-unguenstige-mischungen.html,0,www.welt.de,„Haben momentan eher ungünstige Mischungen“,Der Iran-Konflikt sorgt für starke Schwankungen an den Märkten. Militärische Eskalationen und diplomatische Signale beeinflussen Ölpreis und Dax. Chefmarktanalyst Andreas Lipkow von CMC Markets analysiert im Gespräch mit Dietmar Deffner die Hintergründe.,https://images.welt.de/6a5e452e3d7c8c257075ed0b/e2771da1f1488ced14cf4a334193e82d/ci16x9-w1200/lipkow-png,2026-07-20T17:04:26Z,,Die WELT als ePaper: Die vollständige Ausgabe steht Ihnen bereits am Vorabend zur Verfügung so sind Sie immer hochaktuell informiert. Weitere Informationen https://epaper.welt.de,,de,'Ölpreis'
https://www.zeit.de/news/2026-07/21/bericht-engpaesse-in-stromnetz-bremsen-chinas-gruene-energie,https://www.zeit.de/news/2026-07/21/bericht-engpaesse-in-stromnetz-bremsen-chinas-gruene-energie,0,www.zeit.de,Solar- und Windkraft: Bericht: Engpässe in Stromnetz bremsen Chinas grüne Energie,Hier finden Sie Informationen zu dem Thema „Solar- und Windkraft“. Lesen Sie jetzt „Bericht: Engpässe in Stromnetz bremsen Chinas grüne Energie“.,https://img.zeit.de/news/2026-07/21/bericht-engpaesse-in-stromnetz-bremsen-chinas-gruene-energie-image-group/wide__1300x731,2026-07-20T23:01:05Z,,Unter Chinas massivem Ausbau erneuerbarer Energien drücken einer Analyse zufolge zunehmende Engpässe im Leitungsnetz auf die Produktion von Strom aus Sonne und Wind. Zu den Übertragungsengpässen als … [+4856 chars],,de,'Windenergie'
https://www.tagesspiegel.de/wirtschaft/solar-und-windkraft-bericht-engpasse-in-stromnetz-bremsen-chinas-grune-energie-15860034.html,https://www.tagesspiegel.de/wirtschaft/solar-und-windkraft-bericht-engpasse-in-stromnetz-bremsen-chinas-grune-energie-15860034.html,0,www.tagesspiegel.de,Solar- und Windkraft: Bericht: Engpässe in Stromnetz bremsen Chinas grüne Energie,China ist Weltmeister im Ausbau von Solar- und Windparks. Doch immer öfter geht die dort gewonnene Energie verloren. Das hat einer Analyse zufolge auch mit dem Stromnetz zu tun.,https://www.tagesspiegel.de/images/15860033/alternates/BASE_16_9_W1400/1784588539000/hoffnungsvolle-signale-bei-umwelt-und-klimaschutz.jpeg,2026-07-20T23:02:19Z,,Unter Chinas massivem Ausbau erneuerbarer Energien drücken einer Analyse zufolge zunehmende Engpässe im Leitungsnetz auf die Produktion von Strom aus Sonne und Wind. Zu den Übertragungsengpässen als … [+5487 chars],,de,'Windenergie'
https://www.focus.de/immobilien/wohnen/leere-gasspeicher-vor-dem-winter-werden-zum-problem-fuer-versorger_b5b8e425-eb95-47db-839a-76ba7a1b5452.html,https://www.focus.de/immobilien/wohnen/leere-gasspeicher-vor-dem-winter-werden-zum-problem-fuer-versorger_b5b8e425-eb95-47db-839a-76ba7a1b5452.html,0,www.focus.de,Leere Gasspeicher vor dem Winter werden zum Problem für Versorger,"Seit der Iran die Straße von Hormus wieder blockiert, steigen die Gaspreise stärker als die Ölpreise. Für Verbraucher kann das ein Problem bedeuten.","https://quadro.burda-forward.de/ctf/15b1743d-a334-4b16-8012-2a383d3ad7e3.a5c2761d-4718-4bf5-bc27-f14436c32dd8.jpg?im=RegionOfInterestCrop=(1200,630),regionOfInterest=(2056,1911)&hash=15212de0f2922121dd0033912fca1760b2fcf39387f1f1269e390abed2c31581",2026-07-21T05:09:00Z,,Um rund 20 Prozent sind die europäischen Gaspreise am niederländischen Handelspunkt TTF seit Ende Juni gestiegen. Allein in den vergangenen Tagen schossen sie um fünf Euro pro Megawattstunde nach obe… [+4033 chars],,de,'Ölpreis'
https://www.tagesschau.de/wirtschaft/finanzen/marktberichte/marktbericht-dax-dow-jones-iran-krieg-102.html,https://www.tagesschau.de/wirtschaft/finanzen/marktberichte/marktbericht-dax-dow-jones-iran-krieg-102.html,0,www.tagesschau.de,Marktbericht: Nahost-Hoffnung könnte Börsen antreiben,"Die Hoffnung auf eine Waffenruhe im Nahen Osten steigt, nachdem bekannt wurde, dass Vermittler dem Iran einen zehntägigen Waffenstillstand vorgeschlagen haben. Der Ölpreis entfernte sich von seinem Einmonatshoch.",https://images.tagesschau.de/image/5f2abda3-ae12-4ce8-9ff1-d6e17b47d882/AAABlf9rdX8/AAABnSSvrFg/16x9-big/boerse-402.jpg?width=1280,2026-07-21T05:23:02Z,,"Stand: 21.07.2026 07:23 Uhr
Die Hoffnung auf eine Waffenruhe im Nahen Osten steigt, nachdem bekannt wurde, dass Vermittler dem Iran einen zehntägigen Waffenstillstand vorgeschlagen haben. Der Ölprei… [+2572 chars]",,de,'Ölpreis'
https://www.zeit.de/news/2026-07/21/pilotanlage-in-leuna-produziert-protein-aus-biomasse,https://www.zeit.de/news/2026-07/21/pilotanlage-in-leuna-produziert-protein-aus-biomasse,0,www.zeit.de,Investitionen: Pilotanlage in Leuna produziert Protein aus Biomasse,Hier finden Sie Informationen zu dem Thema „Investitionen“. Lesen Sie jetzt „Pilotanlage in Leuna produziert Protein aus Biomasse“.,https://img.zeit.de/news/2026-07/21/pilotanlage-in-leuna-produziert-protein-aus-biomasse-image-group/wide__1300x731,2026-07-21T06:26:38Z,,Im Chemiepark Leuna soll eine neuartige Pilotanlage künftig 15.000 Tonnen Protein pro Jahr aus Biomasse produzieren. Nach Angaben der beteiligten Unternehmen handelt es sich um die europaweit erste A… [+1038 chars],,de,'Investitionen'
https://www.welt.de/wirtschaft/plus6a5e08c6c72232627649e16b/speicher-waermepumpe-e-auto-das-ist-die-neue-renditeformel-fuer-solaranlagen.html,https://www.welt.de/wirtschaft/plus6a5e08c6c72232627649e16b/speicher-waermepumpe-e-auto-das-ist-die-neue-renditeformel-fuer-solaranlagen.html,0,www.welt.de,Der Staat schließt die Solar-Fördertöpfe – so retten Hausbesitzer jetzt ihre Rendite,"Die Regierung hat sich auf ein neues Erneuerbare-Energien-Gesetz geeinigt. Die üppige Solar-Geldmaschine auf dem Dach ist für künftige Projekte obsolet. Doch das bedeutet nicht, dass sich eine Anlage nicht mehr lohnt. So lautet die neue Photovoltaik-Formel fü…",https://images.welt.de/6a5e08c6c72232627649e16b/80dc920903616162b08ee2a467f732bb/ci16x9-w1200/395135240-jpg,2026-07-21T06:35:06Z,,"Die Regierung hat sich auf ein neues Erneuerbare-Energien-Gesetz geeinigt. Die üppige Solar-Geldmaschine auf dem Dach ist für künftige Projekte obsolet. Doch das bedeutet nicht, dass sich eine Anlage… [+80 chars]",,de,'Photovoltaik'
https://www.bild.de/leben-wissen/wohnen-living/pool-mit-solar-heizen-kosten-vorteile-und-sparpotenzial-im-check-6a5e306685fbf0a2ffee3824,https://www.bild.de/leben-wissen/wohnen-living/pool-mit-solar-heizen-kosten-vorteile-und-sparpotenzial-im-check-6a5e306685fbf0a2ffee3824,0,www.bild.de,Poolbesitzer aufgepasst - So senken Sie Ihre Heizkosten mit Solarenergie,"Solarheizung, Wärmepumpe oder PV-Anlage? So hoch sind Kosten, Einsparungen und warum sich die Kombination oft besonders lohnt.","https://images.bild.de/6a5e306685fbf0a2ffee3824/db2278843569e907a37ff16520ab6438-landscape,7c9dd0b8?w=1280",2026-07-21T12:21:07Z,,"TTS-Player überspringenArtikel weiterlesenIst das Poolwasser zu kalt, gibt es verschiedene Möglichkeiten zum Heizen. Elektrische Heizungen sowie Gas-Wärmetauscher sind gängig für das Beheizen von gro… [+1763 chars]",,de,'Photovoltaik'
https://www.telepolis.de/article/Houthi-Blockade-im-Roten-Meer-Saudi-Arabiens-letzte-Oelroute-in-Gefahr-11372207.html,https://www.telepolis.de/article/Houthi-Blockade-im-Roten-Meer-Saudi-Arabiens-letzte-Oelroute-in-Gefahr-11372207.html,0,www.telepolis.de,Houthi-Blockade im Roten Meer: Saudi-Arabiens letzte Ölroute in Gefahr,Die Houthis sperren den Seeweg nach Saudi-Arabien. Goldman Sachs warnt vor einem Brent-Ölpreis von 120 Dollar pro Barrel.,https://heise.cloudimg.io/bound/1200x1200/q85.png-lossy-85.webp-lossy-85.foil1/_www-heise-de_/imgs/18/5/1/2/0/6/2/4/shutterstock_2623655207-4d75ca13a9b518dc.jpg,2026-07-21T13:00:00Z,,"(Bild: Dmitri T/Shutterstock.com)
Die Houthis sperren den Seeweg nach Saudi-Arabien. Goldman Sachs warnt vor einem Brent-Ölpreis von 120 Dollar pro Barrel.
Die Straße von Hormus ist faktisch geschl… [+2923 chars]",,de,'Ölpreis'
https://www.zeit.de/wirtschaft/2026-07/offshore-windenergie-deutschland-nordsee-ostsee-leistung,https://www.zeit.de/wirtschaft/2026-07/offshore-windenergie-deutschland-nordsee-ostsee-leistung,0,www.zeit.de,Offshore-Windenergie: Stromproduktion aus Windkraft auf See erreicht Höchstwert,Im ersten Halbjahr hat es einen besonders starken Kapazitätszuwachs bei der Stromerzeugung auf See gegeben. Erstmals produzierte dort Deutschland mehr als zehn Gigawatt.,https://img.zeit.de/wirtschaft/2026-07/offshore-windenergie-deutschland-nordsee-ostsee-leistung-foto-1/wide__1300x731,2026-07-21T13:35:53Z,,Deutschland hat im ersten Halbjahr so viel Offshore-Windenergie produziert wie noch nie. Zum 30. Juni wurde erstmals die Marke von zehn Gigawatt (GW) Leistung überschritten. Wie der Bundesverband Win… [+917 chars],,de,'Windenergie'
https://www.zeit.de/wirtschaft/2026-07/offshore-windenergie-deutschland-nordsee-ostsee-leistung-gxe,https://www.zeit.de/wirtschaft/2026-07/offshore-windenergie-deutschland-nordsee-ostsee-leistung-gxe,0,www.zeit.de,Offshore-Windenergie: Stromproduktion aus Windkraft auf See erreicht Höchstwert,Auf See sind die Kapazitäten zur Umwandlung von Strom zu Wind im ersten Halbjahr 2026 besonders gewachsen. Erstmals produzierte Deutschland dort mehr als zehn Gigawatt.,https://img.zeit.de/wirtschaft/2026-07/offshore-windenergie-deutschland-nordsee-ostsee-leistung-foto-1/wide__1300x731,2026-07-21T13:35:53Z,,Deutschland hat im ersten Halbjahr so viel Offshore-Windenergie produziert wie noch nie. Zum 30. Juni wurde erstmals die Marke von zehn Gigawatt (GW) Leistung überschritten. Wie der Bundesverband Win… [+1544 chars],,de,'Windenergie'
https://www.faz.net/aktuell/wirtschaft/klima-nachhaltigkeit/erstmals-mehr-als-zehn-gigawatt-offshore-windkraft-installiert-201047605.html,https://www.faz.net/aktuell/wirtschaft/klima-nachhaltigkeit/erstmals-mehr-als-zehn-gigawatt-offshore-windkraft-installiert-201047605.html,0,www.faz.net,In Nord- und Ostsee: Erstmals mehr als zehn Gigawatt Offshore-Windkraft installiert,"Derzeit werden in schneller Folge neue Windanlagen ans Stromnetz angeschlossen. Doch die Investoren zögern mit weiteren Vorhaben. Die Branche hat konkrete Vorschläge, um den Ausbau wieder anzutreiben.",https://media0.faz.net/image/w1200h627/c5d51ea88141/w5000h2612x0y100o/202604/436eb6e36e-3da8-11f1-9031-9ee86fa104c1/schwerlastkran-auf-hoher-see.webp,2026-07-21T16:23:41Z,,"Nord- und Ostsee werden immer relevanter für die Energieversorgung in Deutschland. Allein das, was im ersten Halbjahr an Offshore-Anlagen neu ans Netz angeschlossen wurde, entspricht etwa der Leistun… [+5785 chars]",,de,'Ausbau'
https://www.morgenpost.de/politik/article412635790/foerderung-fuer-solaranlagen-sinkt-lohnt-sich-eine-anlage-jetzt-noch.html,https://www.morgenpost.de/politik/article412635790/foerderung-fuer-solaranlagen-sinkt-lohnt-sich-eine-anlage-jetzt-noch.html,0,www.morgenpost.de,Förderung für Solaranlagen sinkt: Lohnt sich eine Anlage jetzt noch?,Wirtschaftsministerin Reiche schraubt an der Förderung für PV-Anlagen auf Dächern. Was kommen soll und wann sich die Investition rechnet.,https://img.sparknews.funkemedien.de/412640578/412640578_1784646324_v16_9_1600.jpeg,2026-07-21T18:03:47Z,,"Solarenergie boomt. Nach Zahlen der Bundesnetzagentur gingen allein im ersten Halbjahr in Deutschland Anlagen mit einer Leistung von insgesamt knapp 7,4 Gigawatt-Peak ans Netz, rund neun Prozent mehr… [+5873 chars]",,de,'Solar'
https://hallespektrum.de/aktuelles/willingmann-kritisiert-geplante-eeg-reform-und-fordert-staerkere-foerderung-kleiner-solaranlagen/478081/,https://hallespektrum.de/aktuelles/willingmann-kritisiert-geplante-eeg-reform-und-fordert-staerkere-foerderung-kleiner-solaranlagen/478081/,0,hallespektrum.de,Willingmann kritisiert geplante EEG-Reform und fordert stärkere Förderung kleiner Solaranlagen,Magdeburg. Sachsen-Anhalts Energieminister Prof. Dr. Armin Willingmann hat die von Bundeswirtschaftsministerin Katherina Reiche überarbeiteten Pläne zur Reform des Erneuerbare-Energien-Gesetzes (EEG) als unzureichend bezeichnet. Zwar enthalte die überarbeitet…,https://hallespektrum.de/wp-content/uploads/2025/07/Willingmann2.jpg,2026-07-22T09:03:10Z,,Magdeburg. Sachsen-Anhalts Energieminister Prof. Dr. Armin Willingmann hat die von Bundeswirtschaftsministerin Katherina Reiche überarbeiteten Pläne zur Reform des Erneuerbare-Energien-Gesetzes (EEG)… [+2098 chars],,de,'Solar'
https://www.golem.de/sonstiges/zustimmung/auswahl.html?from=https://www.golem.de/news/co2-senke-verdreifachung-der-deutschen-solarleistung-dank-moor-pv-2607-211145.html&referer=https://t.co/78796505ae,https://www.golem.de/sonstiges/zustimmung/auswahl.html?from=https://www.golem.de/news/co2-senke-verdreifachung-der-deutschen-solarleistung-dank-moor-pv-2607-211145.html&referer=https://t.co/78796505ae,0,www.golem.de,CO2-Senke: Verdreifachung der deutschen Solarleistung dank Moor-PV,"Über 200 Gigawatt an Photovoltaik haben auf wiedervernässten Mooren Platz. Die Klimaziele ließen sich dadurch bedeutend schneller erreichen. (Solarenergie, Fraunhofer)",,2026-07-22T09:11:01Z,,"Besuchen Sie Golem.de wie gewohnt mit Werbung und Tracking,
 indem Sie der Nutzung aller Cookies zustimmen.
 Details zum Tracking finden Sie im Privacy Center.
Skript wurde nicht geladen. Informat… [+607 chars]",,de,'Solar'
https://ooe.orf.at/stories/3363834/,https://ooe.orf.at/stories/3363834/,0,ooe.orf.at,Geopolitische Spannungen verteuern Energie,"Die Spritpreise ziehen wieder an. Auslöser sind die jüngsten Spannungen zwischen den USA und dem Iran, die den Ölpreis steigen lassen. Gleichzeitig wird die staatliche Spritpreisbremse schrittweise zurückgenommen. Derzeit verbilligt sie Diesel und Benzin um w…",https://ibs.orf.at/ooe?image=https%3A%2F%2Foekastatic.orf.at%2Fmims%2F2022%2F08%2F25%2Fcrops%2Fw%3D1200%2Ch%3D627%2Cq%3D75%2F1244239_master_443625_220218_bh_teures_tanken-00_00_02_07.jpg%3Fs%3D89c29cd76d5ebe04dfe1f9581db18bd83f363a65,2026-07-22T15:58:36Z,,Der Sprit wird wieder deutlich teurer. Seit Ende Juni ist der Dieselpreis um fast 20 Prozent gestiegen. Hauptgrund ist die neuerliche Eskalation des Konflikts zwischen dem Iran und den USA. Sie treib… [+1748 chars],,de,'Ölpreis'
https://www.welt.de/videos/video6a6105fcdf889b74b6648da8/jetzt-im-livestream-bombardieren-und-zerstoeren-us-angriffe-treiben-oelpreis-auf-hoechsten-stand-seit-juni.html,https://www.welt.de/videos/video6a6105fcdf889b74b6648da8/jetzt-im-livestream-bombardieren-und-zerstoeren-us-angriffe-treiben-oelpreis-auf-hoechsten-stand-seit-juni.html,0,www.welt.de,„Bombardieren und zerstören“ – US-Angriffe treiben Ölpreis auf höchsten Stand seit Juni,"Erneut hat das US-Militär Ziele im Iran attackiert, es ist die zwölfte nächtliche Angriffswelle in Folge. US-Präsident Trump hatte seine Drohungen gegen das Land zuvor noch einmal verschärft. Sehen Sie diese und weitere Nachrichten bei WELT TV.",https://images.welt.de/6a6105fcdf889b74b6648da8/9824d49e42b6c898506e19ce7f287bd6/ci16x9-w1200/1784705172473-afp-c2u82nt-jpg,2026-07-22T18:12:32Z,,"Erneut hat das US-Militär Ziele im Iran attackiert, es ist die zwölfte nächtliche Angriffswelle in Folge. US-Präsident Trump hatte seine Drohungen gegen das Land zuvor noch einmal verschärft. Sehen S… [+104 chars]",,de,'Ölpreis'
https://www.nzz.ch/pro/der-naechste-seeweg-ist-blockiert-droht-nun-doch-eine-energiekrise-ld.10016390,https://www.nzz.ch/pro/der-naechste-seeweg-ist-blockiert-droht-nun-doch-eine-energiekrise-ld.10016390,0,www.nzz.ch,Der nächste Seeweg ist blockiert – droht nun doch eine Energiekrise?,Nach der Strasse von Hormuz ist nun auch der Bab al-Mandab am Roten Meer gesperrt. Was diese neue Lage bedeuten könnte.,"https://img-msp-prod.nzz.ch/2026/07/22/cfc6fbb9-26ba-4579-919b-fe2e42de3752.jpg?width=1200&height=674&fit=bounds&quality=75&auto=webp&crop=3001,1688,x5,y0&wmark=nzz",2026-07-23T03:38:07Z,,"Nach der Strasse von Hormuz ist nun auch der Bab al-Mandab am Roten Meer gesperrt. Was diese neue Lage bedeuten könnte.
Kommentieren
Zusammenfassung
Das nächste Nadelöhr ist zu: Ein jemenitischer … [+10287 chars]",,de,'Energiekrise'
https://vorarlberg.orf.at/stories/3363824/,https://vorarlberg.orf.at/stories/3363824/,0,vorarlberg.orf.at,„Keine Lotterie“: Neue PV-Förderung geplant,"Energiestaatssekretärin Elisabeth Zehetner (ÖVP) lehnt die Forderungen der Photovoltaik-Branche nach einer Senkung der Mehrwertsteuer auf zehn bis zwölf Prozent ab. Sie will stattdessen ein neues Fördersystem, das ab 2027 in Kraft treten soll. Das sagte sie a…",https://ibs.orf.at/vbg?image=https%3A%2F%2Foekastatic.orf.at%2Fmims%2F2025%2F28%2F94%2Fcrops%2Fw%3D1200%2Ch%3D627%2Cq%3D75%2F2693696_master_1036694_downloadmedium_1.jpg%3Fs%3Dff59313f290fa792ef14629cd9d3e7ca3cbeaee0,2026-07-23T03:43:55Z,,"Derzeit stößt die Photovoltaik-Förderung des Bundes auf erhebliche Kritik. Vertreter der Elektrotechnikindustrie bemängeln, dass die Fördermittel bei jüngsten Fördercalls bereits innerhalb von Sekund… [+1591 chars]",,de,'Photovoltaik'
https://www.faz.net/premium/weltwirtschaft/weltwissen/us-wirtschaft-fuenf-gruende-warum-sie-trotz-krise-waechst-accg-201047521.html,https://www.faz.net/premium/weltwirtschaft/weltwissen/us-wirtschaft-fuenf-gruende-warum-sie-trotz-krise-waechst-accg-201047521.html,0,www.faz.net,"Konjunktur: Fünf Gründe, warum die US-Wirtschaft nicht lahmt","In Amerika bleibt die vielfach vorhergesagte Krise bislang aus. Im Gegenteil: Die Wirtschaft wächst robust, der Arbeitsmarkt ist stabil und die Inflation erträglich. Analysten nennen dafür fünf Gründe.",https://media0.faz.net/image/w1200h627/bc09293d268d/w3000h1567x0y216o/202508/43601.0.1194798999/ist-es-ein-wunder-dass-es-der.webp,2026-07-23T04:50:00Z,,"Da ist es wieder, ein neues Zollgewitter von US-Präsident Donald Trump. Diesmal droht er Kanada mit einem Aufschlag von 50 Prozent auf bestimmte Produkte wie Hockeyschläger, Wein und Zement.  Damit r… [+244 chars]",,de,'Inflation'
https://www.tagesschau.de/wirtschaft/finanzen/marktberichte/marktbericht-dax-dow-jones-berichtssaison-iran-100.html,https://www.tagesschau.de/wirtschaft/finanzen/marktberichte/marktbericht-dax-dow-jones-berichtssaison-iran-100.html,0,www.tagesschau.de,Marktbericht: Anleger schwanken zwischen Bilanzen und Ölpreisen,"Die Berichtssaison in den USA ist in vollem Gange. Anleger schauen genau darauf, ob sich die hohen KI-Investitionen auszahlen. Doch nicht alle Tech-Giganten legen überzeugende Zahlen vor.",https://images.tagesschau.de/image/89614d04-fccf-4229-aac5-bf0e60c2d362/AAABnSQoOG8/AAABnSSvrFg/16x9-big/boerse-498.jpg?width=1280,2026-07-23T05:26:58Z,,"Stand: 23.07.2026 07:26 Uhr
Die Berichtssaison in den USA ist in vollem Gange. Anleger schauen genau darauf, ob sich die hohen KI-Investitionen auszahlen. Doch nicht alle Tech-Giganten legen überzeu… [+6184 chars]",,de,'Ölpreis'
https://www.zeit.de/news/2026-07/23/oelpreise-legen-weiter-zu-hoechster-stand-seit-anfang-juni,https://www.zeit.de/news/2026-07/23/oelpreise-legen-weiter-zu-hoechster-stand-seit-anfang-juni,0,www.zeit.de,Iran-Krieg: Ölpreise legen weiter zu - Höchster Stand seit Anfang Juni,Hier finden Sie Informationen zu dem Thema „Iran-Krieg“. Lesen Sie jetzt „Ölpreise legen weiter zu - Höchster Stand seit Anfang Juni“.,https://img.zeit.de/news/2026-07/23/oelpreise-legen-weiter-zu-hoechster-stand-seit-anfang-juni-image-group/wide__1300x731,2026-07-23T06:27:46Z,,Der Krieg zwischen den USA und dem Iran treibt die Ölpreise weiter in die Höhe. Der Preis für die Referenzsorte Brent aus der Nordsee zur Lieferung im September stieg erstmals seit Anfang Juni über d… [+1741 chars],,de,'Ölpreis'
https://www.tagesspiegel.de/wirtschaft/iran-krieg-olpreise-legen-weiter-zu-hochster-stand-seit-anfang-juni-15868959.html,https://www.tagesspiegel.de/wirtschaft/iran-krieg-olpreise-legen-weiter-zu-hochster-stand-seit-anfang-juni-15868959.html,0,www.tagesspiegel.de,Iran-Krieg: Ölpreise legen weiter zu - Höchster Stand seit Anfang Juni,Angriffe auf Tanker im Roten Meer und eine erneute US-Offensive gegen den Iran sorgen für steigende Ölpreise.,https://www.tagesspiegel.de/images/15868958/alternates/BASE_16_9_W1400/1784788160000/stra-e-von-hormus.jpeg,2026-07-23T06:29:20Z,,Der Krieg zwischen den USA und dem Iran treibt die Ölpreise weiter in die Höhe. Der Preis für die Referenzsorte Brent aus der Nordsee zur Lieferung im September stieg erstmals seit Anfang Juni über d… [+1799 chars],,de,'Ölpreis'
https://www.diepresse.com/39096343/aus-fuer-lotterie-entwurf-fuer-neue-photovoltaik-foerderung-soll-bis,https://www.diepresse.com/39096343/aus-fuer-lotterie-entwurf-fuer-neue-photovoltaik-foerderung-soll-bis,0,www.diepresse.com,Aus für „Lotterie“: Entwurf für neue Photovoltaik-Förderung soll bis Oktober kommen,"Staatssekretärin Elisabeth Zehetner will vor dem Fördercall am 8. Oktober Klarheit
schaffen. Es sollten eher Speicher statt PV-Anlagen gefördert werden.",https://img.diepresse.com/public/incoming/r1jswh-kein-titel/alternates/WEBP_WIDE_1200/kein%20Titel,2026-07-23T08:17:03Z,,"Die Presse auf Google als bevorzugte Nachrichtenquelle hinzufügen.
 Energie-Staatssekretärin Elisabeth Zehetner (ÖVP) will noch vor dem 8. Oktober einen Entwurf für die künftige Photovoltaik-Förderu… [+1254 chars]",,de,'Photovoltaik'
https://www.zeit.de/news/2026-07/23/flaute-beim-windkraft-ausbau-in-thueringen,https://www.zeit.de/news/2026-07/23/flaute-beim-windkraft-ausbau-in-thueringen,0,www.zeit.de,Windräder: Flaute beim Windkraft-Ausbau in Thüringen,Hier finden Sie Informationen zu dem Thema „Windräder“. Lesen Sie jetzt „Flaute beim Windkraft-Ausbau in Thüringen“.,https://img.zeit.de/news/2026-07/23/flaute-beim-windkraft-ausbau-in-thueringen-image-group/wide__1300x731,2026-07-23T10:11:25Z,,"Der Ausbau der Windkraft stockt in Thüringen. Im ersten Halbjahr 2026 ging im Freistaat nur eine neue Windkraftanlage mit einer Leistung von sechs Megawatt (MW) in Betrieb, wie aus Daten der Fachagen… [+1538 chars]",,de,'Windenergie'
https://www.n-tv.de/wirtschaft/Oelpreise-steigen-auf-hoechsten-Stand-seit-Anfang-Juni-id31116786.html,https://www.n-tv.de/wirtschaft/Oelpreise-steigen-auf-hoechsten-Stand-seit-Anfang-Juni-id31116786.html,0,www.n-tv.de,Brent vor 100-Dollar-Marke: Ölpreise steigen auf höchsten Stand seit Anfang Juni,"Die Eskalation im Iran-Krieg verschärft die Sorgen der Anleger. Die Ölpreise sind einem seltenen Risiko durch gleichzeitige Störungen ausgesetzt, wie eine Expertin erklärt. Der begehrte Rohstoff verteuert sich prompt.",https://www.n-tv.de/img/31116897/1784808204/Img_16_9/1200/Handelsschiffe-liegen-in-der-Naehe-von-Khasab-einer-Kleinstadt-im-Norden-Omans-in-der-Strasse-von-Hormus.jpg,2026-07-23T10:18:48Z,,"Die Situation ist für Öltanker im Nahen Osten derzeit völlig unklar. (Foto: picture alliance/dpa/Xinhua)
Die Eskalation im Iran-Krieg verschärft die Sorgen der Anleger. Die Ölpreise sind einem selte… [+2239 chars]",,de,'Ölpreis'
https://www.derstandard.at/story/3000000332671/entwurf-f252r-k252nftige-photovoltaik-f246rderung-bis-anfang-oktober,https://www.derstandard.at/story/3000000332671/entwurf-f252r-k252nftige-photovoltaik-f246rderung-bis-anfang-oktober,0,www.derstandard.at,Regierung will bis Oktober neuen Entwurf zur Photovoltaik-Förderung vorlegen,"Nachdem die letzten Fördermittel bereits nach wenigen Sekunden vergeben waren, sollen für den dritten und letzten Fördercall dieses Jahres auch Branchenvertreter eingebunden werden",https://i.ds.at/lnNrEw/rs:fill:1200:600/plain/lido-images/2026/03/23/5ca980e5-3af9-4afa-96f2-67d3a0308a1c.jpg,2026-07-23T10:24:52Z,,"Sie entscheiden darüber, wie Sie unsere Inhalte nutzen wollen. Ihr Gerät erlaubt uns derzeit leider nicht, die entsprechenden Optionen anzuzeigen.
Bitte deaktivieren Sie sämtliche Hard- und Software… [+180 chars]",,de,'Photovoltaik'
https://www.zeit.de/news/2026-07/23/linke-halten-ausbau-der-jugendhilfe-fuer-geboten,https://www.zeit.de/news/2026-07/23/linke-halten-ausbau-der-jugendhilfe-fuer-geboten,0,www.zeit.de,Jugendhilfe: Linke halten Ausbau der Jugendhilfe für geboten,Hier finden Sie Informationen zu dem Thema „Jugendhilfe“. Lesen Sie jetzt „Linke halten Ausbau der Jugendhilfe für geboten“.,https://img.zeit.de/news/2026-07/23/linke-halten-ausbau-der-jugendhilfe-fuer-geboten-image-group/wide__1300x731,2026-07-23T10:25:24Z,,"Die Linken halten einen Ausbau der Jugendhilfe für notwendig. «In einer Zeit gesellschaftlicher und finanzieller Unsicherheit braucht die sächsische Kinder- und Jugendhilfe ein klares Signal», betont… [+2286 chars]",,de,'Inflation'
https://www.zeit.de/news/2026-07/23/rheinland-pfalz-beim-ausbau-von-windenergie-im-mittelfeld,https://www.zeit.de/news/2026-07/23/rheinland-pfalz-beim-ausbau-von-windenergie-im-mittelfeld,0,www.zeit.de,Windenergie: Rheinland-Pfalz beim Ausbau von Windenergie im Mittelfeld,Hier finden Sie Informationen zu dem Thema „Windenergie“. Lesen Sie jetzt „Rheinland-Pfalz beim Ausbau von Windenergie im Mittelfeld“.,https://img.zeit.de/news/2026-07/23/rheinland-pfalz-beim-ausbau-von-windenergie-im-mittelfeld-image-group/wide__1300x731,2026-07-23T10:51:35Z,,"Rheinland-Pfalz befindet sich beim Ausbau der Windkraft bundesweit im Mittelfeld. Im ersten Halbjahr 2026 wurden im Land 22 Windräder an Land mit einer elektrischen Gesamtleistung von rund 118,2 Mega… [+1934 chars]",,de,'Windenergie'
https://www.zeit.de/news/2026-07/23/sachsen-mit-zweitwenigsten-windraedern-unter-flaechenlaendern,https://www.zeit.de/news/2026-07/23/sachsen-mit-zweitwenigsten-windraedern-unter-flaechenlaendern,0,www.zeit.de,Erneuerbare Energie: Sachsen mit zweitwenigsten Windrädern unter Flächenländern,Hier finden Sie Informationen zu dem Thema „Erneuerbare Energie“. Lesen Sie jetzt „Sachsen mit zweitwenigsten Windrädern unter Flächenländern“.,https://img.zeit.de/news/2026-07/23/sachsen-mit-zweitwenigsten-windraedern-unter-flaechenlaendern-image-group/wide__1300x731,2026-07-23T10:57:23Z,,Im Vergleich der Flächenländer hat Sachsen die zweitwenigsten Windräder. Das geht aus einer Auswertung der Fachagentur Wind und Solar im Auftrag des Bundesverbandes WindEnergie (BWE) und des Verbande… [+2014 chars],,de,'Windenergie'
https://www.tagesspiegel.de/wirtschaft/geldpolitik-ezb-wartet-ab-zinserhohung-erst-im-september-erwartet-15871683.html,https://www.tagesspiegel.de/wirtschaft/geldpolitik-ezb-wartet-ab-zinserhohung-erst-im-september-erwartet-15871683.html,0,www.tagesspiegel.de,Geldpolitik: EZB wartet ab - Zinserhöhung erst im September erwartet,Die Inflation hat sich zuletzt abgeschwächt. Das ermöglicht der Europäischen Zentralbank eine Zinspause. Doch die Unsicherheit wegen des Iran-Krieges bleibt.,https://www.tagesspiegel.de/images/15871758/alternates/BASE_16_9_W1400/1784809240000/europaische-zentralbank.jpeg,2026-07-23T12:16:48Z,,Im Euroraum bleiben die Leitzinsen trotz anhaltender Inflationsgefahren vorerst unverändert. Nachdem die Europäische Zentralbank (EZB) im Juni erstmals seit fast drei Jahren die Zinsen angehoben hatt… [+3600 chars],,de,'Inflation'
https://www.sueddeutsche.de/wirtschaft/ezb-leitzins-inflation-eurozone-rohstoffpreise-li.3519943,https://www.sueddeutsche.de/wirtschaft/ezb-leitzins-inflation-eurozone-rohstoffpreise-li.3519943,0,www.sueddeutsche.de,Geldpolitik: EZB hält Leitzins konstant,Die Europäische Zentralbank hält den Leitzins stabil trotz steigender Inflation und Ölpreiserhöhung durch den Iran-Konflikt. Tagesgeldzinsen in Deutschland steigen kaum.,https://www.sueddeutsche.de/2026/07/23/8db3391c-c007-48f5-9202-5aef9d18fb56.jpg?q=60&fm=webp&width=1200&rect=0%2C213%2C4000%2C2250,2026-07-23T12:18:49Z,,"Angesichts der erneuten Eskalation im Iran-Krieg möchte die Notenbank aber zunächst Zeit gewinnen, um die Auswirkungen des Konflikts auf die Rohstoffpreise und die Inflation insgesamt abschätzen zu k… [+2225 chars]",,de,'Ölpreis'
https://www.zeit.de/wirtschaft/2026-07/ezb-leitzins-zinsentscheidung-einlagensatz-geldpolitik,https://www.zeit.de/wirtschaft/2026-07/ezb-leitzins-zinsentscheidung-einlagensatz-geldpolitik,0,www.zeit.de,Europäische Zentralbank: EZB lässt Leitzinsen unverändert,Die EZB bleibt vorerst wie erwartet bei ihren Leitzinsen. Erst im Juni hatte sie diese angehoben – erstmals seit 2023 wegen der Inflation aufgrund des Irankriegs.,https://img.zeit.de/wirtschaft/2026-07/ezb-leitzins-zinsentscheidung-einlagensatz-geldpolitik-foto-1/wide__1300x731,2026-07-23T12:32:41Z,,"Die Europäische Zentralbank (EZB) hält den Leitzins
unverändert. Der Einlagensatz, über den die Notenbank maßgeblich ihre Geldpolitik
steuert, bleibt
bei 2,25 Prozent, teilte die Bank mit. Erst im… [+3308 chars]",,de,'Inflation'
https://www.zeit.de/wirtschaft/2026-07/regierung-bulgarien-discounter-preise-inflation-marktmacht,https://www.zeit.de/wirtschaft/2026-07/regierung-bulgarien-discounter-preise-inflation-marktmacht,0,www.zeit.de,Discounter: Wie Bulgarien Lidl und Rewe die Preise diktiert,Offiziell ist es Inflationsbekämpfung. Doch mit neuen Regeln wehrt sich Bulgariens Regierung auch gegen die Marktmacht der Discounterketten der Gruppen Schwarz und Rewe.,https://img.zeit.de/wirtschaft/2026-07/regierung-bulgarien-discounter-preise-inflation-marktmacht-bild/wide__1300x731,2026-07-23T12:43:03Z,,"Inhalt
Auf einer Seite lesen
 Inhalt
<ol><li>Seite 1Wie Bulgarien Lidl und Rewe die Preise diktiert
</li><li>Seite 2Wer treibt die Preise wirklich?</li></ol>
Sonja Lazarova hat den Einkaufswagen… [+6250 chars]",,de,'Inflation'
https://www.tagesspiegel.de/wirtschaft/finanzen/trotz-anhaltendem-olpreisschock-ezb-halt-zinsen-vorerst-konstant-15871887.html,https://www.tagesspiegel.de/wirtschaft/finanzen/trotz-anhaltendem-olpreisschock-ezb-halt-zinsen-vorerst-konstant-15871887.html,0,www.tagesspiegel.de,Trotz anhaltendem Ölpreisschock: EZB hält Zinsen vorerst konstant,"Die Europäische Zentralbank (EZB) hält den Einlagensatz konstant bei 2,25 Prozent.",https://www.tagesspiegel.de/images/15871930/alternates/BASE_16_9_W1400/1784810470000/ezb-prasidentin-christine-lagarde.jpeg,2026-07-23T12:44:19Z,,"Die EZB pausiert nach der Zinserhöhung vom Juni und demonstriert zugleich Entschlossenheit im Kampf gegen die hohe Inflation. Der Einlagensatz bleibt konstant bei 2,25 Prozent, wie der EZB-Rat am Don… [+2362 chars]",,de,'Ölpreis'
https://www.n-tv.de/wirtschaft/Mehr-Windkraftanlagen-in-Betrieb-wuergt-Reiche-die-Entwicklung-ab-id31117250.html,https://www.n-tv.de/wirtschaft/Mehr-Windkraftanlagen-in-Betrieb-wuergt-Reiche-die-Entwicklung-ab-id31117250.html,0,www.n-tv.de,Warnung vor Ausbaustopp: Mehr Windkraftanlagen in Betrieb - würgt Reiche die Entwicklung ab?,"Im Vergleich zum Vorjahr werden mehr Windkraftanlagen fertiggestellt. Eine positive Entwicklung, denn sie spielen eine Schlüsselrolle bei der Energiewende. Pläne aus dem Wirtschaftsministerium lassen in der Branche jedoch keine gute Stimmung aufkommen.",https://www.n-tv.de/img/31117357/1784812767/Img_16_9/1200/Ein-sich-im-Bau-befindendes-Windrad-aufgenommen-in-Waldow-15-08-2025.jpg,2026-07-23T12:51:49Z,,"Vor allem Windkraft soll den Ausstieg aus fossilen Energien ermöglichen. (Foto: picture alliance / photothek.de)
Im Vergleich zum Vorjahr werden mehr Windkraftanlagen fertiggestellt. Eine positive E… [+3371 chars]",,de,'Solar'
https://www.n-tv.de/wirtschaft/EZB-haelt-Leitzins-konstant-mit-Blick-auf-weitere-Erhoehung-id31117784.html,https://www.n-tv.de/wirtschaft/EZB-haelt-Leitzins-konstant-mit-Blick-auf-weitere-Erhoehung-id31117784.html,0,www.n-tv.de,Iran-Kämpfe treiben Inflation: EZB hält Leitzins konstant - mit Blick auf weitere Erhöhung,"Im Juni hatte die EZB den Leitzins angehoben, um den Preissteigerungen infolge des Iran-Kriegs zu begegnen. Nun legen die Währungshüter eine Pause ein - die jedoch nicht lange dauern dürfte. Denn der Iran-Krieg flammt wieder auf und lässt die Ölpreise steigen.",https://www.n-tv.de/img/31117772/1784816435/Img_16_9/1200/ARCHIV-11-06-2026-Rheinland-Pfalz-Frankfurt-am-Main-Die-Sonne-scheint-ueber-der-Europaeischen-Zentralbank-EZB-in-Frankfurt-am-Main.jpg,2026-07-23T12:55:18Z,,"Schönes Wetter für die EZB? Eher nicht. Der Iran-Krieg könnte die Inflation wieder steigen lassen. (Foto: dpa)
Im Juni hatte die EZB den Leitzins angehoben, um den Preissteigerungen infolge des Iran… [+3868 chars]",,de,'Energiekrise'
https://www.welt.de/wirtschaft/article6a6209ce26ebb8e13e2ee8d6/frankfurt-am-main-ezb-wartet-ab-zinserhoehung-erst-im-september-erwartet.html,https://www.welt.de/wirtschaft/article6a6209ce26ebb8e13e2ee8d6/frankfurt-am-main-ezb-wartet-ab-zinserhoehung-erst-im-september-erwartet.html,0,www.welt.de,EZB wartet ab – Zinserhöhung erst im September erwartet,"Die EZB stoppt vorerst den Zinsanstieg und hält am Einlagenzins von 2,25 Prozent fest – der Blick richtet sich nun auf den September, während der Krieg in Nahost die Ölpreise weiter in die Höhe treibt.",https://images.welt.de/6a6209ce26ebb8e13e2ee8d6/0efb21cc1e232eb85d3b62d74b15f60d-master/ci16x9-w1200/dpa-com-260723-935-1498365-jpg,2026-07-23T12:59:32Z,,"Die EZB stoppt vorerst den Zinsanstieg und hält am Einlagenzins von 2,25 Prozent fest der Blick richtet sich nun auf den September, während der Krieg in Nahost die Ölpreise weiter in die Höhe treibt.… [+3707 chars]",,de,'Ölpreis'
https://www.faz.net/aktuell/finanzen/oelpreis-springt-wieder-ueber-100-dollar-201058751.html,https://www.faz.net/aktuell/finanzen/oelpreis-springt-wieder-ueber-100-dollar-201058751.html,0,www.faz.net,IRankrieg: Ölpreis springt wieder über 100 Dollar,"Der Irankrieg eskaliert, Öl wird teurer und teurer. Jetzt ist eine wichtige Marke überschritten.",https://media0.faz.net/image/w1200h627/aa7cef657d1a/w6720h3511x0y484o/202607/43601.0.2362968117/das-meerstueck-vor-bab-el.webp,2026-07-23T13:16:54Z,,Der Preis für ein Barrel (159 Liter) der Rohölsorte Brent überschritt am Donnerstag wieder die Marke von 100 Dollar. Innerhalb von drei Wochen ist der Preis damit um 37 Prozent gestiegen. Über 100 Do… [+2136 chars],,de,'Ölpreis'
https://orf.at/stories/3437077/,https://orf.at/stories/3437077/,0,orf.at,Ölpreis wieder über 100 Dollar,,https://orf.at/mojo/1_4_1/storyserver//news/common/images/og-fallback-news.png,2026-07-23T13:25:08Z,,Der Ölpreis ist vor dem Hintergrund der Ausweitung des Iran-Krieges auf das Rote Meer auf 100 Dollar (rund 88 Euro) pro Barrel gestiegen. Die Nordsee-Referenzssorte Brent überstieg heute Nachmittag k… [+860 chars],,de,'Ölpreis'
https://www.golem.de/sonstiges/zustimmung/auswahl.html?from=https://www.golem.de/news/quartalsbericht-investitionen-in-ki-sorgen-bei-google-fuer-negativen-free-cash-flow-2607-211210.html&referer=https://t.co/bd5dbb1e21,https://www.golem.de/sonstiges/zustimmung/auswahl.html?from=https://www.golem.de/news/quartalsbericht-investitionen-in-ki-sorgen-bei-google-fuer-negativen-free-cash-flow-2607-211210.html&referer=https://t.co/bd5dbb1e21,0,www.golem.de,Quartalsbericht: Investitionen in KI sorgen bei Google für negativen Free Cash Flow,"Rekordgewinne, boomende Cloud - und trotzdem fällt der Aktienkurs: Der Google-Mutterkonzern Alphabet investiert so gigantische Summen in den Ausbau seiner KI-Infrastruktur, dass der freie Cashflow ins Minus rutscht. Ein Bericht von Achim Sawall (Google, KI)",,2026-07-23T13:27:01Z,,"Besuchen Sie Golem.de wie gewohnt mit Werbung und Tracking,
 indem Sie der Nutzung aller Cookies zustimmen.
 Details zum Tracking finden Sie im Privacy Center.
Skript wurde nicht geladen. Informat… [+607 chars]",,de,'Ausbau'
https://www.bild.de/politik/nach-angriffen-auf-tanker-oelpreis-knackt-die-100-dollar-marke-6a6212c126ebb8e13e2eea10,https://www.bild.de/politik/nach-angriffen-auf-tanker-oelpreis-knackt-die-100-dollar-marke-6a6212c126ebb8e13e2eea10,0,www.bild.de,Nach Angriffen auf Tanker - Ölpreis knackt die 100-Dollar-Marke,"Iran-Krieg treibt Brent-Öl über 100 Dollar, Tanken könnte deutlich teurer werden.","https://images.bild.de/6a6212c126ebb8e13e2eea10/dc8d80213ba9875c90ac83d262ced415,6e27a666?w=1280",2026-07-23T13:27:58Z,,TTS-Player überspringenArtikel weiterlesenLondon Der Iran-Krieg treibt den Ölpreis auf die nächste Schock-Marke! Der Preis für ein Barrel der wichtigen Nordseesorte Brent stieg am Donnerstag zeitweis… [+1747 chars],,de,'Ölpreis'
https://www.zeit.de/wirtschaft/2026-07/oelpreis-100-dollar-brent-wti-iran-rotes-meer,https://www.zeit.de/wirtschaft/2026-07/oelpreis-100-dollar-brent-wti-iran-rotes-meer,0,www.zeit.de,Krieg in Nahost: Ölpreis steigt zeitweise auf 100 Dollar pro Barrel,Mit dem Angriff der Huthis droht eine weitere Front im Irankrieg. Es könnte eine Alternativroute für Öl über das Rote Meer abgeschnitten werden. Der Ölpreis steigt.,https://img.zeit.de/wirtschaft/2026-07/oelpreis-100-dollar-brent-wti-iran-rotes-meer-foto-1/wide__1300x731,2026-07-23T13:46:19Z,,"Der Ölpreis ist infolge der Ausweitung des Irankriegs auf
das Rote Meer auf 100 Dollar pro Barrel gestiegen. Der Preis für die Nordsee-Referenzssorte
Brent stieg seit Handelsbeginn um sechs Prozent… [+914 chars]",,de,'Ölpreis'
https://www.tagesschau.de/ausland/asien/trump-huthi-usa-iran-100.html,https://www.tagesschau.de/ausland/asien/trump-huthi-usa-iran-100.html,0,www.tagesschau.de,"Trump droht Huthi und Iran ""militärische Bestrafung"" an",Die Huthi-Angriffe auf Tanker im Roten Meer und die gegenseitigen Attacken zwischen den USA und Iran sorgen international für Besorgnis. Auch die Märkte reagieren: Der Ölpreis steigt über 100 US-Dollar.,https://images.tagesschau.de/image/8f1c0afd-e0ad-4a2f-afe7-ae17ff02e2d8/AAABn48yu90/AAABnSSvrFg/16x9-big/menschenmenge-jemen-100.jpg?width=1280,2026-07-23T13:57:16Z,,"Stand: 23.07.2026 15:57 Uhr
Die Huthi-Angriffe auf Tanker im Roten Meer und die gegenseitigen Attacken zwischen den USA und Iran sorgen international für Besorgnis. Auch die Märkte reagieren: Der Öl… [+4536 chars]",,de,'Ölpreis'
https://www.n-tv.de/wirtschaft/Oelpreis-steigt-auf-100-Dollar-pro-Barrel-id31118299.html,https://www.n-tv.de/wirtschaft/Oelpreis-steigt-auf-100-Dollar-pro-Barrel-id31118299.html,0,www.n-tv.de,Neue Eskalation im Iran-Krieg: Ölpreis steigt auf 100 Dollar pro Barrel,In der Nacht fliegt das US-Militär eine Angriffswelle gegen Ziele im Iran. Huthi-Milizen attackieren zwei saudi-arabische Tanker im Roten Meer. Die erneuten Eskalationen im Iran-Krieg treiben den Preis für Rohöl der Sorte Brent wieder in die Höhe.,https://www.n-tv.de/img/31118359/1784821456/Img_16_9/1200/Erdoelpumpen-zur-Foerderung-von-Erdoel-aufgenommenin-Niederoesterreich-Mit-dem-Beginn-des-Iran-Kriegs-sind-die-Preise-fuer-Rohoel-auf-dem-Weltmarkt-kraeftig-gestiegen.jpg,2026-07-23T14:47:50Z,,"Seit dem Beginn des Iran-Kriegs steigen die Preise für Rohöl auf dem Weltmarkt immer wieder kräftig. (Foto: picture alliance/dpa/APA)
In der Nacht fliegt das US-Militär eine Angriffswelle gegen Ziel… [+2135 chars]",,de,'Ölpreis'
https://www.zeit.de/news/2026-07/23/verband-windkraft-zubau-in-brandenburg-stockt,https://www.zeit.de/news/2026-07/23/verband-windkraft-zubau-in-brandenburg-stockt,0,www.zeit.de,Windenergie: Verband: Windkraft-Zubau in Brandenburg stockt,Hier finden Sie Informationen zu dem Thema „Windenergie“. Lesen Sie jetzt „Verband: Windkraft-Zubau in Brandenburg stockt“.,https://img.zeit.de/news/2026-07/23/verband-windkraft-zubau-in-brandenburg-stockt-image-group/wide__1300x731,2026-07-23T16:00:24Z,,Der Landesverband Erneuerbare Energien sieht für das erste Halbjahr einen stockenden Zuwachs bei Windkraftanlagen in Brandenburg. Mit 22 neu gebauten und 22 abgebauten Anlagen bleibe der Bestand an W… [+1769 chars],,de,'Windenergie'
https://www.faz.net/aktuell/wirtschaft/klima-nachhaltigkeit/flusswasserwaermepumpe-wenn-der-rhein-zur-heizung-wird-201059709.html,https://www.faz.net/aktuell/wirtschaft/klima-nachhaltigkeit/flusswasserwaermepumpe-wenn-der-rhein-zur-heizung-wird-201059709.html,0,www.faz.net,Flusswasserwärmepumpe: Wenn der Rhein zur Heizung wird,Der Bau von Europas größter Flusswasserwärmepumpe geht jetzt in die entscheidende Phase. Energieökonomen versprechen sich viel von dieser Art des Heizens – warnen allerdings vor mehreren Hürden.,https://media0.faz.net/image/w1200h627/9d8dded70eb4/w6144h3210x0y142o/202607/43601.0.2364399623/prominenz-fuer-ein.webp,2026-07-23T19:25:59Z,,"Wer das wärmewirtschaftliche Vorzeigeprojekt Kölns sehen möchte, muss ein Stück den Rhein entlangfahren. Den Fluss säumen in dieser Niedrigwasserperiode breite Kiesstrände, vom Ufer her riecht es muf… [+6841 chars]",,de,'Heizen'
https://www.n-tv.de/wirtschaft/An-der-Wall-Street-geht-s-abwaerts-id31119549.html,https://www.n-tv.de/wirtschaft/An-der-Wall-Street-geht-s-abwaerts-id31119549.html,0,www.n-tv.de,Tesla verliert 14 Prozent: An der Wall Street geht's abwärts,"Der Ölpreis klettert wieder über die 100-Dollar-Marke und die Inflationssorgen sind zurück an der Wall Street. Dazu kommen Befürchtungen, die Tech-Giganten könnten es mit ihren KI-Ausgaben übertreiben. Kurz: Es ist kein guter Tag für US-Aktien.",https://www.n-tv.de/img/31119551/1784852581/Img_16_9/1200/A-trader-works-on-the-floor-at-the-New-York-Stock-Exchange-NYSE-in-New-York-City-U-S-July-23-2026.jpg,2026-07-23T22:26:54Z,,"Nervöse Stimmung an der Wall Street. (Foto: REUTERS)
Der Ölpreis klettert wieder über die 100-Dollar-Marke und die Inflationssorgen sind zurück an der Wall Street. Dazu kommen Befürchtungen, die Tec… [+2458 chars]",,de,'Inflation'
https://www.derstandard.at/story/3000000332758/usa-griffen-erneut-militaerische-ziele-im-iran-an-schiffsverkehr-in-hormus-auf-tiefstand,https://www.derstandard.at/story/3000000332758/usa-griffen-erneut-militaerische-ziele-im-iran-an-schiffsverkehr-in-hormus-auf-tiefstand,0,www.derstandard.at,"USA griffen erneut militärische Ziele im Iran an, Schiffsverkehr in Hormus auf Tiefstand","Die USA nahmen Kommandozentralen, Drohnenlager und Küstenüberwachungsanlagen ins Visier. Der Ölpreis ist auf den höchsten Stand seit Mai gestiegen",https://i.ds.at/L_B4Vw/rs:fill:1200:600/plain/lido-images/2026/07/24/6efd552b-6760-4c01-9829-f74a5c383182.jpg,2026-07-24T04:14:05Z,,"Sie entscheiden darüber, wie Sie unsere Inhalte nutzen wollen. Ihr Gerät erlaubt uns derzeit leider nicht, die entsprechenden Optionen anzuzeigen.
Bitte deaktivieren Sie sämtliche Hard- und Software… [+180 chars]",,de,'Ölpreis'
https://www.sueddeutsche.de/politik/trumps-neue-zoelle-merz-baut-kabinett-um-oelpreis-steigt-li.3520814,https://www.sueddeutsche.de/politik/trumps-neue-zoelle-merz-baut-kabinett-um-oelpreis-steigt-li.3520814,0,www.sueddeutsche.de,SZ am Morgen: Nachrichten des Tages – die Übersicht für Eilige,"Friedrich Merz ändert CDU-Spitze, Wagner-Festspiele in Bayreuth mit Kontroversen, USA verhängen neue Zölle, Ölpreis steigt wegen Iran-Konflikt, EU bestraft Google.",https://www.sueddeutsche.de/2026/07/23/9287242f-7d4a-44f6-959e-56d1565b9505.jpg?q=60&fm=webp&width=1200&rect=0%2C209%2C4000%2C2250,2026-07-24T04:53:22Z,,"In aller Kürze: Auf Spahn folgt Thorsten Frei, bisher Chef des Bundeskanzleramts, das war vorgestern schon bekannt. Auf Freis Posten im Kanzleramt soll Nina Warken rücken, derzeit Gesundheitsminister… [+4564 chars]",,de,'Ölpreis'
https://www.tagesschau.de/wirtschaft/finanzen/marktberichte/marktbericht-dax-dow-jones-oel-iran-100.html,https://www.tagesschau.de/wirtschaft/finanzen/marktberichte/marktbericht-dax-dow-jones-oel-iran-100.html,0,www.tagesschau.de,Marktbericht: Hohe Ölpreise schicken Börsen auf Talfahrt,Die neue Eskalation im Iran-Krieg hat den Preis für das Nordseeöl Brent erstmals seit Mai über die Marke von 100 Dollar pro Barrel getrieben. Das belastet am Morgen weltweit die Aktienmärkte.,https://images.tagesschau.de/image/b3ff1aad-d74a-49f8-97f0-1806ed6945f2/AAABn1pUnjY/AAABnSSvrFg/16x9-big/boerse-526.jpg?width=1280,2026-07-24T05:24:10Z,,"Stand: 24.07.2026 07:24 Uhr
Die neue Eskalation im Iran-Krieg hat den Preis für das Nordseeöl Brent erstmals seit Mai über die Marke von 100 Dollar pro Barrel getrieben. Das belastet am Morgen weltw… [+5002 chars]",,de,'Ölpreis'
https://www.computerbase.de/artikel/smart-home/anker-solix-solarbank-4-pro-test.97537/,https://www.computerbase.de/artikel/smart-home/anker-solix-solarbank-4-pro-test.97537/,0,www.computerbase.de,Anker Solix Solarbank 4 Pro im Test: XXL-Solarkraftwerk liefert bis zu 2.500 Watt Einspeise­leistung,"Mit bis zu 5.000 Watt Solarleistung, integriertem 5-kWh-Speicher, bidirektionalem 2.500 Watt Anschluss und einer 2.500-Watt-Off-Grid-Steckdose setzt Anker Solix mit der Solarbank 4 Pro den Benchmark für die Balkonkraftwerk-Konkurrenz in diesem Jahr.",https://pics.computerbase.de/1/2/2/8/6/3-f529e7fbb8212cc7/article-1280x720.eab7464a.jpg,2026-07-24T07:30:00Z,,"Mit bis zu 5.000 Watt Solarleistung, integriertem 5-kWh-Speicher, bidirektionalem 2.500 Watt Anschluss und einer 2.500-Watt-Off-Grid-Steckdose setzt Anker Solix mit der Solarbank 4 Pro den Benchmark … [+27983 chars]",,de,'Solar'
https://www.tagesspiegel.de/wirtschaft/mobilitatskosten-sprit-immer-teurer-benzin-nahert-sich-allzeithoch-15875292.html,https://www.tagesspiegel.de/wirtschaft/mobilitatskosten-sprit-immer-teurer-benzin-nahert-sich-allzeithoch-15875292.html,0,www.tagesspiegel.de,Mobilitätskosten: Sprit immer teurer - Benzin nähert sich Allzeithoch,An den Tankstellen klettern die Preise - im Vergleich zum stark gestiegenen Ölpreis hält sich die Reaktion aber noch in Grenzen.,https://www.tagesspiegel.de/images/15875291/alternates/BASE_16_9_W1400/1784884382000/kraftstoffpreise-gehen-hoch.jpeg,2026-07-24T09:13:01Z,,"Die Spritpreise steigen immer weiter: Am Donnerstag verteuerte sich Superbenzin der Sorte E10 um 1,3 Cent und kostete im bundesweiten Tagesdurchschnitt 2,168 Euro pro Liter, wie der ADAC mitteilt. Di… [+929 chars]",,de,'Ölpreis'
https://orf.at/stories/3437156/,https://orf.at/stories/3437156/,0,orf.at,Ölpreis steigt: Neue Debatte über Spritpreisbremse,,https://orf.at/mojo/1_4_1/storyserver//news/common/images/og-fallback-news.png,2026-07-24T09:29:52Z,,"Nach dem sprunghaften Anstieg der Rohölpreise infolge der Eskalation des Iran-Krieges sind auch die Treibstoffpreise wieder stark gestiegen.
Gestern kostete Diesel im österreichweiten Median 2,038 E… [+1236 chars]",,de,'Ölpreis'
https://ooe.orf.at/stories/3364063/,https://ooe.orf.at/stories/3364063/,0,ooe.orf.at,"Verbund-Chef: Aus für PV-Förderung, Lob für Google",Verbund-Chef Michael Strugl fordert laut den Salzburger Nachrichten ein Ende der Förderungen für Photovoltaikanlagen. Zum geplanten Google-Projekt in Oberösterreich äußert er sich positiv – trotz des steigenden Strombedarfs. Förderungen für Stromspeicher hält…,https://ibs.orf.at/ooe?image=https%3A%2F%2Foekastatic.orf.at%2Fmims%2F2026%2F17%2F91%2Fcrops%2Fw%3D1200%2Ch%3D627%2Cq%3D75%2F3013008_master_1165391_google_kronstorf_rendering_google.jpg%3Fs%3Ddb23e286ea1d41abd5c2bee3d1fe42fd7462eca1,2026-07-24T09:54:41Z,,"Das Google-Rechenzentrum in Kronstorf (Bezirk Linz-Land) könnte mit bis zu 4,4 Terawattstunden (TWh) einen weit höheren Stromverbrauch haben als bisher bekannt. Steigender Strombedarf sei Teil der Mo… [+1719 chars]",,de,'Photovoltaik'
https://www.diepresse.com/39543977/greift-oesterreich-wieder-zur-spritpreisbremse,https://www.diepresse.com/39543977/greift-oesterreich-wieder-zur-spritpreisbremse,0,www.diepresse.com,Greift Österreich wieder zur Spritpreisbremse? [premium],"Die neuerliche Eskalation im Nahen Osten hat den Ölpreis explodieren lassen. Auch der Gaspreis schnellt nun, da die Speicher für den Winter gefüllt werden müssen, nach oben. Österreichs Regierung feilt an Maßnahmen zur Entlastung.",https://img.diepresse.com/public/incoming/i2ayvg-2273039476616844jpg/alternates/WEBP_WIDE_1200/2273039476616844.jpg,2026-07-24T18:01:53Z,,"Steigt der Ölpreis, steigen die Treibstoffpreise. Steigen aber die Treibstoffpreise, steigt der Unmut in der Bevölkerung. Und auch der Druck auf die Politik. Jedenfalls kostete Diesel im österreichwe… [+5498 chars]",,de,'Gasspeicher'
https://www.diepresse.com/39601766/europas-riskante-gaswette-wenn-es-kein-warmer-winter-wird-wird-es-geben,https://www.diepresse.com/39601766/europas-riskante-gaswette-wenn-es-kein-warmer-winter-wird-wird-es-geben,0,www.diepresse.com,"Europas riskante Gaswette: „Wenn es kein warmer Winter wird, wird es Probleme geben“ [premium]","In der Hoffnung auf eine baldige Öffnung der Straße von Hormuz wurden größere LNG-Käufe in Europa hinausgeschoben. Nun stellt sich die Frage: Wie teuer wird es, den Winter noch rechtzeitig abzusichern?",https://img.diepresse.com/public/incoming/chn13y-461387470jpg/alternates/WEBP_WIDE_1200/461387470.jpg,2026-07-24T18:02:06Z,,"Europa hat den Wiederaufbau seiner Gasspeicher hinausgezögert in der Hoffnung, dass die Straße von Hormuz bald wieder für Flüssigerdgas geöffnet wird. Doch knapp fünf Monate nach Beginn des Iran-Krie… [+6827 chars]",,de,'Gasspeicher'
https://www.focus.de/kultur/warum-dieter-nuhr-jetzt-waermepumpe-und-e-auto-nutzt_9c5f3496-8a36-418b-8b7f-817f91710246.html,https://www.focus.de/kultur/warum-dieter-nuhr-jetzt-waermepumpe-und-e-auto-nutzt_9c5f3496-8a36-418b-8b7f-817f91710246.html,0,www.focus.de,Warum Dieter Nuhr jetzt Wärmepumpe und E-Auto nutzt,"Dieter Nuhr überrascht bei „Inas Nacht“ mit einem Geständnis: Der Kabarettist nutzt Wärmepumpe, Solaranlage und E-Auto. Ina Müller nutzt die Gelegenheit für einen Seitenhieb auf Robert Habeck.","https://quadro.burda-forward.de/ctf/d9c39bbf-5500-4ea6-a0a0-300b1e7b06a0.a12c3ead-dd48-49ee-8843-8d775c8f8647.jpeg?im=RegionOfInterestCrop=(1200,630),regionOfInterest=(680,449)&hash=1fd64c89199f03f11d99b286c68774fd1afa91908a0fac1cc18d7ec618f3f262",2026-07-24T18:09:00Z,,"Mit Fridays For Future konnte Dieter Nuhr, der kürzlich wegen eines Femizid-Witzes in der Kritik stand, gelinde gesagt stets wenig anfangen. Mehrfach arbeitete er sich in seinen Kabarett-Programmen a… [+1379 chars]",,de,'Solar'
https://www.welt.de/wirtschaft/article6a6383413952477c49b2d083/energie-kosten-fuer-gasheizungen-koennten-sich-verdoppeln-warnt-iw-studie.html,https://www.welt.de/wirtschaft/article6a6383413952477c49b2d083/energie-kosten-fuer-gasheizungen-koennten-sich-verdoppeln-warnt-iw-studie.html,0,www.welt.de,"Kosten für Gasheizungen könnten sich verdoppeln, warnt IW-Studie",Durch das neue Heizungsgesetz droht eine Explosion der Heizkosten für Verbraucher. Davor warnt eine Studie des Instituts der Deutschen Wirtschaft. Der Preis für das Heizen mit Gas droht sich bis 2040 zu verdoppeln.,https://images.welt.de/6a6383413952477c49b2d083/b1d48e0aa458b29e59eff9eb3f8c3f44-master/ci16x9-w1200/507555890-jpg,2026-07-24T22:03:31Z,,Durch das neue Heizungsgesetz droht eine Explosion der Heizkosten für Verbraucher. Davor warnt eine Studie des Instituts der Deutschen Wirtschaft. Der Preis für das Heizen mit Gas droht sich bis 2040… [+2004 chars],,de,'Heizen'
https://www.welt.de/wirtschaft/plus6a634c30fe2765826e0fc132/energiewende-unbezahlbare-windkraft-gas-engpass-der-iran-krieg-trifft-deutschland-mit-voller-wucht.html,https://www.welt.de/wirtschaft/plus6a634c30fe2765826e0fc132/energiewende-unbezahlbare-windkraft-gas-engpass-der-iran-krieg-trifft-deutschland-mit-voller-wucht.html,0,www.welt.de,"Unbezahlbare Windkraft, Gas-Engpass – der Iran-Krieg trifft Deutschland mit voller Wucht","Im Nahen Osten wird der Iran-Krieg zum Flächenbrand. Öl- und Gaspreise ziehen wieder an, die Rückkehr der Inflation droht. Zynischerweise könnte ausgerechnet der Bereich stark gebremst werden, der das Land von fossilen Öl- und Gaslieferungen unabhängig machen…",https://images.welt.de/6a634c30fe2765826e0fc132/e2481db3e45329174b4f72b43ac9c11d-master/ci16x9-w1200/dpa-com-260714-935-1478301-jpg,2026-07-25T05:23:45Z,,"Im Nahen Osten wird der Iran-Krieg zum Flächenbrand. Öl- und Gaspreise ziehen wieder an, die Rückkehr der Inflation droht. Zynischerweise könnte ausgerechnet der Bereich stark gebremst werden, der da… [+85 chars]",,de,'Inflation'
https://taz.de/Die-Klima-News-der-Woche/!6199111/,https://taz.de/Die-Klima-News-der-Woche/!6199111/,0,taz.de,Die Klima-News der Woche: Bricht so die Energiewende zusammen?,Reiche bringt ihre Sparpläne für die Erneuerbaren voran. Die EU-Kommission will den Emissionshandel schwächen. Korallen bleichen immer mehr.,https://taz.de/picture/8632490/1200/00-QuadratMitTaz.jpeg,2026-07-25T12:18:00Z,,Reiche bringt ihre Sparpläne für die Erneuerbaren voran. Die EU-Kommission will den Emissionshandel schwächen. Korallen bleichen immer mehr. mehr...,,de,'Energiewende'
https://www.zeit.de/news/2026-07/26/energiewende-in-sachsen-zustimmung-aber-vorbehalte,https://www.zeit.de/news/2026-07/26/energiewende-in-sachsen-zustimmung-aber-vorbehalte,0,www.zeit.de,"Erneuerbare Energien: Energiewende in Sachsen: Zustimmung, aber Vorbehalte","Hier finden Sie Informationen zu dem Thema „Erneuerbare Energien“. Lesen Sie jetzt „Energiewende in Sachsen: Zustimmung, aber Vorbehalte“.",https://img.zeit.de/news/2026-07/26/energiewende-in-sachsen-zustimmung-aber-vorbehalte-image-group/wide__1300x731,2026-07-26T11:28:53Z,,"Bei der Energiewende gibt es laut einer Befragung Nachholbedarf bei der Akzeptanz in der Bevölkerung. Eine Mehrheit von 56 Prozent stehe erneuerbaren Energien zwar grundsätzlich positiv gegenüber, wi… [+2588 chars]",,de,'Erneuerbare'
https://www.faz.net/aktuell/finanzen/finanzmarkt/was-die-hoeheren-anleihe-renditen-fuer-anleger-bedeuten-accg-201059273.html,https://www.faz.net/aktuell/finanzen/finanzmarkt/was-die-hoeheren-anleihe-renditen-fuer-anleger-bedeuten-accg-201059273.html,0,www.faz.net,Renditen auf Höchstniveau: Was die höheren Anleihe-Renditen für Anleger bedeuten,Eine ganze Generation von Anlegern kennt Staatsanleihen nur als Ertragsbremse. Diese Zeiten sind vorbei. Das hat nicht nur mit der Inflation zu tun.,https://media0.faz.net/image/w1200h627/5d60cbb7a683/w6372h3329x0y150o/202106/43600.0.236145477/grosse-und-teure-plaene-die.webp,2026-07-26T11:44:34Z,,Lange Jahre nach der Finanzkrise waren die Renditen der Staatsanleihen der G-10-Länder äußerst niedrig. Mit dem russischen Überfall auf die Ukraine begann sich dies zu ändern. Der Angriff traf auf ei… [+232 chars],,de,'Inflation'
https://www.teltarif.de/solar-hut-ecoflow-solar-handy-aufladen/news/104944.html,https://www.teltarif.de/solar-hut-ecoflow-solar-handy-aufladen/news/104944.html,0,www.teltarif.de,EcoFlow Solar Hut: Handy aufladen mit Köpfchen,Der EcoFlow Solar Hut vereint einen Solar-Lademechanismus mit einer sonnenschützenden Kopfbedeckung. Ein idealer Begleiter für den Sommerurlaub.,https://www.teltarif.de/img/arch/2026/kw30/solar-hut-ecoflow-solar-handy-aufladen-1og.jpg,2026-07-26T13:08:00Z,,"Mit dem Solar Hut von EcoFlow laden Sie Ihr Smartphone unterwegs einfach per Kopf­bede­ckung auf. Das innovative Wearable besitzt nämlich ein Solarpanel, das dank 360-Grad-Ausrichtung die Sonnen­stra… [+2845 chars]",,de,'Solar'
https://www.zeit.de/news/2026-07/27/oelpreis-faellt-nach-us-angriffspause-im-iran-deutlich,https://www.zeit.de/news/2026-07/27/oelpreis-faellt-nach-us-angriffspause-im-iran-deutlich,0,www.zeit.de,Märkte: Ölpreis fällt nach US-Angriffspause im Iran deutlich,Hier finden Sie Informationen zu dem Thema „Märkte“. Lesen Sie jetzt „Ölpreis fällt nach US-Angriffspause im Iran deutlich“.,https://img.zeit.de/news/2026-07/27/oelpreis-faellt-nach-us-angriffspause-im-iran-deutlich-image-group/wide__1300x731,2026-07-27T02:29:43Z,,Nach dem Ende der US-Angriffsserie im Iran hat der Ölpreis zu Wochenbeginn deutlich nachgegeben. Der Preis für Rohöl der Referenzsorte Brent lag zeitweise bei ungefähr 92 US-Dollar je Barrel (159 Lit… [+1219 chars],,de,'Ölpreis'
https://www.faz.net/podcasts/f-a-z-podcast-fruehdenker/wie-beendet-merz-seine-personalrochade-faz-fruehdenker-201067199.html,https://www.faz.net/podcasts/f-a-z-podcast-fruehdenker/wie-beendet-merz-seine-personalrochade-faz-fruehdenker-201067199.html,0,www.faz.net,F.A.Z. Frühdenker: Wie beendet Merz seine Personalrochaden?,"Nach dem Anschlag beim CSD in Berlin wird der Tatverdächtige bei einem Polizeieinsatz getötet, Steffen Bilger soll Patrick Schnieder als Verkehrsminister ablösen, und viele Unternehmen sehen die Energiewende kritisch. Der F.A.Z. Newsletter.",https://media0.faz.net/image/w1200h627/efd080e031f9/w6000h3135x0y433o/202607/43601.0.2372227823/bundeskanzler-friedrich-merz.webp,2026-07-27T03:55:22Z,,"Nach dem Anschlag beim CSD in Berlin wird der Tatverdächtige bei einem Polizeieinsatz getötet, Steffen Bilger soll Patrick Schnieder als Verkehrsminister ablösen, und viele Unternehmen sehen die Ener… [+40 chars]",,de,'Energiewende'
https://orf.at/stories/3437369/,https://orf.at/stories/3437369/,0,orf.at,Ölpreis fällt deutlich,,https://orf.at/mojo/1_4_1/storyserver//news/common/images/og-fallback-news.png,2026-07-27T04:37:56Z,,Nach dem vorläufigen Ende der US-Angriffsserie im Iran hat der Ölpreis heute Früh deutlich nachgegeben. Der Preis für Rohöl der Referenzsorte Brent lag zeitweise bei ungefähr 92 US-Dollar je Barrel (… [+1024 chars],,de,'Ölpreis'
https://www.tagesschau.de/wirtschaft/finanzen/marktberichte/marktbericht-dax-dow-fed-oelpreis-100.html,https://www.tagesschau.de/wirtschaft/finanzen/marktberichte/marktbericht-dax-dow-fed-oelpreis-100.html,0,www.tagesschau.de,Marktbericht: Angriffspause dürfte DAX stützen,"Die Angriffspause im Nahen Osten nährt die Hoffnung auf eine Deeskalation. Auch die Ölpreise geben deutlich nach. Der DAX könnte deutlich zulegen, aber erfahrungsgemäß bleibt die Lage fragil.",https://images.tagesschau.de/image/b67c6b6d-ed89-46e7-9b57-495550086b8e/AAABn1pS1lI/AAABnSSvrFg/16x9-big/boerse-524.jpg?width=1280,2026-07-27T06:22:48Z,,"Stand: 27.07.2026 08:22 Uhr
Die Angriffspause im Nahen Osten nährt die Hoffnung auf eine Deeskalation. Auch die Ölpreise geben deutlich nach. Der DAX könnte deutlich zulegen, aber erfahrungsgemäß bl… [+2953 chars]",,de,'Ölpreis'
https://www.basicthinking.de/blog/2026/07/27/milliarden-chance-fuer-kommunen-durch-erneuerbare/,https://www.basicthinking.de/blog/2026/07/27/milliarden-chance-fuer-kommunen-durch-erneuerbare/,0,www.basicthinking.de,Milliarden-Chance für Kommunen durch Erneuerbare – doch Bund versteckt Studie,"Der Beitrag Milliarden-Chance für Kommunen durch Erneuerbare – doch Bund versteckt Studie erschien zuerst beim Online-Magazin BASIC thinking. Über unseren Newsletter UPDATE startest du jeden Morgen bestens informiert in den Tag.
Eine vom Bund beauftragte Stud…",https://www.basicthinking.de/blog/wp-content/uploads/2026/07/erneuerbare-kommunen.jpg,2026-07-27T09:00:34Z,,"Eine vom Bund beauftragte Studie zeigt, dass der Ausbau erneuerbarer Energien Kommunen, Städten und Landkreisen bis 2033 Milliarden einbringen und über 50.000 neue Arbeitsplätze schaffen könnte. Doch… [+9116 chars]",,de,'Solar'
https://www.zeit.de/news/2026-07/27/ausgedreht-laerm-windrad-wird-abgerissen,https://www.zeit.de/news/2026-07/27/ausgedreht-laerm-windrad-wird-abgerissen,0,www.zeit.de,Windenergie: Ausgedreht: Lärm-Windrad wird abgerissen,Hier finden Sie Informationen zu dem Thema „Windenergie“. Lesen Sie jetzt „Ausgedreht: Lärm-Windrad wird abgerissen“.,https://img.zeit.de/news/2026-07/27/ausgedreht-laerm-windrad-wird-abgerissen-image-group/wide__1300x731,2026-07-27T10:58:26Z,,Nach massiven Anwohnerbeschwerden wird ein Windrad in Oberwiera (Landkreis Zwickau) nach nur zweieinhalb Jahren abgerissen. Die drei Rotorblätter sind bereits demontiert und per Kran zu Boden gebrach… [+1343 chars],,de,'Windenergie'
https://www.zeit.de/news/2026-07/27/ihk-unternehmen-sehen-klimaziel-gefaehrdet,https://www.zeit.de/news/2026-07/27/ihk-unternehmen-sehen-klimaziel-gefaehrdet,0,www.zeit.de,Erneuerbare Energien: IHK: Unternehmen sehen Klimaziel gefährdet,Hier finden Sie Informationen zu dem Thema „Erneuerbare Energien“. Lesen Sie jetzt „IHK: Unternehmen sehen Klimaziel gefährdet“.,https://img.zeit.de/news/2026-07/27/ihk-unternehmen-sehen-klimaziel-gefaehrdet-image-group/wide__1300x731,2026-07-27T14:00:25Z,,"Eine Reihe von Unternehmen sieht nach eine Umfrage der Industrie- und Handelskammern (IHK) ihre Klimaziele gefährdet. Eine Mehrheit sei skeptisch, bis 2050 die Klimaneutralität erreichen zu können, e… [+1148 chars]",,de,'Erneuerbare'
https://www.faz.net/aktuell/wirtschaft/unternehmen/eew-rostock-wie-ein-eu-schutzzoll-monopiles-bedroht-201037659.html,https://www.faz.net/aktuell/wirtschaft/unternehmen/eew-rostock-wie-ein-eu-schutzzoll-monopiles-bedroht-201037659.html,0,www.faz.net,Windenergie-Zulieferer EEW: Auf Rekordjahre folgt die Existenzangst,"Windpark um Windpark hat EEW mit Stahlfundamenten für die Windräder versorgt, und die Aussichten schienen prächtig. Doch ausgerechnet ein EU-Schutzzoll würgt das Geschäft ab.",https://media0.faz.net/image/w1200h627/c870e70859e5/w3000h1567x0y306o/202512/43601.0.1604777559/fundamente-fuer-offshore.webp,2026-07-27T15:55:05Z,,"Drei, vier sehr gute Jahre hat EEW hinter sich. Wir haben unsere Werke 24/7 laufen lassen, um die Aufträge abarbeiten zu können, berichtet Markus Völkel, Finanzgeschäftsführer der EEW-Gruppe über die… [+4721 chars]",,de,'Windenergie'
