index,url,valid,domain,title,description,image,published,archive,content,quote,language,keyword
https://noe.orf.at/stories/3369252/,https://noe.orf.at/stories/3369252/,0,noe.orf.at,Stromnetz-Ausbau im Osten wird konkreter,"Im Osten Niederösterreichs werden die Pläne für einen umfangreichen Ausbau des Stromnetzes konkreter. Hauptbetroffen sind mehrere Gemeinden in den Bezirken  Baden und Bruck an der Leitha. Baustart ist mit 2030 geplant, im September startet eine Info-Tour.",https://ibs.orf.at/noe?image=https%3A%2F%2Foekastatic.orf.at%2Fmims%2F2023%2F23%2F15%2Fcrops%2Fw%3D1200%2Ch%3D627%2Cq%3D75%2F1815789_master_676815_abd0010.jpg%3Fs%3D5527478d711a8dcfe1ed7bdb98a77e93b371741c,2026-09-01T05:16:08Z,,Die sogenannte Netzverstärkung Ost zählt laut dem Übertragungsnetzbetreiber Austrian Power Grid (APG) zu den größten derzeit geplanten Strominfrastrukturprojekten in Niederösterreich und dem Burgenla… [+4045 chars],,de,'Photovoltaik'
https://www.tagesschau.de/wirtschaft/finanzen/marktberichte/marktbericht-dax-dow-geldanlage-inflation-100.html,https://www.tagesschau.de/wirtschaft/finanzen/marktberichte/marktbericht-dax-dow-geldanlage-inflation-100.html,0,www.tagesschau.de,Marktbericht: Geldpolitik und Ölpreis belasten die Anlegerlaune,Der anziehende Ölpreis und die Aussicht auf steigende Leitzinsen in den USA und der Eurozone belasten die Stimmung am Markt. Vor frischen Inflationsdaten bleiben die Anleger zurückhaltend.,https://images.tagesschau.de/image/5c52df02-e6ba-4229-a355-64a0f5be2ce1/AAABnLJUK0w/AAABnSSvrFg/16x9-big/boerse-492.jpg?width=1280,2026-09-01T05:30:07Z,,"Stand: 01.09.2026 07:30 Uhr
Der anziehende Ölpreis und die Aussicht auf steigende Leitzinsen in den USA und der Eurozone belasten die Stimmung am Markt. Vor frischen Inflationsdaten bleiben die Anle… [+2934 chars]",,de,'Ölpreis'
https://www.zeit.de/news/2026-09/01/ifo-inflation-steigt-2027-auf-3-prozent-wenig-entspannung,https://www.zeit.de/news/2026-09/01/ifo-inflation-steigt-2027-auf-3-prozent-wenig-entspannung,0,www.zeit.de,Verbraucherpreise: Ifo: Inflation steigt 2027 auf 3 Prozent - wenig Entspannung,Hier finden Sie Informationen zu dem Thema „Verbraucherpreise“. Lesen Sie jetzt „Ifo: Inflation steigt 2027 auf 3 Prozent - wenig Entspannung“.,https://img.zeit.de/news/2026-09/01/ifo-inflation-steigt-2027-auf-3-prozent-wenig-entspannung-image-group/wide__1300x731,2026-09-01T06:38:54Z,,"Das Ifo-Institut erwartet vorübergehend weniger Preisdruck in Deutschland, sieht aber keine nachhaltige Entspannung bei der Inflation. Im August planten nach Angaben des Münchner Wirtschaftsforschung… [+1196 chars]",,de,'Inflation'
https://stadt-bremerhaven.de/bosch-smart-home-neue-heiz-funktionen-fuer-home-und-personenunterscheidung-mit-eyes/,https://stadt-bremerhaven.de/bosch-smart-home-neue-heiz-funktionen-fuer-home-und-personenunterscheidung-mit-eyes/,0,stadt-bremerhaven.de,Bosch Smart Home: Neue Heiz-Funktionen für Home+ und Personenunterscheidung mit Eyes+,Bosch Smart Home feiert zehnjähriges Bestehen und zeigt zur IFA 2026 neue Funktionen für das eigene System. Im Fokus stehen dabei vor allem Neuerungen beim Heizen...Zum Beitrag: Bosch Smart Home: Neue Heiz-Funktionen für Home+ und Personenunterscheidung mit E…,https://stadt-bremerhaven.de/wp-content/uploads/2026/08/unnamed-7-scaled.webp,2026-09-01T06:59:42Z,,Bosch Smart Home feiert zehnjähriges Bestehen und zeigt zur IFA 2026 neue Funktionen für das eigene System. Im Fokus stehen dabei vor allem Neuerungen beim Heizen sowie bei den hauseigenen Überwachun… [+1896 chars],,de,'Heizen'
https://www.faz.net/aktuell/finanzen/usa-und-iran-wie-anleger-klumpenrisiko-clever-vermeiden-accg-201175670.html,https://www.faz.net/aktuell/finanzen/usa-und-iran-wie-anleger-klumpenrisiko-clever-vermeiden-accg-201175670.html,0,www.faz.net,Risiken streuen: Klumpen vermeiden,Neue Angriffe der USA gegen Iran belasten den Ölpreis. Nervös macht das die Anleger nicht.,https://media0.faz.net/image/w1200h627/cfbf1e41d4cd/w5000h2612x0y231o/202608/43601.0.2455154244/bulle-und-baer-stehen-vor-der.webp,2026-09-01T07:33:01Z,,"Viele der geopolitischen Spannungen sind längst in den Aktienkursen eingepreist. Dass der Krieg zwischen den USA und Iran zum Wochenstart von neuen Angriffen begleitet war, sorgte für Bewegungen des … [+1164 chars]",,de,'Ölpreis'
https://www.zeit.de/news/2026-09/01/wadephul-setzt-auf-algerien-als-partner-fuer-gaslieferungen,https://www.zeit.de/news/2026-09/01/wadephul-setzt-auf-algerien-als-partner-fuer-gaslieferungen,0,www.zeit.de,Gasspeicher: Wadephul setzt auf Algerien als Partner für Gaslieferungen,Hier finden Sie Informationen zu dem Thema „Gasspeicher“. Lesen Sie jetzt „Wadephul setzt auf Algerien als Partner für Gaslieferungen“.,https://img.zeit.de/news/2026-09/01/wadephul-setzt-auf-algerien-als-partner-fuer-gaslieferungen-image-group/wide__1300x731,2026-09-01T08:22:47Z,,"Gas aus Algerien könnte nach Ansicht von Außenminister Johann Wadephul langfristig dabei helfen, die Gasspeicher in Deutschland zu füllen. «Diversifizierung ist absolut das Gebot der Stunde», sagte d… [+1776 chars]",,de,'Gasspeicher'
https://www.faz.net/aktuell/finanzen/finanzmarkt/inflationssprung-auf-3-3-prozent-was-heisst-das-fuer-sparer-und-kreditnehmer-accg-201176214.html,https://www.faz.net/aktuell/finanzen/finanzmarkt/inflationssprung-auf-3-3-prozent-was-heisst-das-fuer-sparer-und-kreditnehmer-accg-201176214.html,0,www.faz.net,"Vor der EZB-Sitzung: Inflation im Euroraum steigt deutlich auf 3,3 Prozent",Die spürbar höhere Inflation dürfte im Euroraum zu einer Zinserhöhung führen. Was heißt das für Sparer und Kreditnehmer?,https://media0.faz.net/image/w1200h627/54d8ddab627b/w7675h4010x0y554o/202608/43601.0.2473316706/notenbankzentrale-in-frankfurt.webp,2026-09-01T09:01:51Z,,"Die Inflation im Euroraum belief sich im August auf 3,3 Prozent. Das hat das europäische Statistikamt Eurostat in Luxemburg am Dienstag aufgrund einer ersten Schätzung mitgeteilt. Im Juli hatte die R… [+4821 chars]",,de,'Inflation'
https://www.zeit.de/wirtschaft/2026-09/inflation-eurozone-verbraucherpreise-ezb-zinserhoehung-gxe,https://www.zeit.de/wirtschaft/2026-09/inflation-eurozone-verbraucherpreise-ezb-zinserhoehung-gxe,0,www.zeit.de,"Eurozone: Inflation im Euroraum steigt laut Schätzung auf 3,3 Prozent",Die Preise in der Eurozone sind im August deutlich gestiegen. Treiber der Inflation sind die Energiekosten. In anderen Bereichen fällt die Teuerung moderater aus.,https://img.zeit.de/wirtschaft/2026-09/inflation-eurozone-verbraucherpreise-ezb-zinserhoehung-foto-1/wide__1300x731,2026-09-01T09:26:27Z,,"Die Inflation im Euroraum ist im August auf 3,3 Prozent gestiegen. Das teilte das EU-Statistikamt Eurostat mit. Bei den Zahlen handelt es sich um eine Schätzung, die auf vorläufigen Zahlen beruht. Im… [+1725 chars]",,de,'Inflation'
https://www.welt.de/wirtschaft/video6a96afd6518a586e1855f624/verbraucherpreise-im-euroraum-die-inflation-wird-nicht-konsequent-bekaempft.html,https://www.welt.de/wirtschaft/video6a96afd6518a586e1855f624/verbraucherpreise-im-euroraum-die-inflation-wird-nicht-konsequent-bekaempft.html,0,www.welt.de,„Die Inflation wird nicht konsequent bekämpft“,"Die Verbraucherpreise im Euroraum sind im August um 3,3 Prozent gestiegen. „Die EZB läuft der Inflation hinterher“, sagt Kapitalmarktanalyst Robert Halver im Gespräch mit Dietmar Deffner.",https://images.welt.de/6a96afd6518a586e1855f624/4c65d63a14838c4dfe6c944e91464e1f/ci16x9-w1200/deffner-png,2026-09-01T13:24:07Z,,"Die Verbraucherpreise im Euroraum sind im August um 3,3 Prozent gestiegen. Die EZB läuft der Inflation hinterher, sagt Kapitalmarktanalyst Robert Halver im Gespräch mit Dietmar Deffner.
© Axel Sprin… [+45 chars]",,de,'Inflation'
https://www.dw.com/de/johann-wadephul-deutschland-algerien-erdgas-energie/a-78620746,https://www.dw.com/de/johann-wadephul-deutschland-algerien-erdgas-energie/a-78620746,0,www.dw.com,Wadephul sieht Algerien als Energie-Retter für Deutschland,"Die deutschen Gasspeicher sind halbleer - was wenige Monate vor dem Winter vielerorts Sorgen auslöst. Der Bundesaußenminister hofft auf Hilfe aus dem Maghreb. Erdgas aus Algerien könnte nach Ansicht von Außenminister Johann Wadephul langfristig dabei helfen, …",https://static.dw.com/image/78584547_6.jpg,2026-09-01T14:23:00Z,,"Erdgas aus Algerien könnte nach Ansicht von Außenminister Johann Wadephul langfristig dabei helfen, die Gasspeicher in Deutschland zu füllen. ""Diversifizierung ist absolut das Gebot der Stunde"", sagt… [+2045 chars]",,de,'Gasspeicher'
https://www.derstandard.at/story/3000000337950/214lpreise-legen-weiter-zu,https://www.derstandard.at/story/3000000337950/214lpreise-legen-weiter-zu,0,www.derstandard.at,"Europas Gaspreis auf Höchststand seit Beginn des Iran-Kriegs, auch Ölpreis steigt",In der Straße von Hormus ist ein Öltanker beschossen worden. Das lässt den Ölpreis ansteigen. Die Sorge um LNG aus der Golfregion wächst,https://i.ds.at/IGieMg/rs:fill:1200:600/plain/lido-images/2026/04/14/fe4ce6c5-76ed-4d67-b35f-4ce3a83c3e73.jpg,2026-09-01T14:28:39Z,,"Sie entscheiden darüber, wie Sie unsere Inhalte nutzen wollen. Ihr Gerät erlaubt uns derzeit leider nicht, die entsprechenden Optionen anzuzeigen.
Bitte deaktivieren Sie sämtliche Hard- und Software… [+180 chars]",,de,'Ölpreis'
https://www.faz.net/aktuell/wirtschaft/mehr-wirtschaft/inflationssprung-die-ezb-muss-dringend-handeln-201178620.html,https://www.faz.net/aktuell/wirtschaft/mehr-wirtschaft/inflationssprung-die-ezb-muss-dringend-handeln-201178620.html,0,www.faz.net,Europäische Zentralbank: Es ist höchste Zeit für eine Zinserhöhung,Die Inflation im Euroraum erreicht den höchsten Stand seit drei Jahren. Die Anleiherenditen schnellen hoch. Jetzt darf die EZB sich nicht von fiskalischen Erwägungen beeindrucken lassen.,https://media0.faz.net/image/w1200h627/2b7fe7d3c5fe/w6144h3210x0y835o/202609/43601.0.2492161371/die-ezb-muss-naechste-woche.webp,2026-09-01T17:01:52Z,,"Die Inflation ist viel zu hoch. Von 2,9 Prozent im Juli ist die Teuerung im Euroraum auf 3,3 Prozent im August gestiegen. Commerzbank-Ökonomen sprechen von einem Inflationssprung. In den ersten Eurol… [+2033 chars]",,de,'Inflation'
https://www.diepresse.com/41223908/die-oelpreise-legen-weiter-zu-brent-steigt-ueber-94-us-dollar,https://www.diepresse.com/41223908/die-oelpreise-legen-weiter-zu-brent-steigt-ueber-94-us-dollar,0,www.diepresse.com,Die Ölpreise legen weiter zu: Brent steigt über 94 US-Dollar,Der neuerliche Beschuss von Öltankern und die US-Luftangriffe treiben die Preise. Es gibt nach wie vor keine Aussicht auf eine Öffnung der Straße von Hormuz.,https://img.diepresse.com/public/incoming/nvhmm6-2026-03-11t142936z2823079rc2b2kacbfk4rtrmadp3iran-crisis-shipping-attacks-factboxjpg/alternates/WEBP_WIDE_1200/2026-03-11T142936Z_2823079_RC2B2KACBFK4_RTRMADP_3_IRAN-CRISIS-SHIPPING-ATTACKS-FACTBOX.JPG,2026-09-01T19:23:03Z,,"Die Presse auf Google als bevorzugte Nachrichtenquelle hinzufügen.
 Angesichts einer weiteren Zuspitzung der Lage im Nahen Osten haben die Ölpreise am Dienstag ihre Tagesgewinne deutlich ausgebaut. … [+3397 chars]",,de,'Preisanstieg'
https://www.sueddeutsche.de/politik/liveblog-nahost-iran-usa-oel-angriffe-preise-li.3530668,https://www.sueddeutsche.de/politik/liveblog-nahost-iran-usa-oel-angriffe-preise-li.3530668,0,www.sueddeutsche.de,Newsblog zum Nahost-Krieg: Ölpreise ziehen nach neuen US-Angriffen in Iran weiter an,Der Preis für Rohöl der US-Sorte WTI kletterte erstmals seit Ende Juli auf über 90 Dollar. Washington ruft seine Bürger im Nahen Osten zu erhöhter Vorsicht auf.,https://www.sueddeutsche.de/2026/09/01/3eae310d-69d2-43a4-ac82-34d5bfd89a33.jpg?q=60&fm=webp&width=1200&rect=0%2C209%2C4000%2C2250,2026-09-01T20:28:32Z,,US-Präsident Donald Trump fordert nach dem Tod von Demonstranten in Iran eine Anklage gegen die Verantwortlichen. Sie müssen wegen Kriegsverbrechen gegen die Menschlichkeit vor Gericht gestellt werde… [+1356 chars],,de,'Ölpreis'
https://www.n-tv.de/wirtschaft/Stimmung-an-der-Wall-Street-truebt-sich-weiter-ein-id31258797.html,https://www.n-tv.de/wirtschaft/Stimmung-an-der-Wall-Street-truebt-sich-weiter-ein-id31258797.html,0,www.n-tv.de,Ölpreis legt zu: Stimmung an der Wall Street trübt sich weiter ein,Die Wall Street ist auf Abwärtskurs: Den dritten Tag in Folge schließen die US-Börsen im Minus. Vor allem die neuen Militärschläge in der Straße von Hormus heizen die Inflationssorgen an. Inzwischen rechnen viele Anleger mit einer Zinserhöhung noch in diesem …,https://www.n-tv.de/img/31258814/1788304613/Img_16_9/1200/image.jpg,2026-09-01T21:26:04Z,,"September ist historisch der schlechteste Monat an der Wall Street. Der gerade begonnene scheint da keine Ausnahme zu machen. (Foto: AP Photo/Yuki Iwamura)
Die Wall Street ist auf Abwärtskurs: Den d… [+3415 chars]",,de,'Inflation'
https://www.focus.de/finanzen/amerikas-inflation-ist-schoener-als-die-wirklichkeit_90167dcf-10e8-484c-adec-d8a1b231c182.html,https://www.focus.de/finanzen/amerikas-inflation-ist-schoener-als-die-wirklichkeit_90167dcf-10e8-484c-adec-d8a1b231c182.html,0,www.focus.de,Amerikas Inflation ist schöner als die Wirklichkeit,"Die Fed steckt in der Zinsfalle: Warum Inflation, US-Schulden und Konjunktur hohe Zinsen für Amerika zum Problem machen.","https://quadro.burda-forward.de/ctf/ea6c14e5-9a37-4e32-9de8-d86782bdb51f.59779624-3096-4c4b-a423-297dbcd859d0.jpeg?im=RegionOfInterestCrop=(1200,630),regionOfInterest=(1020,164)&hash=9cd5494242b79a97093fb75b487ca0a218f603cdf9cc0b95bb5693fd48be8e86",2026-09-02T00:44:00Z,,"In seiner Rede hat der immer noch frische Amtsinhaber Kevin Warsh deutlich auf die Trommel der Preisstabilität geschlagen. Konkret hat er betont, dass das Risiko einer zu frühen Zinslockerung größer … [+7147 chars]",,de,'Inflation'
https://www.nzz.ch/meinung/solarstrom-missverstanden-und-kaputtgefoerdert-ld.10019058,https://www.nzz.ch/meinung/solarstrom-missverstanden-und-kaputtgefoerdert-ld.10019058,0,www.nzz.ch,GASTKOMMENTAR - Solarstrom: missverstanden und kaputtgefördert?,"Photovoltaikanlagen werden zuerst gefördert, dann im Energiegesetz für obligatorisch erklärt, und ab 2027 soll man dafür bezahlen, Strom ins Netz einspeisen zu dürfen. Es überrascht nicht, dass Zweifel an der Energiestrategie aufkommen.","https://img-msp-prod.nzz.ch/2026/09/01/76d33ef6-6b84-4967-b6b7-073d9b29da58.jpg?width=1200&height=675&fit=bounds&quality=75&auto=webp&crop=5907,3323,x0,y615&wmark=nzz",2026-09-02T03:25:00Z,,"Photovoltaikanlagen werden zuerst gefördert, dann im Energiegesetz für obligatorisch erklärt, und ab 2027 soll man dafür bezahlen, Strom ins Netz einspeisen zu dürfen. Es überrascht nicht, dass Zweif… [+5967 chars]",,de,'Photovoltaik'
https://www.n-tv.de/wirtschaft/Merz-besorgt-wegen-niedriger-Gasfuellstaende-id31259439.html,https://www.n-tv.de/wirtschaft/Merz-besorgt-wegen-niedriger-Gasfuellstaende-id31259439.html,0,www.n-tv.de,Druck auf Reiche wächst: Merz besorgt wegen niedriger Gasfüllstände,"Wie gut ist Deutschland auf den Winter vorbereitet? Noch sind die Füllstände in den Gasspeichern niedrig - was Kanzler Merz offenbar so beunruhigt, dass er sich nun regelmäßig über die Lage informieren lässt. Auch sein Digitalminister macht sich Sorgen.",https://www.n-tv.de/img/31259479/1788333433/Img_16_9/1200/615316759.jpg,2026-09-02T06:00:14Z,,"Merz zum Abschluss der Kabinettsklausur in Neuhardenberg, wo sein Digitalminister vor Engpässen warnte. (Foto: picture alliance / dts-Agentur)
Wie gut ist Deutschland auf den Winter vorbereitet? Noc… [+2726 chars]",,de,'Winter'
https://www.welt.de/mediathek/talk/meine-welt-meine-meinung/video6a97ba51c53a6557d48dcbe8/holger-zschaepitz-das-ist-die-inflation-von-morgen-und-das-haben-die-leute-gar-nicht-richtig-mitbekommen.html,https://www.welt.de/mediathek/talk/meine-welt-meine-meinung/video6a97ba51c53a6557d48dcbe8/holger-zschaepitz-das-ist-die-inflation-von-morgen-und-das-haben-die-leute-gar-nicht-richtig-mitbekommen.html,0,www.welt.de,„Das ist die Inflation von morgen – und das haben die Leute gar nicht richtig mitbekommen“,"Energiepreise explodieren, die Rentenbehörde wächst und die Steuerreform sorgt für Ärger: Bei „Meine WELT, meine Meinung“ nimmt Holger Zschäpitz die Politik unter die Lupe. Außerdem erklärt er, warum Berlin mehr können müsste – und macht konkrete Vorschläge.",https://images.welt.de/6a97ba51c53a6557d48dcbe8/c6d6f0691fdbffbf0be886e5957ed012-master/ci16x9-w1200/zschaepitz-jpg,2026-09-02T06:28:13Z,,"Energiepreise explodieren, die Rentenbehörde wächst und die Steuerreform sorgt für Ärger: Bei Meine WELT, meine Meinung nimmt Holger Zschäpitz die Politik unter die Lupe. Außerdem erklärt er, warum B… [+114 chars]",,de,'Inflation'
https://www.tagesschau.de/wirtschaft/konjunktur/inflation-ezb-renditen-anleihen-preise-100.html,https://www.tagesschau.de/wirtschaft/konjunktur/inflation-ezb-renditen-anleihen-preise-100.html,0,www.tagesschau.de,Was hilft gegen die gestiegene Inflation?,"Die Euro-Inflation liegt inzwischen bei 3,3 Prozent. Grund ist vor allem das teure Rohöl als Folge des Iran-Kriegs - ein Dilemma für Europas Notenbanker. Steigen die Preise bald womöglich noch schneller? Von Angela Göpfert.",https://images.tagesschau.de/image/19238128-5c1b-4352-85f7-01cee85ce630/AAABoBnNk84/AAABnSSvrFg/16x9-big/spritpreise-240.jpg?width=1280,2026-09-02T07:03:04Z,,"Stand: 02.09.2026 09:03 Uhr
Die Euro-Inflation liegt inzwischen bei 3,3 Prozent. Grund ist vor allem das teure Rohöl als Folge des Iran-Kriegs - ein Dilemma für Europas Notenbanker. Steigen die Prei… [+5700 chars]",,de,'Inflation'
https://taz.de/-Nachrichten-im-Iran-Krieg-/!6209355/,https://taz.de/-Nachrichten-im-Iran-Krieg-/!6209355/,0,taz.de,+++ Nachrichten im Iran-Krieg +++: Neue Angriffe zwischen USA und Iran,"Washington beschießt militärische Ziele im Iran, Teheran US-Ziele und Verbündete in der Region; es gibt Tote. Derweil wird der Ölpreis wieder erhöht.",https://taz.de/picture/8710426/1200/41972190.jpeg,2026-09-02T07:10:00Z,,"Washington beschießt militärische Ziele im Iran, Teheran US-Ziele und Verbündete in der Region; es gibt Tote. Derweil wird der Ölpreis wieder erhöht. mehr...",,de,'Ölpreis'
https://www.dw.com/de/iran-mindestens-15-tote-nach-us-attacken-donald-trump-stra%C3%9Fe-von-hormus/a-78701341,https://www.dw.com/de/iran-mindestens-15-tote-nach-us-attacken-donald-trump-stra%C3%9Fe-von-hormus/a-78701341,0,www.dw.com,Iran: Mindestens 15 Tote nach US-Attacken,Der Ölpreis reagiert heftig auf die jüngste Eskalationsspirale zwischen den Konfliktparteien. US-Präsident Trump gibt sich demonstrativ gelassen und fordert die iranische Bevölkerung erneut zum Umsturz auf. Die USA und der Iran haben sich erneut gegenseitig a…,https://static.dw.com/image/78696562_6.jpg,2026-09-02T09:37:00Z,,Die USA und der Iran haben sich erneut gegenseitig attackiert und damit die Ölpreise weiter nach oben getrieben. Ein Barrel Rohöl der Referenzsorte Brent mit Lieferung im November kostete zwischenzei… [+4900 chars],,de,'Ölpreis'
https://www.golem.de/sonstiges/zustimmung/auswahl.html?from=https://www.golem.de/news/glasfaser-telekom-schliesst-buendnis-mit-kabelnetzbetreiber-rehnig-2609-212551.html&referer=https://t.co/e0b8465523,https://www.golem.de/sonstiges/zustimmung/auswahl.html?from=https://www.golem.de/news/glasfaser-telekom-schliesst-buendnis-mit-kabelnetzbetreiber-rehnig-2609-212551.html&referer=https://t.co/e0b8465523,0,www.golem.de,Glasfaser: Telekom schließt Bündnis mit Kabelnetzbetreiber Rehnig,"Die Telekom schließt einen Deal mit der Rehnig Group. Beim Inhouse-Ausbau teilt man sich das Glasfaser-Kabel. (Glasfaser, Telekom)",,2026-09-02T12:00:02Z,,"Besuchen Sie Golem.de wie gewohnt mit Werbung und Tracking,
 indem Sie der Nutzung aller Cookies zustimmen.
 Details zum Tracking finden Sie im Privacy Center.
Skript wurde nicht geladen. Informat… [+607 chars]",,de,'Ausbau'
https://www.n-tv.de/wirtschaft/US-Anleger-sind-auf-Schnaeppchenjagd-id31263510.html,https://www.n-tv.de/wirtschaft/US-Anleger-sind-auf-Schnaeppchenjagd-id31263510.html,0,www.n-tv.de,Halbleiterwerte wieder gefragt: US-Anleger sind auf Schnäppchenjagd,"Seit Freitag schließt die Wall Street im Minus, jetzt nutzen die Anleger die Gelegenheit für einen Wiedereinstieg. Sorgen über die Lage im Nahen Osten und den steigenden Ölpreis können die Kauflaune nicht trüben.",https://www.n-tv.de/img/31263546/1788391815/Img_16_9/1200/image.jpg,2026-09-02T21:32:07Z,,"Es läuft wieder besser an der Wall Street. (Foto: AP Photo/Yuki Iwamura)
Seit Freitag schließt die Wall Street im Minus, jetzt nutzen die Anleger die Gelegenheit für einen Wiedereinstieg. Sorgen übe… [+2839 chars]",,de,'Ölpreis'
https://www.nzz.ch/meinung/der-neuste-inflationssprung-ist-eine-aufforderung-an-die-ezb-sie-sollte-die-leitzinsen-weiter-nach-oben-schrauben-ld.10022033,https://www.nzz.ch/meinung/der-neuste-inflationssprung-ist-eine-aufforderung-an-die-ezb-sie-sollte-die-leitzinsen-weiter-nach-oben-schrauben-ld.10022033,0,www.nzz.ch,KOMMENTAR - Der neuste Inflationssprung ist eine Aufforderung an die EZB: Sie sollte die Leitzinsen weiter nach oben schrauben,"Die hohe Teuerung trifft vor allem die ärmere Bevölkerung. Die EZB sollte das wirtschaftliche Umfeld nutzen, um die Inflation zu stoppen.","https://img-msp-prod.nzz.ch/2026/09/02/660c7c94-b288-4fd0-ba83-1ee143344887.jpg?width=1200&height=675&fit=bounds&quality=75&auto=webp&crop=4641,2611,x0,y0&wmark=nzz",2026-09-03T03:30:00Z,,"Die hohe Teuerung trifft vor allem die ärmere Bevölkerung. Die EZB sollte das wirtschaftliche Umfeld nutzen, um die Inflation zu stoppen.
03.09.2026, 05.30 Uhr
Zusammenfassung
Das Euro-Zeichen im … [+4489 chars]",,de,'Inflation'
https://www.zeit.de/wirtschaft/2026-09/gasspeicher-deutschland-betreiber-ines-kosten-winter,https://www.zeit.de/wirtschaft/2026-09/gasspeicher-deutschland-betreiber-ines-kosten-winter,0,www.zeit.de,Gasspeicher in Deutschland: Betreiber von Gasspeichern fordern Vergünstigungen,Deutschlands Gasspeicher sind im Schnitt zu gut 53 Prozent gefüllt. Die Betreiber von Gasspeichern warnen vor einem Mangel und schlagen Maßnahmen zur Vergünstigung vor.,https://img.zeit.de/wirtschaft/2026-09/gasspeicher-deutschland-betreiber-ines-kosten-winter-foto-1/wide__1300x731,2026-09-03T06:34:33Z,,"Um die Gasspeicherstände in Deutschland zu erhöhen, wollen die Betreiber von Gasspeichern Vergünstigungen für ihr Geschäft. »Die aktuellen Marktbedingungen setzen keine ausreichenden wirtschaftlichen… [+867 chars]",,de,'Gasspeicher'
https://www.focus.de/finanzen/boerse/so-viel-werden-100-euro-wert-sein-wenn-sie-in-rente-gehen_2efe3b5e-617e-4675-825b-ed003ab62a08.html,https://www.focus.de/finanzen/boerse/so-viel-werden-100-euro-wert-sein-wenn-sie-in-rente-gehen_2efe3b5e-617e-4675-825b-ed003ab62a08.html,0,www.focus.de,"So viel werden 100 Euro wert sein, wenn Sie in Rente gehen","Inflation senkt die Kaufkraft bis zur Rente. So berechnen Sie, was 100 Euro künftig wert sind und wie viel mehr Sie sparen müssen.","https://quadro.burda-forward.de/ctf/5fa02f29-0535-4f53-9aaf-5881b5d086e1.c1de857f-a3e6-4f05-ba2b-bc0fd1e49aa4.jpg?im=RegionOfInterestCrop=(1200,630),regionOfInterest=(1051,419)&hash=8e7fdf5389b142506861df4149644d652cf30326cf3bf42f1dada0f1a4d362cc",2026-09-03T07:37:00Z,,Nach vorläufigen Zahlen liegt die aktuelle Inflation in Deutschland bei fast drei Prozent. Besonders die Energiepreise haben wegen des Iran-Krieges und der damit verbundenen Einschränkungen der Straß… [+5662 chars],,de,'Preisanstieg'
https://www.zeit.de/wirtschaft/2026-09/benzinpreis-super-e10-adac-rekord-iran-konflikt-gxe,https://www.zeit.de/wirtschaft/2026-09/benzinpreis-super-e10-adac-rekord-iran-konflikt-gxe,0,www.zeit.de,Benzinpreis in Deutschland: Benzinpreis erreicht nach neuen Angriffen auf den Iran Höchststand,"Gemessen ohne Inflation ist Benzin in Deutschland so teuer wie noch nie. Seit den jüngsten US-Angriffen auf den Iran kostet ein Liter E10 im Schnitt 2,22 Euro.",https://img.zeit.de/wirtschaft/2026-09/benzinpreis-super-e10-adac-rekord-iran-konflikt-foto-1/wide__1300x731,2026-09-03T08:06:33Z,,"Nach den erneuten Angriffen der USA auf den Iran ist der Preis für Superbenzin E10 in Deutschland auf einen Höchststand gestiegen. Ein Liter kostete am Mittwoch im bundesweiten Durchschnitt 2,215 Eur… [+1615 chars]",,de,'Inflation'
https://www.zeit.de/news/2026-09/03/preisspruenge-bei-oel-und-gas-machen-tanken-und-heizen-teurer,https://www.zeit.de/news/2026-09/03/preisspruenge-bei-oel-und-gas-machen-tanken-und-heizen-teurer,0,www.zeit.de,Energiepreise: Preissprünge bei Öl und Gas machen Tanken und Heizen teurer,Hier finden Sie Informationen zu dem Thema „Energiepreise“. Lesen Sie jetzt „Preissprünge bei Öl und Gas machen Tanken und Heizen teurer“.,https://img.zeit.de/news/2026-09/03/preisspruenge-bei-oel-und-gas-machen-tanken-und-heizen-teurer-image-group/wide__1300x731,2026-09-03T10:45:33Z,,Schlechte Nachrichten für Autofahrer und Heizölkunden - und möglicherweise noch mehr Verbraucher: Auf dem Weltmarkt ist der Preis für Rohöl wieder deutlich gestiegen. Die Notierung für Rohöl der Nord… [+5580 chars],,de,'Heizen'
https://www.tagesspiegel.de/wirtschaft/dpa-energiepreise-16013361.html,https://www.tagesspiegel.de/wirtschaft/dpa-energiepreise-16013361.html,0,www.tagesspiegel.de,Energiepreise: Preissprünge bei Öl und Gas machen Tanken und Heizen teurer,"Auch wenn es zwischenzeitlich etwas Entspannung gab, der Iran-Krieg hält die Preise für Öl und Gas hoch. Das trifft die Wirtschaft, aber auch die Verbraucher, die tanken und heizen müssen.",https://www.tagesspiegel.de/images/16013360/alternates/BASE_16_9_W1400/1788432389000/raffinerie-pck.jpeg,2026-09-03T10:46:29Z,,Schlechte Nachrichten für Autofahrer und Heizölkunden - und möglicherweise noch mehr Verbraucher: Auf dem Weltmarkt ist der Preis für Rohöl wieder deutlich gestiegen. Die Notierung für Rohöl der Nord… [+5637 chars],,de,'Preisanstieg'
https://www.telepolis.de/article/Europas-Gasspeicher-vor-dem-Winter-nur-zu-65-Prozent-gefuellt-11440584.html,https://www.telepolis.de/article/Europas-Gasspeicher-vor-dem-Winter-nur-zu-65-Prozent-gefuellt-11440584.html,0,www.telepolis.de,Europas Gasspeicher vor dem Winter nur zu 65 Prozent gefüllt,"EU-Speicher auf 15-Jahres-Tief, LNG-Preise auf 3,5-Jahres-Hoch: Der Iran-Krieg und zögerliche Einkäufe gefährden die Energieversorgung.",https://heise.cloudimg.io/v7/_www-heise-de_/imgs/18/5/1/5/8/6/6/5/shutterstock_1660250275-7f684530eaef6827.jpg?func=bound&height=1200&org_if_sml=1&q=85&width=1200,2026-09-03T15:30:00Z,,"(Bild: Vova Shevchuk / Shutterstock.com)
EU-Speicher auf 15-Jahres-Tief, LNG-Preise auf 3,5-Jahres-Hoch: Der Iran-Krieg und zögerliche Einkäufe gefährden die Energieversorgung.
Europa geht ein hohe… [+3224 chars]",,de,'Gasspeicher'
https://www.focus.de/finanzen/warum-amerikas-inflation-schoener-ist-als-die-wirklichkeit_90167dcf-10e8-484c-adec-d8a1b231c182.html,https://www.focus.de/finanzen/warum-amerikas-inflation-schoener-ist-als-die-wirklichkeit_90167dcf-10e8-484c-adec-d8a1b231c182.html,0,www.focus.de,Warum Amerikas Inflation schöner ist als die Wirklichkeit,"Die Fed steckt in der Zinsfalle: Warum Inflation, US-Schulden und Konjunktur hohe Zinsen für Amerika zum Problem machen.","https://quadro.burda-forward.de/ctf/ea6c14e5-9a37-4e32-9de8-d86782bdb51f.59779624-3096-4c4b-a423-297dbcd859d0.jpeg?im=RegionOfInterestCrop=(1200,630),regionOfInterest=(1020,164)&hash=9cd5494242b79a97093fb75b487ca0a218f603cdf9cc0b95bb5693fd48be8e86",2026-09-03T15:51:00Z,,"In seiner Rede hat der immer noch frische Amtsinhaber Kevin Warsh deutlich auf die Trommel der Preisstabilität geschlagen. Konkret hat er betont, dass das Risiko einer zu frühen Zinslockerung größer … [+7147 chars]",,de,'Inflation'
https://salzburg.orf.at/stories/3369753/,https://salzburg.orf.at/stories/3369753/,0,salzburg.orf.at,Stromspenden gegen Energiearmut: Ausbau des Angebots,"Diesen Sommer ist in Österreich so viel überschüssiger Strom gespendet worden wie noch nie. Das berichtet die Energiegemeinschaft Robin Powerhood, die Energiearmut bekämpfen will. Auch in Salzburg wächst die Zahl der Menschen, die Strom spenden oder beziehen.…",https://ibs.orf.at/sbg?image=https%3A%2F%2Foekastatic.orf.at%2Fmims%2F2026%2F36%2F28%2Fcrops%2Fw%3D1200%2Ch%3D627%2Cq%3D75%2F3171088_master_1229628_downloadmedium_2.jpg%3Fs%3D625142d258649b4dc9707bff50bc0cad9db0ba09,2026-09-03T16:45:00Z,,"Die Halleiner Schwestern Franziskanerinnen zählen zu den bisher neun Stromspenderinnen und Stromspendern in Salzburg. Den überschüssigen Strom ihrer Photovoltaikanlage verkaufen sie nicht, sondern st… [+3465 chars]",,de,'Energiearmut'
https://www.diepresse.com/41224640/krieg-blockaden-88-prozent-inflation-wie-schafft-es-der-iran-seine-am,https://www.diepresse.com/41224640/krieg-blockaden-88-prozent-inflation-wie-schafft-es-der-iran-seine-am,0,www.diepresse.com,"Krieg, Blockaden, 88 Prozent Inflation: Wie schafft es der Iran, seine Wirtschaft am Laufen zu halten? [premium]","Die US-Blockade trifft Irans wichtigste Einnahmequellen, der Rial ist auf ein Rekordtief gefallen, die Inflation explodiert. Dass die Wirtschaft trotzdem nicht kollabiert, hat spezifische Gründe. Sie erinnern auffällig an Russland.",https://img.diepresse.com/public/incoming/ezog3h-afpb6cd8pdjpg/alternates/WEBP_WIDE_1200/AFP_B6CD8PD.jpg,2026-09-03T18:18:26Z,,"Irans Wirtschaft steckt in einer tiefen Krise: Die Inflation ist auf fast 88 Prozent gestiegen, der Rial auf ein Rekordtief gefallen. Dennoch ist die Wirtschaft nach sechs Monaten Krieg nicht kollabi… [+8781 chars]",,de,'Inflation'
https://www.computerbase.de/news/monitore/coloredge-cg3200x-erster-oled-monitor-von-eizo-kommt-im-winter.99234/,https://www.computerbase.de/news/monitore/coloredge-cg3200x-erster-oled-monitor-von-eizo-kommt-im-winter.99234/,0,www.computerbase.de,ColorEdge CG3200X: Erster OLED-Monitor von Eizo kommt im Winter,"Es hat lange gedauert, doch jetzt hat Eizo seinen ersten OLED-Monitor der ColorEdge-Serie im Detail vorgestellt. Der CG3200X nutzt ein QD-OLED-Panel mit UHD-Auflösung und 31,5 Zoll. Stolz bewirbt das Unternehmen den Automatic Brightness Limiter (ABL) zum Schu…",https://pics.computerbase.de/1/2/4/7/1/1-b2c88acbe6d40a7a/article-1280x720.e175ef6a.jpg,2026-09-04T04:30:00Z,,"Es hat lange gedauert, doch jetzt hat Eizo seinen ersten OLED-Monitor der ColorEdge-Serie im Detail vorgestellt. Der CG3200X nutzt ein QD-OLED-Panel mit UHD-Auflösung und 31,5 Zoll. Stolz bewirbt das… [+4401 chars]",,de,'Winter'
https://www.faz.net/aktuell/wirtschaft/klima-nachhaltigkeit/leo-birnbaum-was-den-gaspreis-diesen-winter-antreibt-accg-201177793.html,https://www.faz.net/aktuell/wirtschaft/klima-nachhaltigkeit/leo-birnbaum-was-den-gaspreis-diesen-winter-antreibt-accg-201177793.html,0,www.faz.net,Eon-Chef Birnbaum im Interview: „Das wird zu hohen Gaspreisen führen“,"Eon-Chef Leo Birnbaum spricht im Interview über den kommenden Winter, Sabotage im Energienetz und zehn Jahre Wartezeit auf Stromanschlüsse für Rechenzentren.",https://media0.faz.net/image/w1200h627/f48e54722fc7/w5000h2612x0y360o/202608/43601.0.2489775742/leonhard-birnbaum-59-ist-seit.webp,2026-09-04T05:13:01Z,,"Herr Birnbaum, Sie haben immer wieder davor gewarnt, dass Deutschland dabei ist, seine Industrie zu verlieren 
Ja, und anfangs wurde mir deshalb Schwarzmalerei vorgeworfen. Leider aber ist die Deind… [+10614 chars]",,de,'Winter'
https://www.telepolis.de/article/Chinas-stille-Macht-Warum-der-Oelpreis-nicht-staerker-stieg-11440302.html,https://www.telepolis.de/article/Chinas-stille-Macht-Warum-der-Oelpreis-nicht-staerker-stieg-11440302.html,0,www.telepolis.de,Chinas stille Macht: Warum der Ölpreis nicht stärker stieg,"Trotz der Spannungen an der Straße von Hormus blieb der Ölpreis unter den Erwartungen. Der Grund: China steuert Nachfrage, Reserven und Lieferwege.",https://heise.cloudimg.io/v7/_www-heise-de_/imgs/18/5/1/5/8/5/2/0/shutterstock_2767466895-8a562cc8e598fba7.jpg?func=bound&height=1200&org_if_sml=1&q=85&width=1200,2026-09-04T06:00:00Z,,"Chinas Einfluss auf den globalen Ölmarkt zeigt sich in der Steuerung von Nachfrage und Reserven.
(Bild: Minh8686 / Shutterstock.com)
Trotz der Spannungen an der Straße von Hormus blieb der Ölpreis … [+10267 chars]",,de,'Inflation'
https://www.telepolis.de/article/Rentenreform-Deutschland-setzt-die-Altersvorsorge-aufs-Ausland-11440782.html,https://www.telepolis.de/article/Rentenreform-Deutschland-setzt-die-Altersvorsorge-aufs-Ausland-11440782.html,0,www.telepolis.de,Rentenreform: Deutschland setzt die Altersvorsorge aufs Ausland,"Kapitaldeckung soll die Rente retten. Doch sie lenkt von stagnierenden Löhnen, fehlenden Investitionen und verfehlter Wirtschaftspolitik ab. Ein Gastbeitrag.",https://heise.cloudimg.io/v7/_www-heise-de_/imgs/18/5/1/5/8/7/6/6/Master_Rente_besser-7d5901feb8669b20.jpg?func=bound&height=1200&org_if_sml=1&q=85&width=1200,2026-09-04T07:00:00Z,,"Bild: Shutterstock.com
Kapitaldeckung soll die Rente retten. Doch sie lenkt von stagnierenden Löhnen, fehlenden Investitionen und verfehlter Wirtschaftspolitik ab. Ein Gastbeitrag.
Um dem massiven … [+15790 chars]",,de,'Inflation'
https://www.zeit.de/news/2026-09/04/spritkosten-treiben-inflation-im-august,https://www.zeit.de/news/2026-09/04/spritkosten-treiben-inflation-im-august,0,www.zeit.de,Hohe Preise: Spritkosten treiben Inflation im August,Hier finden Sie Informationen zu dem Thema „Hohe Preise“. Lesen Sie jetzt „Spritkosten treiben Inflation im August“.,https://img.zeit.de/news/2026-09/04/spritkosten-treiben-inflation-im-august-image-group/wide__1300x731,2026-09-04T09:39:06Z,,Vor allem Spritkosten haben zuletzt ordentlich angezogen und sich auch in den Geldbörsen der Menschen in Thüringen bemerkbar gemacht. Durchschnittlich erhöhten sich die Verbraucherpreise verglichen m… [+1655 chars],,de,'Inflation'
https://www.prnewswire.com/news-releases/bluetti-bsw-solar-die-shelly-group-und-flatpeak-bringen-auf-der-ifa-2026-branchenvertreter-zusammen-um-die-zukunft-einer-intelligenteren-energieversorgung-zu-gestalten-302870126.html,https://www.prnewswire.com/news-releases/bluetti-bsw-solar-die-shelly-group-und-flatpeak-bringen-auf-der-ifa-2026-branchenvertreter-zusammen-um-die-zukunft-einer-intelligenteren-energieversorgung-zu-gestalten-302870126.html,0,www.prnewswire.com,"BLUETTI, BSW-Solar, die Shelly Group und Flatpeak bringen auf der IFA 2026 Branchenvertreter zusammen, um die Zukunft einer intelligenteren Energieversorgung zu gestalten","Branchenexperten untersuchen, wie vernetzte Technologien, Echtzeitdaten und KI den Energieverbrauch der Haushalte neu gestalten. BERLIN, 4. September 2026 /PRNewswire/ -- Auf der IFA 2026, BLUETTI , brachte das Unternehmen Experten von BSW-Solar, der Shelly G…",https://mmx.prnewswire.com/media/MS1982096/BLUETTI-Panel-Talk-at-IFA-2026.jpg?id=OA2930948&p=facebook,2026-09-04T14:29:00Z,,"Branchenexperten untersuchen, wie vernetzte Technologien, Echtzeitdaten und KI den Energieverbrauch der Haushalte neu gestalten.
BERLIN, 4. September 2026 /PRNewswire/ -- Auf der IFA 2026, BLUETTI ,… [+3830 chars]",,de,'Energiewende'
https://www.morgenpost.de/ratgeber-wissen/finanzen/article412952889/goldpreis-warnsignal-worauf-experten-achten.html,https://www.morgenpost.de/ratgeber-wissen/finanzen/article412952889/goldpreis-warnsignal-worauf-experten-achten.html,0,www.morgenpost.de,"Gold als Warnsignal? Profis erklären, wann ein Preisanstieg kritisch wird","Der Goldpreis steigt, doch wann wird die Rally zum Warnsignal? Experten erklären, welche Entwicklungen Anleger an den Finanzmärkten beachten sollten.",https://img.sparknews.funkemedien.de/412890494/412890494_1786974477_v16_9_1600.jpeg,2026-09-04T14:49:00Z,,"Der Goldpreis hat 2026 bereits Rekorde erreicht, anschließend deutlich nachgegeben und seit Anfang August wieder angezogen. Für Anleger mit Gold im Portfolio ist der Kursanstieg zunächst erfreulich. … [+7493 chars]",,de,'Preisanstieg'
https://www.faz.net/aktuell/rhein-main/wirtschaft/gaspreise-steigen-was-verbraucher-jetzt-tun-koennen-accg-201183157.html,https://www.faz.net/aktuell/rhein-main/wirtschaft/gaspreise-steigen-was-verbraucher-jetzt-tun-koennen-accg-201183157.html,0,www.faz.net,Deutlicher Preisanstieg: Mit diesen Schritten können Gaskunden Kosten sparen,"Erdgas ist so teuer wie lange nicht. Verbraucherschützer rechnen mit einer herausfordernden Heizperiode. Wer jetzt seinen Tarif prüft, kann sich möglicherweise noch gegen weitere Preiserhöhungen absichern.",https://media0.faz.net/image/w1200h627/77d9312533a7/w5392h2817x0y667o/202608/43601.0.2394461758/man-mag-kaum-hinschauen.webp,2026-09-05T06:15:21Z,,"Der Konflikt im Nahen Osten ist wieder aufgeflammt, damit stirbt die Hoffnung der Branche, die Straße von Hormus, der wichtigste Transportweg in der Welt für die Energiewirtschaft, könne wieder geöff… [+5367 chars]",,de,'Preisanstieg'
https://www.faz.net/aktuell/rhein-main/wirtschaft/erdgas-wird-noch-teurer-was-verbraucher-jetzt-tun-sollten-accg-201183157.html,https://www.faz.net/aktuell/rhein-main/wirtschaft/erdgas-wird-noch-teurer-was-verbraucher-jetzt-tun-sollten-accg-201183157.html,0,www.faz.net,Deutlicher Preisanstieg: Gas-Kunden sollten jetzt neue Verträge schließen,"Erdgas ist so teuer wie lange nicht. Verbraucherschützer rechnen mit einer herausfordernden Heizperiode. Wer jetzt seinen Tarif prüft, kann das Schlimmste vielleicht noch abwehren.",https://media0.faz.net/image/w1200h627/77d9312533a7/w5392h2817x0y667o/202608/43601.0.2394461758/man-mag-kaum-hinschauen.webp,2026-09-05T06:15:21Z,,"Der Konflikt im Nahen Osten ist wieder aufgeflammt, damit stirbt die Hoffnung der Branche, die Straße von Hormus, der wichtigste Transportweg in der Welt für die Energiewirtschaft, könne wieder geöff… [+5363 chars]",,de,'Heizkosten'
https://www.china-gadgets.de/poco-f9-serie-podcast/,https://www.china-gadgets.de/poco-f9-serie-podcast/,0,www.china-gadgets.de,"POCO F9 Serie überrascht, Xiaomi liefert Akkuupgrades für alte Smartphones – Technisch Gesehen Podcast #226","Die neue POCO F9 Serie ist da und überrascht mit der Einordnung in einem ganz neuen Preissegment. Dabei erhöht man nicht nur den Preis, sondern stattet die Geräte mit noch größeren Akkus aus. Aber rechtfertigen die Akkus diesen Preisanstieg?

 
 

Link kopie…",https://www.china-gadgets.de/app/uploads/2026/09/TG_226_Quadrat.jpg,2026-09-06T15:00:47Z,,"Die neue POCO F9 Serie ist da und überrascht mit der Einordnung in einem ganz neuen Preissegment. Dabei erhöht man nicht nur den Preis, sondern stattet die Geräte mit noch größeren Akkus aus. Aber re… [+3063 chars]",,de,'Preisanstieg'
https://www.n-tv.de/wirtschaft/Kein-anderes-Land-hat-einen-Solarsprung-wie-Ungarn-hingelegt-id31256179.html,https://www.n-tv.de/wirtschaft/Kein-anderes-Land-hat-einen-Solarsprung-wie-Ungarn-hingelegt-id31256179.html,0,www.n-tv.de,"Orbáns ungewollter Solarboom: ""Kein anderes Land hat einen Solarsprung wie Ungarn hingelegt""",Der frühere ungarische Ministerpräsident Orbán interessiert sich wenig für die Energiewende. Ungarn ist dennoch globale Solarvorreiter. Durch eine unbedachte Regelung wird die eigene Solaranlage zum Muss für viele Haushalte. Im Interview klärt eine Osteuropa-…,https://www.n-tv.de/img/31256229/1788431953/Img_16_9/1200/587218028.jpg,2026-09-06T15:12:10Z,,"Viktor Orbán hat die Energiekosten der ungarischen Haushalte stark subventioniert. Im April wurde er trotzdem abgewählt. (Foto: picture alliance / NurPhoto)
Der frühere ungarische Ministerpräsident … [+11316 chars]",,de,'Solar'
https://tirol.orf.at/stories/3369947/,https://tirol.orf.at/stories/3369947/,0,tirol.orf.at,Tausende Beratungsgespräche zu Energie,Die Energieagentur Tirol hat seit ihrer Gründung vor drei Jahren rund 23.000 Beratungen durchgeführt und ist eine Anlaufstelle für Bürgerinnen und Bürger in Energiefragen. Die Themen reichen von Sanierungen und Heizungsumbauten bis hin zu Photovoltaik und Ele…,https://ibs.orf.at/tir?image=https%3A%2F%2Foekastatic.orf.at%2Fmims%2F2025%2F05%2F39%2Fcrops%2Fw%3D1200%2Ch%3D627%2Cq%3D75%2F2504247_master_959039_foto-energiegemeinschaften-c-energieagentur-tirol-punkt-agency.jpg%3Fs%3Dd509ba15a9090e285af870f0054b1be2d7376af4,2026-09-06T15:37:09Z,,2023 führten die Landesregierung aus ÖVP und SPÖ die Einrichtungen Energie Tirol und Wasser Tirol zur Energieagentur Tirol zusammen. Bevor die Regierung am Montag erneut zu einer Klausur zusammenkomm… [+2523 chars],,de,'Photovoltaik'
https://www.golem.de/sonstiges/zustimmung/auswahl.html?from=https://www.golem.de/news/wasserkraftwerke-2-600-standorte-fuer-wasserkraft-in-den-usa-bisher-ungenutzt-2609-212709.html&referer=https://t.co/4b55fc8443,https://www.golem.de/sonstiges/zustimmung/auswahl.html?from=https://www.golem.de/news/wasserkraftwerke-2-600-standorte-fuer-wasserkraft-in-den-usa-bisher-ungenutzt-2609-212709.html&referer=https://t.co/4b55fc8443,0,www.golem.de,Wasserkraftwerke: 2.600 Standorte für Wasserkraft in den USA bisher ungenutzt,"In Summe könnten Wasserkraftwerke mit der Leistung mehrerer Großkraftwerke installiert werden. Die entscheidenden Vorarbeiten sind längst erledigt. (Wasserkraft, Energiewende)",,2026-09-07T10:19:02Z,,"Besuchen Sie Golem.de wie gewohnt mit Werbung und Tracking,
 indem Sie der Nutzung aller Cookies zustimmen.
 Details zum Tracking finden Sie im Privacy Center.
Skript wurde nicht geladen. Informat… [+607 chars]",,de,'Wasserkraft'
https://www.derstandard.at/story/3000000338694/chinas-oelreserven-bremsten-den-preisanstieg-damit-koennte-es-allmaehlich-vorbei-sein,https://www.derstandard.at/story/3000000338694/chinas-oelreserven-bremsten-den-preisanstieg-damit-koennte-es-allmaehlich-vorbei-sein,0,www.derstandard.at,Chinas Ölreserven bremsten den Preisanstieg – damit könnte es allmählich vorbei sein,Nach Angriffen am Wochenende setzt der Ölpreis seinen Anstieg seit Anfang September fort. Nun könnte auch China als wichtiger Puffer am Ölmarkt unsicher werden. Es drohen neue Höchstwerte,https://i.ds.at/ssUJ4w/rs:fill:1200:600/plain/lido-images/2026/09/06/3cae8bde-b985-474c-9303-eb06136252d8.jpg,2026-09-07T13:58:05Z,,"Sie entscheiden darüber, wie Sie unsere Inhalte nutzen wollen. Ihr Gerät erlaubt uns derzeit leider nicht, die entsprechenden Optionen anzuzeigen.
Bitte deaktivieren Sie sämtliche Hard- und Software… [+180 chars]",,de,'Ölpreis'
https://www.computerbase.de/news/arbeitsspeicher/marktforscher-groesster-preisanstieg-bei-consumer-dram-erwartet.99290/,https://www.computerbase.de/news/arbeitsspeicher/marktforscher-groesster-preisanstieg-bei-consumer-dram-erwartet.99290/,0,www.computerbase.de,Marktforscher: Größter Preisanstieg bei Consumer-DRAM erwartet,"Laut der aktuellen TrendForce-Studie setzte die DRAM-Branche im 2. Quartal fast 155 Milliarden US-Dollar um, das sind knapp 60 Prozent mehr als drei Monate zuvor. Im 3. Quartal soll sich insbesondere Consumer-DRAM verteuern, da die Hersteller ihr Angebot star…",https://pics.computerbase.de/1/2/4/7/7/4-c86af15da5a7de35/article-1280x720.e4cc9837.jpg,2026-09-07T17:38:00Z,,"Laut der aktuellen TrendForce-Studie setzte die DRAM-Branche im 2. Quartal fast 155 Milliarden US-Dollar um, das sind knapp 60 Prozent mehr als drei Monate zuvor. Im 3. Quartal soll sich insbesondere… [+3159 chars]",,de,'Preisanstieg'
https://www.zeit.de/news/2026-09/08/verband-komplett-leere-gasspeicher-im-februar-sind-moeglich,https://www.zeit.de/news/2026-09/08/verband-komplett-leere-gasspeicher-im-februar-sind-moeglich,0,www.zeit.de,Energieversorgung: Verband: Komplett leere Gasspeicher im Februar sind möglich,Hier finden Sie Informationen zu dem Thema „Energieversorgung“. Lesen Sie jetzt „Verband: Komplett leere Gasspeicher im Februar sind möglich“.,https://img.zeit.de/news/2026-09/08/verband-komplett-leere-gasspeicher-im-februar-sind-moeglich-image-group/wide__1300x731,2026-09-08T04:00:05Z,,"Deutschlands Gasspeicher könnten einer Branchenschätzung zufolge Anfang Februar vollständig leer sein, sollte der Winter sehr kalt werden. Das geht aus einem Papier des Gasspeicher-Verbandes Ines her… [+3000 chars]",,de,'Gasspeicher'
https://www.zeit.de/wirtschaft/2026-09/gasspeicher-deutschland-winter-leer-initiative-energien-speichern,https://www.zeit.de/wirtschaft/2026-09/gasspeicher-deutschland-winter-leer-initiative-energien-speichern,0,www.zeit.de,Gasspeicher in Deutschland: Deutschlands Gasspeicher könnten laut Verband im Februar leer sein,"Sind die Gasspeicher im November nur zu drei Viertel gefüllt, reichen diese Vorräte nicht, wenn der Winter kalt wird. Deutschland kann aber über andere Wege Gas bekommen.",https://img.zeit.de/wirtschaft/2026-09/gasspeicher-deutschland-winter-leer-initiative-energien-speichern-foto-1/wide__1300x731,2026-09-08T05:22:45Z,,"Deutschlands Gasspeicher könnten Anfang Februar vollständig leer sein, sollte der Winter sehr kalt werden. Das geht aus einem Papier des Gasspeicher-Verbandes Ines hervor, das mehrere Szenarien durch… [+978 chars]",,de,'Winter'
https://www.focus.de/immobilien/kaufen/wohnungskaeufer-zahlen-tausende-extra-fuers-energiesparen_6501c3c9-b302-4013-a521-babbb6ba3f10.html,https://www.focus.de/immobilien/kaufen/wohnungskaeufer-zahlen-tausende-extra-fuers-energiesparen_6501c3c9-b302-4013-a521-babbb6ba3f10.html,0,www.focus.de,Energiepass: Wohnungskäufer zahlen Tausende extra fürs Energiesparen,"Wo Energieeffizienz beim Wohnungskauf am teuersten ist: In Miesbach, Garmisch-Partenkirchen und Emden sind die Aufpreise besonders hoch.","https://quadro.burda-forward.de/ctf/e84a8806-9c60-43f9-8c59-1b30cae93730.8039f06b-5012-4c6f-8fcc-f347cf85a9ad.jpeg?im=RegionOfInterestCrop=(1200,630),regionOfInterest=(1936,1296)&hash=e2e2bd9962be8f9f1df027b319b449d56a883e920cc6abcbd67a301ffc9a9b47",2026-09-08T06:04:00Z,,"Wer ein gut gedämmtes Haus kauft, spart später Heizkosten. Doch Häuser mit den Energieeffizienzklassen A, B, C und D sind auch deutlich teurer als ihre Pendants mit den schlechteren Klassen E, F, G u… [+3385 chars]",,de,'Energieeffizienz'
https://www.sueddeutsche.de/wirtschaft/erdgasspeicher-deutschland-winterengpass-li.3544149,https://www.sueddeutsche.de/wirtschaft/erdgasspeicher-deutschland-winterengpass-li.3544149,0,www.sueddeutsche.de,Energieversorgung: Verband: Gas könnte im Winter knapp werden,"Bald beginnt die Heizsaison. Doch die Gasspeicher sind nur mäßig gefüllt. Der Gasspeicher-Verband INES warnt vor möglichen Engpässen, verfolgt aber auch eigene Interessen.",https://www.sueddeutsche.de/2026/09/08/07b36111-0a65-4a74-8140-5c5a671076f0.jpg?q=60&fm=webp&width=1200&rect=0%2C206%2C4000%2C2250,2026-09-08T06:46:31Z,,Den Szenarien des Verbandes zufolge kann technisch bis zum 1. November noch ein Füllstand von rund 77 Prozent erreicht werden. Dafür müsste sich das Befüllungstempo jedoch erheblich erhöhen. In den v… [+1590 chars],,de,'Gasspeicher'
https://www.zeit.de/news/2026-09/08/stromproduktion-anteil-der-erneuerbaren-waechst,https://www.zeit.de/news/2026-09/08/stromproduktion-anteil-der-erneuerbaren-waechst,0,www.zeit.de,Wind bleibt vorn: Stromproduktion: Anteil der Erneuerbaren wächst,Hier finden Sie Informationen zu dem Thema „Wind bleibt vorn“. Lesen Sie jetzt „Stromproduktion: Anteil der Erneuerbaren wächst“.,https://img.zeit.de/news/2026-09/08/stromproduktion-anteil-der-erneuerbaren-waechst-image-group/wide__1300x731,2026-09-08T07:27:38Z,,"In der deutschen Stromproduktion ist im ersten Halbjahr 2026 der Anteil der Erneuerbaren gestiegen. Windkraft, Sonne und Biogas lieferten 59,1 Prozent der ins Netz eingespeisten Strommenge, wie das S… [+2337 chars]",,de,'Erneuerbare'
https://www.tagesspiegel.de/wirtschaft/dpa-wind-bleibt-vorn-16029284.html,https://www.tagesspiegel.de/wirtschaft/dpa-wind-bleibt-vorn-16029284.html,0,www.tagesspiegel.de,Wind bleibt vorn: Stromproduktion: Anteil der Erneuerbaren wächst,Wind und Sonne liefern mehr als die Hälfte des deutschen Stroms. Doch auch die konventionellen Energieträger sind nach wie vor gefragt.,https://www.tagesspiegel.de/images/16029283/alternates/BASE_16_9_W1400/1788852531000/windrader-hinter-solaranlagen.jpeg,2026-09-08T07:28:51Z,,"In der deutschen Stromproduktion ist im ersten Halbjahr 2026 der Anteil der Erneuerbaren gestiegen. Windkraft, Sonne und Biogas lieferten 59,1 Prozent der ins Netz eingespeisten Strommenge, wie das S… [+2395 chars]",,de,'Photovoltaik'
https://www.n-tv.de/wirtschaft/Fuellstand-der-Gasspeicher-erreicht-historisches-Tief-id31281026.html,https://www.n-tv.de/wirtschaft/Fuellstand-der-Gasspeicher-erreicht-historisches-Tief-id31281026.html,0,www.n-tv.de,"""Zu wenig für extreme Kälte"": Füllstand der Gasspeicher erreicht historisches Tief",Der Iran-Krieg und eine ungünstige Preisentwicklung auf dem Gasmarkt wirken sich auf die Energieversorgung in Deutschland aus. Derzeit sind die Gasspeicher nur zu gut der Hälfte gefüllt. Das Bundeswirtschaftsministerium will nichts unternehmen - trotz Füllsta…,https://www.n-tv.de/img/31281105/1788857403/Img_16_9/1200/image.jpg,2026-09-08T08:14:51Z,,"Ines zufolge ist die Auffüllung der Gasspeicher auf rund 77 Prozent technisch zwar noch möglich, aber eine Herausforderung. (Foto: dpa)
Der Iran-Krieg und eine ungünstige Preisentwicklung auf dem Ga… [+3119 chars]",,de,'Gasspeicher'
https://www.telepolis.de/article/Gasspeicher-nur-halb-voll-INES-warnt-vor-Engpaessen-im-kalten-Winter-11444802.html,https://www.telepolis.de/article/Gasspeicher-nur-halb-voll-INES-warnt-vor-Engpaessen-im-kalten-Winter-11444802.html,0,www.telepolis.de,Gasspeicher nur halb voll: INES warnt vor Engpässen im kalten Winter,Deutschlands Gasspeicher sind Anfang September nur zu 54 Prozent gefüllt – ein historischer Tiefstand. Bei extremer Kälte drohen laut Verband Versorgungslücken.,https://heise.cloudimg.io/v7/_www-heise-de_/imgs/18/5/1/6/0/8/0/3/euro-heizung_ho-ddc6947a94c8815d.jpg?func=bound&height=1200&org_if_sml=1&q=85&width=1200,2026-09-08T08:30:00Z,,"Die Füllstände der deutschen Gasspeicher sind besorgniserregend niedrig, was Heizen teurer machen dürfte.
Deutschlands Gasspeicher sind Anfang September nur zu 54 Prozent gefüllt ein historischer Ti… [+4703 chars]",,de,'Winter'
https://www.diepresse.com/41242879/historisch-niedriger-fuellstand-deutsche-gasspeicher-betreiber-warnen,https://www.diepresse.com/41242879/historisch-niedriger-fuellstand-deutsche-gasspeicher-betreiber-warnen,0,www.diepresse.com,„Historisch niedriger Füllstand“: Deutsche Gasspeicher-Betreiber warnen vor geringen Winterreserven,In Österreich sind die Gasspeicher laut dem Gasnetz-Verwalter AGGM aktuell zu 67 Prozent gefüllt.,https://img.diepresse.com/public/incoming/b5d4w3-22730394791696086bldhiresjpg/alternates/WEBP_WIDE_1200/22730394791696086_BLD_HiRes.jpg,2026-09-08T08:36:13Z,,"Die Presse auf Google als bevorzugte Nachrichtenquelle hinzufügen.
 Die Betreiber von Gasspeichern in Deutschland haben vor einem sich schließenden Zeitfenster für die Befüllung ihrer Anlagen gewarn… [+2172 chars]",,de,'Winter'
https://www.zeit.de/politik/deutschland/2026-09/gasversorgung-winter-gasspeicher-fuellstand-katherina-reiche-cdu-ines,https://www.zeit.de/politik/deutschland/2026-09/gasversorgung-winter-gasspeicher-fuellstand-katherina-reiche-cdu-ines,0,www.zeit.de,Gasspeicher: Haßelmann beschuldigt Ministerin Reiche der mangelnden Gasvorsorge,Die Grüne Britta Haßelmann wirft Bundeswirtschaftsministerin Katherina Reiche schwere Versäumnisse bei der Gasvorsorge vor. Im kommenden Winter drohe »eine Mangellage«.,https://img.zeit.de/politik/deutschland/2026-09/gasversorgung-winter-gasspeicher-fuellstand-katherina-reiche-cdu-ines-foto-1/wide__1300x731,2026-09-08T09:36:42Z,,Grünen-Co-Fraktionschefin Britta Haßelmann hat Bundeswirtschaftsministerin Katherina Reiche (CDU) schwere Versäumnisse bei der Vorsorge für die Gasversorgung im kommenden Winter vorgeworfen. »Die Gas… [+762 chars],,de,'Gasspeicher'
https://www.zeit.de/wirtschaft/2026-09/erneuerbare-energien-stromproduktion-deutschland-anteil-gxe,https://www.zeit.de/wirtschaft/2026-09/erneuerbare-energien-stromproduktion-deutschland-anteil-gxe,0,www.zeit.de,Erneuerbare Energien: Mehr Strom in Deutschland aus erneuerbaren Energien,"Ein größerer Teil des 2026 in Deutschland verbrauchten Stroms stammte bisher aus erneuerbaren Energien. Wind, Sonne und Biogas lieferten 59,1 Prozent des gesamten Stroms.",https://img.zeit.de/wirtschaft/2026-09/erneuerbare-energien-stromproduktion-deutschland-anteil-foto-1/wide__1300x731,2026-09-08T09:46:58Z,,"Der Anteil der erneuerbaren Energien in der deutschen Stromproduktion ist im ersten Halbjahr 2026 gestiegen. Das Statistische Bundesamt teilte mit, dass 59,1 Prozent der ins Netz eingespeisten Stromm… [+1940 chars]",,de,'Photovoltaik'
https://vorarlberg.orf.at/stories/3369900/,https://vorarlberg.orf.at/stories/3369900/,0,vorarlberg.orf.at,Flächenplan für Erneuerbare ist überfällig,"Seit Mitte Februar müsste das Land Vorarlberg Flächen für Photovoltaik- oder Windkraftanlagen ausweisen. Der dafür nötige Landesraumplan ist ein halbes Jahr später aber immer noch nicht fertig – trotz EU-Richtline, die beabsichtigt, dass Erneuerbaren-Projekte…",https://ibs.orf.at/vbg?image=https%3A%2F%2Foekastatic.orf.at%2Fmims%2F2023%2F20%2F10%2Fcrops%2Fw%3D1200%2Ch%3D627%2Cq%3D75%2F1794518_master_667610_energie_windkraft_windraeder_48_o_mib.jpg%3Fs%3D09eb5f09f745ec78788fafecb9a1a0a3c5010c86,2026-09-08T09:59:27Z,,"Das Land wird die von der EU geforderten sogenannten Beschleunigungsgebiete"" für erneuerbare Energie nur für Photovoltaik ausweisen. Die Windkraft bleibt dabei außen vor: Es gebe in Vorarlberg keine … [+3509 chars]",,de,'Photovoltaik'
https://www.golem.de/sonstiges/zustimmung/auswahl.html?from=https://www.golem.de/news/schweiz-1-800-energiegemeinschaften-in-sechs-monaten-gegruendet-2609-212748.html&referer=https://t.co/737fb3e0dd,https://www.golem.de/sonstiges/zustimmung/auswahl.html?from=https://www.golem.de/news/schweiz-1-800-energiegemeinschaften-in-sechs-monaten-gegruendet-2609-212748.html&referer=https://t.co/737fb3e0dd,0,www.golem.de,Schweiz: 1.800 Energiegemeinschaften in sechs Monaten gegründet,"Der Erfolg hängt mit Vergünstigungen beim Netzentgelt und der Unterstützung durch die Netzbetreiber zusammen. Das gilt aber nicht überall. (Energiewende, Solarenergie)",,2026-09-08T12:13:02Z,,"Besuchen Sie Golem.de wie gewohnt mit Werbung und Tracking,
 indem Sie der Nutzung aller Cookies zustimmen.
 Details zum Tracking finden Sie im Privacy Center.
Skript wurde nicht geladen. Informat… [+607 chars]",,de,'Energiewende'
https://www.derstandard.at/story/3000000338876/nachfrage-hoch-angebot-knapp-kupfer-auf-allzeithoch,https://www.derstandard.at/story/3000000338876/nachfrage-hoch-angebot-knapp-kupfer-auf-allzeithoch,0,www.derstandard.at,"Nachfrage hoch, Angebot knapp – Kupfer auf Allzeithoch",Das Industriemetall gilt als Schlüsselrohstoff der Zukunft. Analysten sehen hinter dem Preisanstieg keine Spekulation,https://i.ds.at/ti72bA/rs:fill:1200:600/plain/lido-images/2026/09/08/134e00d7-7b84-4baf-86a1-e13de9e2632e.jpg,2026-09-08T12:14:03Z,,"Sie entscheiden darüber, wie Sie unsere Inhalte nutzen wollen. Ihr Gerät erlaubt uns derzeit leider nicht, die entsprechenden Optionen anzuzeigen.
Bitte deaktivieren Sie sämtliche Hard- und Software… [+180 chars]",,de,'Preisanstieg'
https://www.sueddeutsche.de/wirtschaft/gasspeicher-gaspreise-speicherstaende-deutschland-winterbeginn-li.3544202,https://www.sueddeutsche.de/wirtschaft/gasspeicher-gaspreise-speicherstaende-deutschland-winterbeginn-li.3544202,0,www.sueddeutsche.de,"Gasversorgung: Leere Speicher, volles Risiko","Drei Wochen vor Beginn der Heizperiode ist der Füllstand der Gasspeicher immer noch niedrig. Die Branche warnt, das Ministerium mahnt zur Ruhe. Kann das gutgehen?",https://www.sueddeutsche.de/2026/02/02/f5ff9979-cbdb-4e9e-b6b1-19f81696bdc8.jpg?q=60&fm=webp&width=1200&rect=0%2C208%2C4000%2C2250,2026-09-08T12:22:08Z,,"Seit Wochen spiegelt sich diese Marktlage auch in den deutschen Gasspeichern. Drei Wochen vor Beginn der Heizperiode, die formal am 1. Oktober beginnt, sind sie gerade mal zu 55 Prozent gefüllt. Auch… [+4109 chars]",,de,'Gasspeicher'
https://www.zeit.de/news/2026-09/08/wildblumen-acker-und-strom-neues-solar-projekt-startet,https://www.zeit.de/news/2026-09/08/wildblumen-acker-und-strom-neues-solar-projekt-startet,0,www.zeit.de,"Ackerbau und grüne Energie: Wildblumen, Acker und Strom: Neues Solar-Projekt startet","Hier finden Sie Informationen zu dem Thema „Ackerbau und grüne Energie“. Lesen Sie jetzt „Wildblumen, Acker und Strom: Neues Solar-Projekt startet“.",https://img.zeit.de/news/2026-09/08/wildblumen-acker-und-strom-neues-solar-projekt-startet-image-group/wide__1300x731,2026-09-08T13:28:19Z,,"Solarmodule auf rund 70 Hektar Fläche, darunter Wildblumen und dazwischen Platz für Ackerbau: In Schönefeld bei Berlin ist eine sogenannte Agri-Photovoltaik-Anlage in Betrieb gegangen. Geplant sei es… [+1754 chars]",,de,'Photovoltaik'
https://www.tagesspiegel.de/berlin/dpa-ackerbau-und-grune-energie-16030957.html,https://www.tagesspiegel.de/berlin/dpa-ackerbau-und-grune-energie-16030957.html,0,www.tagesspiegel.de,"Ackerbau und grüne Energie: Wildblumen, Acker und Strom: Neues Solar-Projekt startet","Unter Solarmodulen sollen sich Insekten in Wildblumen tummeln, dazwischen will ein Landwirt Roggen und Hirse anbauen. Wie ein Projekt in Schönefeld Landwirtschaft und Stromerzeugung zusammenbringt.",https://www.tagesspiegel.de/images/16030956/alternates/BASE_16_9_W1400/1788874180000/agri-photovoltaik-anlage-in-schonefeld.jpeg,2026-09-08T13:29:40Z,,"Solarmodule auf rund 70 Hektar Fläche, darunter Wildblumen und dazwischen Platz für Ackerbau: In Schönefeld bei Berlin ist eine sogenannte Agri-Photovoltaik-Anlage in Betrieb gegangen. Geplant sei es… [+1807 chars]",,de,'Solar'
https://www.faz.net/aktuell/wirtschaft/klima-nachhaltigkeit/gasspeicher-in-deutschland-droht-ein-kalter-winter-201201819.html,https://www.faz.net/aktuell/wirtschaft/klima-nachhaltigkeit/gasspeicher-in-deutschland-droht-ein-kalter-winter-201201819.html,0,www.faz.net,"Gasversorgung: Wehe, wenn der Winter kalt wird",Das deutsche Füllstandsziel kann aus technischen Gründen nicht mehr erreicht werden. Wie es in anderen Ländern aussieht und was das für die kalte Jahreszeit bedeutet.,https://media0.faz.net/image/w1200h627/de201e68dcc5/w5000h2612x0y205o/202609/43601.0.2526625494/auch-die-gasspeicher-in-den.webp,2026-09-08T15:09:35Z,,"Gasspeicher kann man sich vorstellen wie große Luftballons: Man kann Gas hineinpusten, aber nur in einer bestimmten Geschwindigkeit. Fängt man nicht früh genug damit an oder pustet nicht kräftig genu… [+7235 chars]",,de,'Gasspeicher'
https://www.n-tv.de/wirtschaft/Reiche-stuft-Gasversorgung-trotz-geringerer-Fuellstaende-als-sicher-ein-id31284569.html,https://www.n-tv.de/wirtschaft/Reiche-stuft-Gasversorgung-trotz-geringerer-Fuellstaende-als-sicher-ein-id31284569.html,0,www.n-tv.de,Speicher zu 54 Prozent gefüllt: Reiche stuft Gasversorgung trotz geringerer Füllstände als sicher ein,"Deutschlands Gasspeicher sind vor der nahenden Heizsaison nur zu rund der Hälfte gefüllt. Doch Katherina Reiche scheint dies nicht zu beunruhigen. Zusätzliche staatliche Gaskäufe könnten die Energiepreise in die Höhe treiben, argumentiert die Wirtschaftsminis…",https://www.n-tv.de/img/31284573/1788894861/Img_16_9/1200/591436787.jpg,2026-09-08T18:43:02Z,,"Speicher zu 54 Prozent gefülltReiche stuft Gasversorgung trotz geringerer Füllstände als sicher ein
Das Bundeswirtschaftsministerium ""hat Vorkehrungen getroffen - für jedes Szenario"", betont Katheri… [+2803 chars]",,de,'Gasspeicher'
https://www.spektrum.de/podcast/mission-energiewende-chinas-klimakurs-sonne-wind-und-kohlestrom/2343631,https://www.spektrum.de/podcast/mission-energiewende-chinas-klimakurs-sonne-wind-und-kohlestrom/2343631,0,www.spektrum.de,"Chinas Klimakurs – Sonne, Wind & Kohlestrom","In der Folge des Podcasts »Mission Energiewende« geht es darum, was China macht, um das Klima zu schützen, und wo es noch hakt. ️",https://static.spektrum.de/fm/912/f1920x1080/GettyImages-1336080074.jpg,2026-09-09T05:24:31Z,,"Ein Podcast von 
China für Großteil der Emissionen verantwortlich
Das Bild von China in der deutschen Öffentlichkeit könnte zweigeteilter nicht sein: Einerseits baut China Kohlekraftwerke, 2022 und… [+2021 chars]",,de,'Energiewende'
https://www.zeit.de/wirtschaft/2026-09/oelpreis-brent-strasse-von-hormus-usa-iran,https://www.zeit.de/wirtschaft/2026-09/oelpreis-brent-strasse-von-hormus-usa-iran,0,www.zeit.de,Ölpreis: Eskalation im Nahen Osten treibt Rohölpreis über hundert Dollar,Der Kampf zwischen den USA und dem Iran eskaliert erneut. In der Straße von Hormus versenken die USA fünf iranische Öltanker. Das treibt den Rohölpreis in die Höhe.,https://img.zeit.de/wirtschaft/2026-09/oelpreis-brent-strasse-von-hormus-usa-iran-foto-1/wide__1300x731,2026-09-09T07:45:44Z,,Der Preis für Rohöl der Referenzsorte Brent ist wieder über 100 US-Dollar je Barrel (159 Liter) gestiegen. Grund dafür sind die erneuten gegenseitigen Angriffe von USA und Iran in der Straße von Horm… [+632 chars],,de,'Ölpreis'
https://www.golem.de/sonstiges/zustimmung/auswahl.html?from=https://www.golem.de/news/elektrohydraulik-aus-vibration-von-schienen-wird-strom-2609-212804.html&referer=https://t.co/6d36d0b90d,https://www.golem.de/sonstiges/zustimmung/auswahl.html?from=https://www.golem.de/news/elektrohydraulik-aus-vibration-von-schienen-wird-strom-2609-212804.html&referer=https://t.co/6d36d0b90d,0,www.golem.de,Elektrohydraulik: Aus Vibration von Schienen wird Strom,"Energie, die ansonsten als Vibration im Gleisbett verloren geht, kann in Strom umgewandelt werden. Bremsvorgänge sind nicht notwendig. (Strom, Energiewende)",,2026-09-09T08:55:02Z,,"Besuchen Sie Golem.de wie gewohnt mit Werbung und Tracking,
 indem Sie der Nutzung aller Cookies zustimmen.
 Details zum Tracking finden Sie im Privacy Center.
Skript wurde nicht geladen. Informat… [+607 chars]",,de,'Energiewende'
https://www.diepresse.com/41246301/beim-hauskauf-kurzfristig-teurer-die-waermepumpe-hat-ihren-preis,https://www.diepresse.com/41246301/beim-hauskauf-kurzfristig-teurer-die-waermepumpe-hat-ihren-preis,0,www.diepresse.com,Beim Hauskauf kurzfristig teurer: Die Wärmepumpe hat ihren Preis [premium],"Wer in einem mit Wärmepumpe versorgtem Haus wohnen will, muss beim Kauf tiefer in die Tasche greifen – investiert aber dafür in günstige Heizkosten und das Klima.",https://img.diepresse.com/public/incoming/n8ciex-gettyimages-2212518582jpg/alternates/WEBP_WIDE_1200/GettyImages-2212518582.jpg,2026-09-09T09:38:52Z,,"Eine Analyse von mehr als 110.000 Immobilien, die auf Willhaben heuer inseriert wurden, zeigt, wie stark die Wärmepumpe die Immobilienpreise beeinflusst: Von den Häusern mit einer Wohnfläche von 120 … [+4872 chars]",,de,'Heizkosten'
https://www.tagesspiegel.de/wirtschaft/dpa-rohstoffe-16033974.html,https://www.tagesspiegel.de/wirtschaft/dpa-rohstoffe-16033974.html,0,www.tagesspiegel.de,Rohstoffe: Europäischer Gaspreis erreicht höchsten Stand seit Ende 2022,Der Gaspreis klettert auf mehr als 79 Euro – Ursache ist der Konflikt am Persischen Golf. Was das für Verbraucher und Heizkosten bedeutet.,https://www.tagesspiegel.de/images/16033973/alternates/BASE_16_9_W1400/1788949379000/gasspeicher.jpeg,2026-09-09T10:22:59Z,,Der Preis für europäisches Erdgas hat am Mittwoch angesichts der Zuspitzung der Lage im Nahen Osten seinen Höhenflug fortgesetzt. Erstmals seit Ende 2022 stieg der richtungsweisende Erdgas-Terminkont… [+2138 chars],,de,'Heizkosten'
https://www.tagesspiegel.de/potsdam/brandenburg/energieversorgung-in-brandenburg-wirtschaftsministerin-klement-hat-keine-hinweise-auf-gasknappheit-im-winter-16033415.html,https://www.tagesspiegel.de/potsdam/brandenburg/energieversorgung-in-brandenburg-wirtschaftsministerin-klement-hat-keine-hinweise-auf-gasknappheit-im-winter-16033415.html,0,www.tagesspiegel.de,Energieversorgung in Brandenburg: Wirtschaftsministerin Klement hat keine Hinweise auf Gasknappheit im Winter,"Der Gasverbrauch ging in Brandenburg zurück. Aber nicht nur deshalb ist Wirtschaftsministerin Martina Klement (CSU) gelassen, was die Versorgung angeht.",https://www.tagesspiegel.de/images/15515614/alternates/BASE_16_9_W1400/1788952214000/martina-klement.jpeg,2026-09-09T11:14:28Z,,"Brandenburgs Wirtschaftsministerin Martina Klement (CSU für CDU) hat keine Hinweise darauf, dass es im kommenden Winter zu einer Gasknappheit, einem Benzinmangel oder einer Gefährdung der Stromversor… [+1470 chars]",,de,'Winter'
https://www.welt.de/wirtschaft/video6aa13d347864931663e71dca/oelpreis-steigt-auf-100-dollar-die-ezb-wird-diese-woche-ihre-leitzinsen-anheben.html,https://www.welt.de/wirtschaft/video6aa13d347864931663e71dca/oelpreis-steigt-auf-100-dollar-die-ezb-wird-diese-woche-ihre-leitzinsen-anheben.html,0,www.welt.de,„Die EZB wird diese Woche ihre Leitzinsen anheben“,Nach neuen Angriffen zwischen den USA und dem Iran in der Straße von Hormus steigt der Brent-Ölpreis über 100 Dollar. Commerzbank-Chefvolkswirt Jörg Krämer ordnet im Gespräch mit Dietmar Deffner die Folgen für die Energiemärkte sowie die anstehenden Zinsentsc…,https://images.welt.de/6aa13d347864931663e71dca/284af4bc4cd52cbb59b2882dc07a4f78/ci16x9-w1200/boerse-0909-png,2026-09-09T11:30:59Z,,Die WELT als ePaper: Die vollständige Ausgabe steht Ihnen bereits am Vorabend zur Verfügung so sind Sie immer hochaktuell informiert. Weitere Informationen https://epaper.welt.de,,de,'Ölpreis'
https://taz.de/Oelpreis-ueber-100-Dollar/!6211698/,https://taz.de/Oelpreis-ueber-100-Dollar/!6211698/,0,taz.de,"Ölpreis über 100 Dollar: Alternative Routen, weniger Nachfrage","Der Ölpreis steigt weniger explosiv als befürchtet, auch weil verschiedene Länder Lieferengpässe ausgleichen. Doch die Spritpreise ziehen weltweit an.",https://taz.de/picture/8726337/1200/42028277.jpeg,2026-09-09T13:40:00Z,,"Der Ölpreis steigt weniger explosiv als befürchtet, auch weil verschiedene Länder Lieferengpässe ausgleichen. Doch die Spritpreise ziehen weltweit an. mehr...",,de,'Ölpreis'
https://www.prnewswire.com/news-releases/neuer-bericht-von-abb-und-bcg-unterstreicht-die-wachsende-bedeutung-von-gleichstromtechnologien-in-zukunftigen-stromversorgungssystemen-302874011.html,https://www.prnewswire.com/news-releases/neuer-bericht-von-abb-und-bcg-unterstreicht-die-wachsende-bedeutung-von-gleichstromtechnologien-in-zukunftigen-stromversorgungssystemen-302874011.html,0,www.prnewswire.com,Neuer Bericht von ABB und BCG unterstreicht die wachsende Bedeutung von Gleichstromtechnologien in zukünftigen Stromversorgungssystemen,"Der rasante Ausbau von KI-Rechenleistungen, die zunehmende Elektrifizierung und der Aufstieg erneuerbarer Energien wecken neues Interesse an Gleichstromtechnologie als Bestandteil zukünftiger Stromversorgungssysteme Sowohl Wechselstrom- als auch Gleichstromsy…",,2026-09-09T15:31:00Z,,"<ul><li>Der rasante Ausbau von KI-Rechenleistungen, die zunehmende Elektrifizierung und der Aufstieg erneuerbarer Energien wecken neues Interesse an Gleichstromtechnologie als Bestandteil zukünftiger… [+6484 chars]",,de,'Ausbau'
https://www.faz.net/aktuell/finanzen/oelpreis-steigt-auf-mehr-als-100-dollar-was-heisst-das-fuer-die-welt-201209490.html,https://www.faz.net/aktuell/finanzen/oelpreis-steigt-auf-mehr-als-100-dollar-was-heisst-das-fuer-die-welt-201209490.html,0,www.faz.net,Nach neuen Kampfhandlungen: Ölpreis über 100 Dollar: Was heißt das für die Welt?,"Nicht nur Rohöl, auch Benzin und Heizöl verteuern sich nach neuen kriegerischen Auseinandersetzungen im Nahen Osten. An den Tankstellen steigt der Preis für Super E10 auf ein Rekordhoch.",https://media0.faz.net/image/w1200h627/4c3ed9ab1295/w5020h2622x0y618o/202609/43601.0.2529127186/es-gibt-keine-ruhe.webp,2026-09-09T17:16:39Z,,"Der Ölpreis hat am Mittwoch die Marke von 100 Dollar je Barrel (Fass zu 159 Liter) für die Nordseesorte Brent überschritten. Zeitweise notierte der Preis auf 100,95 Dollar. Die amerikanische Ölsorte … [+4498 chars]",,de,'Ölpreis'
https://www.tagesspiegel.de/wirtschaft/dpa-dax-rutscht-auf-niveau-vom-juli-ab-16036973.html,https://www.tagesspiegel.de/wirtschaft/dpa-dax-rutscht-auf-niveau-vom-juli-ab-16036973.html,0,www.tagesspiegel.de,Sorgen um Ölversorgung belasten Börsen: Dax rutscht auf Niveau vom Juli ab,Der deutsche Aktienmarkt verzeichnet deutliche Verluste. Der Ölpreis war durch die Konflikte im Nahen Osten zuletzt auf über 100 Dollar angestiegen.,https://www.tagesspiegel.de/images/16036975/alternates/BASE_16_9_W1400/1788977157000/the-german-share-price-index-dax-graph-is-pictured-at-the-stock-exchange-in-frankfurt.jpeg,2026-09-09T18:10:20Z,,"Der weiter steigende Ölpreis hat zur Wochenmitte die Kurse im deutschen Aktienhandel stark belastet. Der Leitindex Dax fiel am Mittwoch bei hohen Umsätzen um 1,66 Prozent auf 25.576,45 Punkte und rut… [+2956 chars]",,de,'Ölpreis'
https://www.n-tv.de/wirtschaft/Hoher-Oelpreis-belastet-die-Wall-Street-id31289418.html,https://www.n-tv.de/wirtschaft/Hoher-Oelpreis-belastet-die-Wall-Street-id31289418.html,0,www.n-tv.de,Zinserhöhung droht: Hoher Ölpreis belastet die Wall Street,Die weitere Eskalation im Nahen Osten ist Gift für die US-Börsen. Der Ölpreis klettert wieder über die 100-Dollar-Marke. Nur eine Branche kann davon profitieren.,https://www.n-tv.de/img/31289425/1788999435/Img_16_9/1200/image.jpg,2026-09-09T22:19:19Z,,"Zinserhöhung droht Hoher Ölpreis belastet die Wall Street 
Nach der Berichtssaison rückt der Krieg im Nahen Osten wieder stärker in den Fokus der Anleger. (Foto: AP Photo/Yuki Iwamura)
Die weitere … [+2783 chars]",,de,'Ölpreis'
https://www.zeit.de/news/2026-09/10/teure-energie-treibt-inflation-an-die-drei-prozent-marke,https://www.zeit.de/news/2026-09/10/teure-energie-treibt-inflation-an-die-drei-prozent-marke,0,www.zeit.de,Verbraucherpreise: Teure Energie treibt Inflation an die Drei-Prozent-Marke,Hier finden Sie Informationen zu dem Thema „Verbraucherpreise“. Lesen Sie jetzt „Teure Energie treibt Inflation an die Drei-Prozent-Marke“.,https://img.zeit.de/news/2026-09/10/teure-energie-treibt-inflation-an-die-drei-prozent-marke-image-group/wide__1300x731,2026-09-10T06:09:51Z,,"Der Iran-Krieg treibt die Energiepreise in die Höhe und verteuert das Leben in Deutschland. Im August lagen die Verbraucherpreise um 2,9 Prozent über dem Niveau des Vorjahresmonats, wie das Statistis… [+3016 chars]",,de,'Heizkosten'
https://www.tagesspiegel.de/wirtschaft/dpa-verbraucherpreise-16037572.html,https://www.tagesspiegel.de/wirtschaft/dpa-verbraucherpreise-16037572.html,0,www.tagesspiegel.de,Verbraucherpreise: Teure Energie treibt Inflation an die Drei-Prozent-Marke,Der Iran-Krieg hat Tanken und Heizen erheblich verteuert. Mit der vom Staat verordneten Entlastung an Deutschlands Tankstellen ist es vorerst vorbei. Die Inflationsrate könnte noch weiter steigen.,https://www.tagesspiegel.de/images/16037571/alternates/BASE_16_9_W1400/1789020655000/tanken.jpeg,2026-09-10T06:10:55Z,,"Der Iran-Krieg treibt die Energiepreise in die Höhe und verteuert das Leben in Deutschland. Im August lagen die Verbraucherpreise um 2,9 Prozent über dem Niveau des Vorjahresmonats, wie das Statistis… [+2690 chars]",,de,'Heizkosten'
https://www.focus.de/immobilien/mit-drei-checks-machen-sie-ihre-heizung-fit-fuer-den-winter_ba74f0cb-fc98-4b73-b66e-a225cee1fbb8.html,https://www.focus.de/immobilien/mit-drei-checks-machen-sie-ihre-heizung-fit-fuer-den-winter_ba74f0cb-fc98-4b73-b66e-a225cee1fbb8.html,0,www.focus.de,Mit drei Checks machen Sie Ihre Heizung fit für den Winter,"Vor dem Winter zählt jeder Grad: Entlüften, hydraulischer Abgleich und Thermostat-Check machen Ihre Heizung jetzt effizienter und günstiger im Betrieb.","https://quadro.burda-forward.de/ctf/85ff8eb9-f42f-486c-bab3-35bfdee6d007.60953f65-2532-42e4-992b-4b9941ecba5b.jpg?im=RegionOfInterestCrop=(1200,630),regionOfInterest=(423,716)&hash=f7a83e69be3288b1eef82cec22d754dfcff6a9dc317c2adc4c178e6a123e2266",2026-09-10T06:12:00Z,,"Auf einen Blick:
<ul><li>Entlüftete Heizkörper werden gleichmäßiger warm und arbeiten effizienter.</li><li>Ein hydraulischer Abgleich verteilt die Wärme optimal auf alle Räume.</li><li>Digitale Ther… [+3340 chars]",,de,'Winter'
https://www.tagesschau.de/wirtschaft/verbraucher/oelpreise-heizen-100.html,https://www.tagesschau.de/wirtschaft/verbraucher/oelpreise-heizen-100.html,0,www.tagesschau.de,Teures Heizöl - warten oder kaufen?,"Der Ölpreis ist hoch, die Heizsaison beginnt schon bald. Viele Verbraucher sind verunsichert. Lohnt es sich jetzt, Heizöl zu bestellen? Oder soll man auf sinkende Preise warten? Von Jörg Marksteiner.",https://images.tagesschau.de/image/8f2f9a37-5714-481e-a065-34f172aa1255/AAABoIZMZk4/AAABnSSvrFg/16x9-big/heizoel-138.jpg?width=1280,2026-09-10T06:33:33Z,,"Stand: 10.09.2026 08:33 Uhr
Der Ölpreis ist hoch, die Heizsaison beginnt schon bald. Viele Verbraucher sind verunsichert. Lohnt es sich jetzt, Heizöl zu bestellen? Oder soll man auf sinkende Preise … [+3463 chars]",,de,'Ölpreis'
https://www.n-tv.de/wirtschaft/Benzin-Diesel-und-Heizoel-machen-Alltag-deutlich-teurer-id31290231.html,https://www.n-tv.de/wirtschaft/Benzin-Diesel-und-Heizoel-machen-Alltag-deutlich-teurer-id31290231.html,0,www.n-tv.de,"""Die Inflation ist zurück"": Benzin, Diesel und Heizöl machen Alltag deutlich teurer",Das Statistische Bundesamt bestätigt seine Schätzung: Teure Kraftstoffe bringen die Inflation mit Wucht nach Deutschland zurück. Die Prognose des Ifo-Instituts ist düster. Es erwartet für das kommende Jahr höhere Preissteigerungen als bisher. Der Lichtblick: …,https://www.n-tv.de/img/31290299/1789031494/Img_16_9/1200/617716882.jpg,2026-09-10T07:50:44Z,,"""Die Inflation ist zurück"" Benzin, Diesel und Heizöl machen Alltag deutlich teurer
Die Spritpreise sind seit Beginn des Iran-Kriegs deutlich gestiegen. (Foto: picture alliance / Rene Traut Fotografi… [+3002 chars]",,de,'Inflation'
https://www.tagesschau.de/wirtschaft/finanzen/ezb-sitzung-leitzins-100.html,https://www.tagesschau.de/wirtschaft/finanzen/ezb-sitzung-leitzins-100.html,0,www.tagesschau.de,"EZB erhöht erneut den Leitzins - auf 2,5 Prozent","Die Teuerungsrate in der Eurozone ist zuletzt über die Drei-Prozent-Marke geklettert. Um die Inflation abzuschwächen, hat die Europäische Zentralbank nun erneut den Leitzins angehoben.",https://images.tagesschau.de/image/a9f81841-6206-4205-aa91-3ddee7a12c89/AAABoITz21g/AAABnSSvrFg/16x9-big/ezb-560.jpg?width=1280,2026-09-10T12:15:29Z,,"Stand: 10.09.2026 14:15 Uhr
Die Teuerungsrate in der Eurozone ist zuletzt über die Drei-Prozent-Marke geklettert. Um die Inflation abzuschwächen, hat die Europäische Zentralbank nun erneut den Leitz… [+2352 chars]",,de,'Inflation'
https://www.faz.net/aktuell/finanzen/finanzmarkt/wegen-hoher-inflation-ezb-hebt-die-zinsen-um-einen-viertelprozentpunkt-an-201210475.html,https://www.faz.net/aktuell/finanzen/finanzmarkt/wegen-hoher-inflation-ezb-hebt-die-zinsen-um-einen-viertelprozentpunkt-an-201210475.html,0,www.faz.net,Wegen hoher Inflation: EZB hebt die Zinsen um einen Viertelprozentpunkt an,"Die Inflation ist von 2,9 auf 3,3 Prozent gestiegen. Die Notenbank reagiert und erhöht die Zinsen abermals. Was heißt das für Sparer und Hausbauer?",https://media0.faz.net/image/w1200h627/a74ecc139e4d/w4000h2090x0y286o/202609/43601.0.2534770866/ezb-praesidentin-christine.webp,2026-09-10T12:15:53Z,,"Die Europäische Zentralbank (EZB) hebt die Leitzinsen an. Wie die Notenbank am Donnerstag nach der September-Zinssitzung des EZB-Rates in Berlin mitteilte, steigen alle drei Leitzinsen um 0,25 Prozen… [+5250 chars]",,de,'Inflation'
https://www.tagesspiegel.de/wirtschaft/zum-zweiten-mal-in-diesem-jahrezb-erhoht-den-leitzins--nagel-von-afd-wahlergebnis-beunruhigt-16039341.html,https://www.tagesspiegel.de/wirtschaft/zum-zweiten-mal-in-diesem-jahrezb-erhoht-den-leitzins--nagel-von-afd-wahlergebnis-beunruhigt-16039341.html,0,www.tagesspiegel.de,Zum zweiten Mal in diesem Jahr: EZB erhöht den Leitzins – Nagel von AfD-Wahlergebnis „beunruhigt“,Trumps Iran-Krieg treibt weiterhin den Ölpreis und die Inflation im Euroraum. Die EZB reagiert darauf nun mit einer Zinserhöhung – und Bundesbank-Präsident Joachim Nagel auf das AfD-Erstarken im Osten.,https://www.tagesspiegel.de/images/16040216/alternates/BASE_16_9_W1400/1789051481000/ezb-ratssitzung-in-berlin-pressekonferenz.jpeg,2026-09-10T12:17:40Z,,In Zur Eindämmung der hartnäckigen und durch den anhaltenden Iran-Krieg begünstigten Inflation hat die Europäische Zentralbank die Leitzinsen um 25 Basispunkte erhöht. Der für die Steuerung der Geldp… [+5362 chars],,de,'Ölpreis'
https://www.sueddeutsche.de/wirtschaft/leitzins-ezb-inflation-zinsentscheid-li.3544420,https://www.sueddeutsche.de/wirtschaft/leitzins-ezb-inflation-zinsentscheid-li.3544420,0,www.sueddeutsche.de,"Geldpolitik: EZB hebt Leitzins auf 2,5 Prozent an",Die Energiekrise treibt die Inflation in der Euro-Zone. Benzin und Diesel sind so teuer wie lange nicht. Daher sehen sich die Notenbanker zu einer Reaktion gezwungen. Sie wollen nicht wieder den gleichen Fehler machen wie 2022.,https://www.sueddeutsche.de/2026/06/11/e8b7dc35-edd1-4d68-b9d9-36d73b828968.jpg?q=60&fm=webp&width=1200&rect=0%2C156%2C3000%2C1687,2026-09-10T12:18:51Z,,"Es ist bereits das zweite Mal in diesem Jahr, dass die EZB die Zinsen hochsetzt. Im Juni hatte es einen ersten Zinsschritt gegeben, im Juli dann eine Pause. Nun aber sieht sich die Zentralbank gezwun… [+4852 chars]",,de,'Energiekrise'
https://www.n-tv.de/wirtschaft/Inflation-zu-hoch-EZB-erhoeht-Leitzins-auf-2-50-Prozent-id31291885.html,https://www.n-tv.de/wirtschaft/Inflation-zu-hoch-EZB-erhoeht-Leitzins-auf-2-50-Prozent-id31291885.html,0,www.n-tv.de,"Breaking News: Inflation zu hoch: EZB erhöht Leitzins auf 2,50 Prozent","Die Europäische Zentralbank (EZB) stemmt sich mit einer weiteren Zinserhöhung gegen die infolge des Iran-Kriegs gestiegene Inflation. Der für Banken und Sparer wichtige Einlagenzins steigt von 2,25 auf 2,5 Prozent, wie die EZB nach einer auswärtigen Sitzung i…",https://www.n-tv.de/img/30878272/1780308851/Img_16_9/1200/ntv_app_breakingnews_1x1.jpg,2026-09-10T12:20:41Z,,Zur Eindämmung der hartnäckigen Inflation hebt die EZB den Leitzins auf den höchsten Stand seit rund anderthalb Jahren. Der für die Steuerung der Geldpolitik maßgebliche Einlagensatz wird um einen Vi… [+1999 chars],,de,'Inflation'
https://www.zeit.de/news/2026-09/10/ezb-stemmt-sich-mit-hoeheren-zinsen-gegen-inflationsschub,https://www.zeit.de/news/2026-09/10/ezb-stemmt-sich-mit-hoeheren-zinsen-gegen-inflationsschub,0,www.zeit.de,Geldpolitik: EZB stemmt sich mit höheren Zinsen gegen Inflationsschub,Hier finden Sie Informationen zu dem Thema „Geldpolitik“. Lesen Sie jetzt „EZB stemmt sich mit höheren Zinsen gegen Inflationsschub“.,https://img.zeit.de/news/2026-09/10/ezb-stemmt-sich-mit-hoeheren-zinsen-gegen-inflationsschub-image-group/wide__1300x731,2026-09-10T12:22:47Z,,Die Europäische Zentralbank (EZB) reagiert mit der zweiten Zinserhöhung in diesem Jahr auf den Ölpreisschock infolge des Iran-Kriegs. Die Notenbank hebt den für Banken und Sparer wichtigen Einlagenzi… [+4647 chars],,de,'Inflation'
https://www.zeit.de/wirtschaft/2026-09/europaeische-zentralbank-erhoeht-leitzins-auf-2-50-prozent-gxe,https://www.zeit.de/wirtschaft/2026-09/europaeische-zentralbank-erhoeht-leitzins-auf-2-50-prozent-gxe,0,www.zeit.de,"Inflation: Europäische Zentralbank erhöht Leitzins auf 2,5 Prozent","Angesichts der hohen Inflation hat die EZB den Leitzins von 2,25 auf 2,5 Prozent angehoben. Es ist bereits die zweite Erhöhung in diesem Jahr.",https://img.zeit.de/wirtschaft/2026-09/ezb-zinsentscheidung-leitzins-bild/wide__1300x731,2026-09-10T12:43:27Z,,"Die Europäische Zentralbank (EZB) hat den Leitzins zum zweiten Mal in diesem Jahr angehoben. Der für Banken und Sparer wichtige Einlagenzins steigt von 2,25 auf 2,5 Prozent, wie die EZB in Berlin mit… [+1648 chars]",,de,'Inflation'
https://orf.at/stories/3441769/,https://orf.at/stories/3441769/,0,orf.at,EZB reagiert mit nächster Zinserhöhung,"Zur Eindämmung der hartnäckigen Inflation hebt die Europäische Zentralbank (EZB) den Leitzins auf den höchsten Stand seit rund anderthalb Jahren. Der für die Steuerung der Geldpolitik maßgebliche Einlagensatz wird um einen Viertelpunkt auf 2,50 Prozent angeho…",https://ibs.orf.at/news?image=https%3A%2F%2Fassets.orf.at%2Fmims%2F2026%2F37%2F53%2Fcrops%2Fw%3D1200%2Ch%3D630%2Cq%3D75%2F3178274_master_1232453_ezb_zinserhoehung_september_lagarde_r.jpg%3Fs%3D7ec580e27379515c10744e4418cfa23dec4a2e42,2026-09-10T14:04:38Z,,"Höher lag das Zinsniveau zuletzt im Februar 2025, damals bei 2,75 Prozent. Experten hatten fest mit der Anhebung gerechnet. Die Währungshüter um EZB-Chefin Christine Lagarde hatten die Zinszügel bere… [+4684 chars]",,de,'Inflation'
https://www.welt.de/politik/deutschland/article6aa2d901e63dfef5db084ba1/ukraine-putin-ist-zutiefst-ueberzeugt-militaerexperte-spricht-von-absoluter-niederlage-europas.html,https://www.welt.de/politik/deutschland/article6aa2d901e63dfef5db084ba1/ukraine-putin-ist-zutiefst-ueberzeugt-militaerexperte-spricht-von-absoluter-niederlage-europas.html,0,www.welt.de,"„Putin ist zutiefst überzeugt, …“ – Militärexperte spricht von „absoluter Niederlage“ Europas",Putin will die Ukraine laut einem Militärexperten im Winter „endgültig in die Knie zwingen“. Oberst Reisner macht zudem die größte Schwachstelle Kiews aus.,https://images.welt.de/6aa2d901e63dfef5db084ba1/cbf9b66af22caaffad2a79d9c89c734c/ci16x9-w1200/1789042365492-afp-c7w88zq-jpg,2026-09-10T17:35:49Z,,"Putin will die Ukraine laut einem Militärexperten im Winter endgültig in die Knie zwingen. Oberst Reisner macht zudem die größte Schwachstelle Kiews aus.Klicken Sie hier, um sich Artikel von WELT in … [+3767 chars]",,de,'Winter'
https://www.n-tv.de/wirtschaft/Hoher-Oelpreis-verdirbt-US-Anlegern-die-Kauflaune-id31293720.html,https://www.n-tv.de/wirtschaft/Hoher-Oelpreis-verdirbt-US-Anlegern-die-Kauflaune-id31293720.html,0,www.n-tv.de,Zinserhöhungen erwartet: Hoher Ölpreis verdirbt US-Anlegern die Kauflaune,"Miese Stimmung an der Wall Street: Die Anleihenrenditen klettern auf Mehrjahreshochs, an den Aktienmärkten geht es den vierten Tag in Folge abwärts. Der Grund: Der Ölpreis, der inzwischen wieder das Niveau vom Mai erreicht hat.",https://www.n-tv.de/img/31293746/1789081857/Img_16_9/1200/image.jpg,2026-09-10T21:12:26Z,,"Zinserhöhungen erwartetHoher Ölpreis verdirbt US-Anlegern die Kauflaune
Angesichts der Inflation rechnen inzwischen die meisten Händler mit einer anstehenden Zinserhöhung. (Foto: IMAGO/ZUMA Press)
… [+3039 chars]",,de,'Ölpreis'
https://www.zeit.de/wirtschaft/2026-09/oelpreis-brent-nordsee-strasse-von-hormus-usa-iran,https://www.zeit.de/wirtschaft/2026-09/oelpreis-brent-nordsee-strasse-von-hormus-usa-iran,0,www.zeit.de,Treibstoffpreise: Ölpreis erreicht höchsten Stand seit Mai,Wegen erneuter Angriffe in der Straße von Hormus ist der Preis von Rohöl wieder gestiegen. In den USA kostet Diesel erstmals mehr als sechs ​Dollar pro Gallone.,https://img.zeit.de/wirtschaft/2026-09/oelpreis-brent-nordsee-strasse-von-hormus-usa-iran-foto-1/wide__1300x731,2026-09-11T00:43:46Z,,Der Ölpreis ist erneut angestiegen und hat den höchsten Stand seit Mai erreicht. Ein Fass der Nordseesorte Brent kostete am Donnerstag 108 US-Dollar (etwa 93 Euro). Hintergrund der hohen Öl- und Trei… [+1868 chars],,de,'Ölpreis'
https://www.focus.de/finanzen/huthi-sollen-hafenstadt-mokka-im-jemen-erobert-haben-der-oelpreis-steigt-auf-fast-110-us-dollar_d5de4065-98ac-407e-bace-50b11d95d2ee.html,https://www.focus.de/finanzen/huthi-sollen-hafenstadt-mokka-im-jemen-erobert-haben-der-oelpreis-steigt-auf-fast-110-us-dollar_d5de4065-98ac-407e-bace-50b11d95d2ee.html,0,www.focus.de,Huthi sollen Hafenstadt Mokka im Jemen erobert haben – der Ölpreis steigt auf fast 110 US-Dollar,"Die Huthi sollen Mokka nahe Bab al-Mandab erobert haben. Öl und Gas verteuern sich. Was der Konflikt für Sprit, Heizöl und Gas in Deutschland bedeutet.","https://quadro.burda-forward.de/ctf/a7a25d7b-0731-45a8-bc11-713a8ffadf2b.e4db8e43-21b5-4f55-b306-315a2faf5cfc.jpeg?im=RegionOfInterestCrop=(1200,630),regionOfInterest=(999,291)&hash=f462e99fae34eaa332cb63f7fcc8c6612a5184b29e12eeb83e2aba43632b9549",2026-09-11T07:34:00Z,,Die Huthi-Miliz soll nach Angaben aus jemenitischen Militärkreisen und Augenzeugenberichten die strategisch wichtige Hafenstadt Mokka an der Westküste des Jemens eingenommen haben. Mokka liegt unmitt… [+9128 chars],,de,'Ölpreis'
https://www.zeit.de/news/2026-09/11/lagarde-inflation-wird-schlimmer-bevor-sie-besser-wird,https://www.zeit.de/news/2026-09/11/lagarde-inflation-wird-schlimmer-bevor-sie-besser-wird,0,www.zeit.de,"Geldpolitik: Lagarde: «Inflation wird schlimmer, bevor sie besser wird»","Hier finden Sie Informationen zu dem Thema „Geldpolitik“. Lesen Sie jetzt „Lagarde: «Inflation wird schlimmer, bevor sie besser wird»“.",https://img.zeit.de/news/2026-09/11/lagarde-inflation-wird-schlimmer-bevor-sie-besser-wird-image-group/wide__1300x731,2026-09-11T08:20:18Z,,EZB-Präsidentin Christine Lagarde macht den Menschen im Euroraum Hoffnung auf mittelfristig wieder sinkende Inflationsraten. «In unseren aktuellen Prognosen steigt die Inflation bis Ende '26 weiter. … [+1733 chars],,de,'Inflation'
https://www.faz.net/aktuell/finanzen/ezb-zinserhoehung-ein-vernuenftiger-zinsschritt-201211056.html,https://www.faz.net/aktuell/finanzen/ezb-zinserhoehung-ein-vernuenftiger-zinsschritt-201211056.html,0,www.faz.net,Europäische Zentralbank: Gebotener Zinsschritt,"Die Inflation ist nach wie vor zum allergrößten Teil durch höhere Energiepreise geprägt. Trotzdem ist es richtig, dass die EZB die Zinsen anhebt.",https://media0.faz.net/image/w1200h627/84259a04ac06/w6144h3210x0y431o/202609/43601.0.2515521948/die-europaeische-zentralbank.webp,2026-09-11T10:21:30Z,,"Die Europäische Zentralbank (EZB) erhöht nach Juni abermals die Leitzinsen, um 0,25 Prozentpunkte. Das ist keine Überraschung. An den Finanzmärkten war das weitgehend erwartet worden. Trotzdem war de… [+2099 chars]",,de,'Inflation'
https://www.sueddeutsche.de/meinung/gasspeicher-katherina-reiche-deutschland-kommentar-li.3545635,https://www.sueddeutsche.de/meinung/gasspeicher-katherina-reiche-deutschland-kommentar-li.3545635,0,www.sueddeutsche.de,Energieversorgung: Die Gasspeicher sind leer. Katherina Reiche könnte sich verzocken,"Schon jetzt ist klar, dass sich Füllstände nicht mehr auf das Niveau der Vorjahre werden bringen lassen. Es könnte eng werden – nicht nur für die Wirtschaftsministerin.",https://www.sueddeutsche.de/2026/09/11/d04553de-739c-4335-897d-4f82834ae7d7.jpg?q=60&fm=webp&width=1200&rect=0%2C137%2C4000%2C2250,2026-09-11T11:27:35Z,,"Mit den Kräften des Marktes kennt sich Katherina Reiche aus. Sie stammt aus einer Familie, die selbst zu DDR-Zeiten das Unternehmertum hochhielt, und kam aus der Energiewirtschaft auf den Chefsessel … [+289 chars]",,de,'Gasspeicher'
https://www.teltarif.de/tadox-smarthome-heizkosten-sparen/news/101599.html,https://www.teltarif.de/tadox-smarthome-heizkosten-sparen/news/101599.html,0,www.teltarif.de,Heizkosten senken: tado X Starter-Kit bei tink bietet mehr als Amazon,"Das tado X Starter-Kit kombiniert drei smarte Heizkörperthermostate mit der Bridge X. Bei tink kostet das Set aktuell 188,95 Euro.",https://www.teltarif.de/img/arch/2026/kw04/tadox-smarthome-heizkostensparen-1og.jpg,2026-09-11T11:40:00Z,,"Wer Heizkosten sparen möchte, kann mit smarten Heiz­körper­ther­mostaten die Raum­tempe­ratur gezielter steuern. Bei tink ist das tado X Starter Kit mit drei smarten Heiz­körper-Ther­mostaten und der… [+3387 chars]",,de,'Heizkosten'
https://www.sueddeutsche.de/meinung/gasspeicher-deutschland-lexikon-li.3545880,https://www.sueddeutsche.de/meinung/gasspeicher-deutschland-lexikon-li.3545880,0,www.sueddeutsche.de,Aktuelles Lexikon: Was genau sind eigentlich Gasspeicher?,Sie können saisonale und kurzfristige Bedarfsschwankungen ausgleichen und befinden sich tief in der Erde. In Deutschland sind sie gerade bedenklich leer.,https://www.sueddeutsche.de/2026/09/08/07b36111-0a65-4a74-8140-5c5a671076f0.jpg?q=60&fm=webp&width=1200&rect=0%2C206%2C4000%2C2250,2026-09-11T12:21:26Z,,"Gasspeicher sind ein Teil der Gasinfrastruktur, die saisonale und kurzfristige Bedarfsschwankungen ausgleichen. In Deutschland gibt es etwa 40 Gasspeicherstandorte, die meisten davon befinden sich im… [+950 chars]",,de,'Gasspeicher'
https://www.welt.de/politik/ausland/plus6aa03286181cb962d48884e4/ukraine-vor-dem-nahenden-winter-geht-selenskyj-eine-riskante-wette-ein.html,https://www.welt.de/politik/ausland/plus6aa03286181cb962d48884e4/ukraine-vor-dem-nahenden-winter-geht-selenskyj-eine-riskante-wette-ein.html,0,www.welt.de,Vor dem nahenden Winter geht Selenskyj eine riskante Wette ein,Russland intensiviert den Beschuss Kiews und der Stromversorgung. Für Zivilisten könnte der kommende Winter der schlimmste seit Kriegsbeginn werden. Dennoch hält Selenskyj an seiner Strategie fest.,https://images.welt.de/6aa03286181cb962d48884e4/39c6aff93f9b7dddc14d100c058193d1-master/ci16x9-w1200/2026-09-04t161554z-730794207-rc2fcnaa4ph7-rtrmadp-3-ukraine-crisis-attack-odesa-jpg,2026-09-11T13:47:37Z,,Die WELT als ePaper: Die vollständige Ausgabe steht Ihnen bereits am Vorabend zur Verfügung so sind Sie immer hochaktuell informiert. Weitere Informationen https://epaper.welt.de,,de,'Winter'
https://www.faz.net/aktuell/wirtschaft/usa-amerikas-inflation-bleibt-hartnaeckig-201218556.html,https://www.faz.net/aktuell/wirtschaft/usa-amerikas-inflation-bleibt-hartnaeckig-201218556.html,0,www.faz.net,US-Inflation: Amerikas Inflation bleibt hartnäckig,Keine Entspannung an der Preisfront in den USA. Vor allem wegen Energie will die Inflation nicht nachgeben.,https://media0.faz.net/image/w1200h627/70d4b554156f/w6144h3210x0y155o/202609/43601.0.2538864489/inflation-wird-zum.webp,2026-09-11T14:10:45Z,,"Die Teuerung erweist sich als zäh in den USA: Der amerikanische Verbraucherpreisindex CPI lag im August 3,4 Prozent höher als vor einem Jahr. Rechnet man die starken Schwankungen unterworfenen Preise… [+2059 chars]",,de,'Inflation'
https://www.zeit.de/politik/2026-09/jemen-bab-al-mandeb-huthis-nachrichtenpodcast,https://www.zeit.de/politik/2026-09/jemen-bab-al-mandeb-huthis-nachrichtenpodcast,0,www.zeit.de,Jemen: Wie die Huthis den Krieg im Nahen Osten kapern,Die Huthi-Miliz hat die Meerenge Bab al-Mandeb in ihrer Gewalt. Verschiebt sich der Krieg in der Region? Und: Europäische Zentralbank will weitere Preisanstiege abfedern.,https://img.zeit.de/politik/2026-09/bab-al-mandeb-jemen-huthis-nachrichtenpodcast-bild/wide__1300x731,2026-09-11T14:54:47Z,,Im Jemen häufen sich Angriffe der proiranischen Huthi-Miliz. Zuletzt haben die Rebellen die Kontrolle über die strategisch wichtige Hafenstadt Mokka am Roten Meer übernommen. Damit sind sie der Kontr… [+1969 chars],,de,'Inflation'
https://www.n-tv.de/wirtschaft/Sinkende-Oelpreise-geben-der-Wall-Street-Rueckenwind-id31297732.html,https://www.n-tv.de/wirtschaft/Sinkende-Oelpreise-geben-der-Wall-Street-Rueckenwind-id31297732.html,0,www.n-tv.de,Anleger erwarten Zinserhöhung: Sinkende Ölpreise geben der Wall Street Rückenwind,"Die Wall Street verabschiedet sich freundlich ins Wochenende. Der Ölpreis fällt, bleibt allerdings auf einem hohen Niveau. Dass die Fed wegen der hohen Inflation die Zinsen erhöht, gilt bei den US-Anlegern inzwischen als ausgemachte Sache.",https://www.n-tv.de/img/31297733/1789167398/Img_16_9/1200/AP26233523470131.jpg,2026-09-11T21:03:23Z,,"Anleger erwarten ZinserhöhungSinkende Ölpreise geben der Wall Street Rückenwind
Bei den US-Anlegern kehrt die Kauflust zurück. (Foto: AP Photo/Yuki Iwamura)
Die Wall Street verabschiedet sich freun… [+3662 chars]",,de,'Ölpreis'
https://www.n-tv.de/wirtschaft/Verivox-Gaspreise-koennten-um-20-Prozent-erhoeht-werden-id31297767.html,https://www.n-tv.de/wirtschaft/Verivox-Gaspreise-koennten-um-20-Prozent-erhoeht-werden-id31297767.html,0,www.n-tv.de,Im kommenden Winter: Verivox: Gaspreise könnten um 20 Prozent erhöht werden,Die Betreiber der deutschen Gas-Speicher warnen vor knappen Füllständen im Falle eines sehr kalten Winters. Aber auch die Gaspreise ziehen infolge des Iran-Kriegs stark an. Verivox zufolge dürften Privatkunden das bis zum Jahreswechsel im Portemonnaie spüren.,https://www.n-tv.de/img/31297782/1789172151/Img_16_9/1200/611369708.jpg,2026-09-12T02:23:41Z,,"Im kommenden WinterVerivox: Gaspreise könnten um 20 Prozent erhöht werden
Der Großhandelspreis in Europa ist nach Angriffen im Iran in dieser Woche auf den höchsten Wert seit mehr als dreieinhalb Ja… [+2432 chars]",,de,'Gasspeicher'
https://www.welt.de/politik/ausland/video6aa4e008181cb962d488c922/energie-saudi-arabien-schliesst-nach-drohnenangriffen-aus-dem-irak-wichtige-pipeline-oelpreis-steigt.html,https://www.welt.de/politik/ausland/video6aa4e008181cb962d488c922/energie-saudi-arabien-schliesst-nach-drohnenangriffen-aus-dem-irak-wichtige-pipeline-oelpreis-steigt.html,0,www.welt.de,Saudi-Arabien schließt nach Drohnenangriffen aus dem Irak wichtige Pipeline – Ölpreis steigt,Nach Drohnenangriffen hat Saudi-Arabien die wichtige Ost-West-Pipeline vorübergehend geschlossen.,https://images.welt.de/6aa4e008181cb962d488c922/3151001adbca2d401092dd837857c6fb-master/ci16x9-w1200/dpa-com-260911-935-1604226-jpg,2026-09-12T05:38:07Z,,Die WELT als ePaper: Die vollständige Ausgabe steht Ihnen bereits am Vorabend zur Verfügung so sind Sie immer hochaktuell informiert. Weitere Informationen https://epaper.welt.de,,de,'Ölpreis'
https://www.focus.de/finanzen/der-anleihenmarkt-schlaegt-alarm-jetzt-wird-es-gefaehrlich_a1af5d49-a5ad-4600-b99e-bbd7b5b4836a.html,https://www.focus.de/finanzen/der-anleihenmarkt-schlaegt-alarm-jetzt-wird-es-gefaehrlich_a1af5d49-a5ad-4600-b99e-bbd7b5b4836a.html,0,www.focus.de,Marc Friedrich: Der Anleihenmarkt schlägt Alarm – jetzt wird es gefährlich,"Das Zeitalter des billigen Geldes ist vorbei. Steigende Anleiherenditen zeigen, wie groß die Risiken durch Schulden und Inflation geworden sind.","https://quadro.burda-forward.de/ctf/5bddebce-3ef1-409c-9897-6d5f64ecb016.8fedd2cc-ffa6-419e-95b5-5f753e74bad7.jpeg?im=RegionOfInterestCrop=(1200,630),regionOfInterest=(372,315)&hash=1182108f9983b6ce8d28a81667f8c19af9f06b25b4132adcfaad2eacc503764f",2026-09-12T08:20:00Z,,Rund 145 Billionen Dollar stecken im globalen Anleihenmarkt damit ist er etwa so groß wie alle Aktienmärkte der Welt zusammen. Trotzdem redet kaum jemand darüber. Dabei ist er der wichtigere Markt vo… [+12257 chars],,de,'Inflation'
https://www.faz.net/aktuell/rhein-main/kultur/warum-spielen-alle-strassenmusiker-das-lied-bella-ciao-und-warum-so-schlecht-201205458.html,https://www.faz.net/aktuell/rhein-main/kultur/warum-spielen-alle-strassenmusiker-das-lied-bella-ciao-und-warum-so-schlecht-201205458.html,0,www.faz.net,Straßenmusik: Warum spielen alle „Bella Ciao“?,Flächendeckend wird auf den Akkordeons in Fußgängerzonen und Unterführungen die einstige Partisanenhymne „Bella Ciao“ gespielt. Was könnte der Grund für diese Inflation sein?,https://media0.faz.net/image/w1200h627/38b4a9551afb/w5123h2676x0y636o/202504/43601.0.947596353/ein-strassenmusiker-mit-einem.webp,2026-09-12T11:30:52Z,,"London, du hast es besser. Auch Paris hat es viel, viel besser. Wer dort in den Bahntunnels und Passagen musizieren will, braucht eine Lizenz. Und die beruht nicht nur, wie in Berlin im Netz der Verk… [+3082 chars]",,de,'Inflation'
https://www.bild.de/politik/ausland-und-internationales/oelpreis-schock-ruinieren-diese-huthis-jetzt-unsere-weltwirtschaft-6aa50b28240b302c8a8422df,https://www.bild.de/politik/ausland-und-internationales/oelpreis-schock-ruinieren-diese-huthis-jetzt-unsere-weltwirtschaft-6aa50b28240b302c8a8422df,0,www.bild.de,Ölpreis-Schock - Ruinieren diese Huthis jetzt unsere Weltwirtschaft?,"Berlin – Erst der Iran-Krieg, jetzt die neue Huthi-Offensive und das Lahmlegen der Öl-Infrastruktur Saudi-Arabiens. Für die Weltwirtschaft kommt es derze...","https://images.bild.de/6aa50b28240b302c8a8422df/e5f87ffcc461a53b51225a7eba5956bf,937ed6df?w=1280",2026-09-12T12:23:52Z,,"TTS-Player überspringenArtikel weiterlesenBerlin Erst der Iran-Krieg, jetzt die neue Huthi-Offensive und das Lahmlegen der Öl-Infrastruktur Saudi-Arabiens. Für die Weltwirtschaft kommt es derzeit knü… [+4182 chars]",,de,'Ölpreis'
https://www.n-tv.de/politik/Woidke-Brauchen-dringend-einen-Spritpreisdeckel-id31298967.html,https://www.n-tv.de/politik/Woidke-Brauchen-dringend-einen-Spritpreisdeckel-id31298967.html,0,www.n-tv.de,"Um Extraprofite zu verhindern: Woidke: ""Brauchen dringend einen Spritpreisdeckel""","Der Ölpreis steigt, auch Benzin und Diesel sind teurer geworden. Nicht nur in der SPD werden die Rufe nach einer Begrenzung der Spritpreise durch den Staat lauter.",https://www.n-tv.de/img/31299008/1789225022/Img_16_9/1200/618714634.jpg,2026-09-12T13:20:26Z,,Der Iran-Krieg hat die Spritpreise seit einigen Monaten nach oben getrieben. Sie waren angesichts eines höheren Ölpreises in den vergangenen Tagen erneut gestiegen. (Foto: picture alliance / Rene Tra… [+3433 chars],,de,'Ölpreis'
https://www.tagesspiegel.de/internationales/ol-inflation-finanzmarkte-kommt-nach-der-huthi-offensive-die-weltwirtschaftskrise-16045479.html,https://www.tagesspiegel.de/internationales/ol-inflation-finanzmarkte-kommt-nach-der-huthi-offensive-die-weltwirtschaftskrise-16045479.html,0,www.tagesspiegel.de,"Öl, Inflation, Finanzmärkte: Kommt nach der Huthi-Offensive die Weltwirtschaftskrise?",Die jüngsten Angriffe der pro-iranischen Miliz verschärfen die Lage am Roten Meer. Warum die Eroberung der Meerenge Bab al-Mandab zum globalen Risiko werden könnte.,https://www.tagesspiegel.de/images/16045473/alternates/BASE_16_9_W1400/1789217672000/yemen-iran-us-israel-war-houthis.jpeg,2026-09-12T13:29:38Z,,"In den vergangenen Tagen ging es plötzlich ganz schnell. Erst fiel die jemenitische Hafenstadt Mokka in die Hände der Huthis, in den nachfolgenden Stunden eroberte die pro-iranische Miliz dann noch d… [+7678 chars]",,de,'Inflation'
https://www.zeit.de/geld/2026-09/inflation-ezb-preissteigerung-oel-gas-verbraucher,https://www.zeit.de/geld/2026-09/inflation-ezb-preissteigerung-oel-gas-verbraucher,0,www.zeit.de,Inflation: Wird jetzt alles noch teurer?,Fast schien die Inflation unter Kontrolle. Doch jetzt steigen Öl- und Gaspreise rasant. Die Finanzmärkte sind alarmiert. Müssen Verbraucher es auch sein?,https://img.zeit.de/geld/2026-09/inflation-ezb-preissteigerung-oel-gas-verbraucher-bild-2/wide__1300x731,2026-09-12T16:26:21Z,,"Schließen
Artikelzusammenfassung
Eine teurere Packung Butter macht vielen Deutschen die Rückkehr der Inflation plötzlich greifbar. Auslöser der neuen Sorge sind der Krieg mit Iran, die blockierte S… [+1059 chars]",,de,'Inflation'
https://www.n-tv.de/politik/Schiff-in-der-Strasse-von-Hormus-beschossen-id31299954.html,https://www.n-tv.de/politik/Schiff-in-der-Strasse-von-Hormus-beschossen-id31299954.html,0,www.n-tv.de,Saudische Öl-Pipeline dicht: Schiff in der Straße von Hormus beschossen,Die Risiken für die weltweite Ölversorgung wachsen weiter. In der Meerenge von Hormus wird erneut ein Schiff getroffen. Ausweichrouten über eine saudische Pipeline oder das Rote Meer sind ebenfalls akut gefährdet. Der Ölpreis dürfte damit weiter steigen.,https://www.n-tv.de/img/31299955/1789277201/Img_16_9/1200/618466156.jpg,2026-09-13T03:27:42Z,,"Handelsschiffe liegen in der Straße von Hormus vor Anker. (Foto: picture alliance/dpa/ISNA/AP)
Die Risiken für die weltweite Ölversorgung wachsen weiter. In der Meerenge von Hormus wird erneut ein S… [+2622 chars]",,de,'Ölpreis'
https://www.mobiflip.de/samsung-plant-drastischen-preisanstieg-fuer-smartphones/,https://www.mobiflip.de/samsung-plant-drastischen-preisanstieg-fuer-smartphones/,0,www.mobiflip.de,Samsung plant „drastischen“ Preisanstieg für Smartphones,"Samsung wird die Preise bei den Smartphones ab Oktober angeblich erhöhen und soll vor allem die Galaxy S26-Reihe „drastisch“ teurer machen. Das hört man von einer Quelle aus Südkorea, die …",https://www.mobiflip.de/wp-content/uploads/2026/02/samsung-galaxy-s26-serie-header.jpg,2026-09-14T04:32:31Z,,"Samsung wird die Preise bei den Smartphones ab Oktober angeblich erhöhen und soll vor allem die Galaxy S26-Reihe drastisch teurer machen. Das hört man von einer Quelle aus Südkorea, die aber noch kei… [+1110 chars]",,de,'Preisanstieg'
https://www.welt.de/wirtschaft/article6aa78c5c240b302c8a843da3/schock-an-der-tanksaeule-oelpreis-legt-nach-pipeline-stopp-deutlich-zu-oekonom-schliesst-3-euro-je-liter-diesel-nicht-mehr-aus.html,https://www.welt.de/wirtschaft/article6aa78c5c240b302c8a843da3/schock-an-der-tanksaeule-oelpreis-legt-nach-pipeline-stopp-deutlich-zu-oekonom-schliesst-3-euro-je-liter-diesel-nicht-mehr-aus.html,0,www.welt.de,Ölpreis legt nach Pipeline-Stopp deutlich zu – Ökonom schließt 3 Euro je Liter Diesel nicht mehr aus,"Spritpreise erreichen wegen des Nahostkonflikts neue Höchststände. Brandenburgs Ministerpräsident Dietmar Woidke fordert einen Preisdeckel, ein Experte sieht eine gefährliche Entwicklung.",https://images.welt.de/6aa78c5c240b302c8a843da3/71b96a3386109cdc217925d6657cfd6e-master/ci16x9-w1200/586626212-jpg,2026-09-14T06:45:54Z,,"Spritpreise erreichen wegen des Nahostkonflikts neue Höchststände. Brandenburgs Ministerpräsident Dietmar Woidke fordert einen Preisdeckel, ein Experte sieht eine gefährliche Entwicklung.Klicken Sie … [+5204 chars]",,de,'Ölpreis'
https://www.welt.de/wirtschaft/video6aa78565181cb962d488e773/ruf-nach-spritpreisdeckel-schock-an-der-tankstelle-oelpreis-legt-nach-pipeline-stopp-deutlich-zu.html,https://www.welt.de/wirtschaft/video6aa78565181cb962d488e773/ruf-nach-spritpreisdeckel-schock-an-der-tankstelle-oelpreis-legt-nach-pipeline-stopp-deutlich-zu.html,0,www.welt.de,Schock an der Tankstelle – Ölpreis legt nach Pipeline-Stopp deutlich zu,Die anhaltende Unsicherheit in Nahost hat die Preise an den Tankstellen weiter nach oben getrieben. Politiker wie Markus Söder und Dietmar Woidke fordern Entlastungen für Verbraucher.,https://images.welt.de/6aa78565181cb962d488e773/b67188910df6a0eacb4f9da09a2970ba/ci16x9-w1200/586626212-jpg,2026-09-14T07:03:42Z,,Die WELT als ePaper: Die vollständige Ausgabe steht Ihnen bereits am Vorabend zur Verfügung so sind Sie immer hochaktuell informiert. Weitere Informationen https://epaper.welt.de,,de,'Ölpreis'
https://www.diepresse.com/41260157/83-75-euro-pro-mwh-europaeischer-gaspreis-auf-hoechstem-stand-seit-2022,https://www.diepresse.com/41260157/83-75-euro-pro-mwh-europaeischer-gaspreis-auf-hoechstem-stand-seit-2022,0,www.diepresse.com,"83,75 Euro pro MWh: Europäischer Gaspreis auf höchstem Stand seit 2022 E",Der europäische Gaspreis hat sich in diesem Jahr bereits fast verdreifacht. In Österreich sind die Gasspeicher derzeit zu knapp 67 Prozent gefüllt.,https://img.diepresse.com/public/incoming/n967hb-imagost0820095500010170976309jpg/alternates/WEBP_WIDE_1200/imago_st_0820_09550001_0170976309.jpg,2026-09-14T08:39:02Z,,"Die Presse auf Google als bevorzugte Nachrichtenquelle hinzufügen.
 Der Preis für europäisches Erdgas ist am Montag wegen Angebotssorgen durch Lieferausfälle aus den Fördergebieten am Persischen Gol… [+2757 chars]",,de,'Gasspeicher'
https://www.zeit.de/wirtschaft/2026-09/spritpreise-benzinpreis-mineraloelkonzerne-steuern-mehrwertsteuer,https://www.zeit.de/wirtschaft/2026-09/spritpreise-benzinpreis-mineraloelkonzerne-steuern-mehrwertsteuer,0,www.zeit.de,Spritpreise: Tankstellenverband hält Spritpreise von drei Euro je Liter für möglich,Mit dem steigenden Ölpreis verteuern sich auch Benzin und Diesel. Der Tankstellenverband warnt vor einem weiteren Preisanstieg und fordert eine Steuersenkung.,https://img.zeit.de/wirtschaft/2026-09/spritpreise-benzinpreis-mineraloelkonzerne-steuern-mehrwertsteuer-foto-1/wide__1300x731,2026-09-14T09:44:10Z,,"Die Spritpreise könnten nach Einschätzung des Tankstellenverbandes in Deutschland bald auf drei Euro je Liter steigen. An den Autobahnen sei dies bereits der Fall, sagte Herbert Rabl, Sprecher des Ta… [+1018 chars]",,de,'Ölpreis'
https://taz.de/Oelpreis-steigt/!6212986/,https://taz.de/Oelpreis-steigt/!6212986/,0,taz.de,Ölpreis steigt: Allzeithoch an der Tanke,Der Ölpreis steigt weiter und damit werden auch Benzin und Diesel teurer. Das Bundeskartellamt prüft bereits den Markt.,https://taz.de/picture/8737214/1200/41611710.jpeg,2026-09-14T12:57:00Z,,Der Ölpreis steigt weiter und damit werden auch Benzin und Diesel teurer. Das Bundeskartellamt prüft bereits den Markt. mehr...,,de,'Ölpreis'
https://www.welt.de/finanzen/plus6aa7d1e377bd109fcdd00a3a/das-2-60-euro-raetsel-diese-kurve-ist-der-grund-fuer-den-preisschock-bei-diesel-und-benzin.html,https://www.welt.de/finanzen/plus6aa7d1e377bd109fcdd00a3a/das-2-60-euro-raetsel-diese-kurve-ist-der-grund-fuer-den-preisschock-bei-diesel-und-benzin.html,0,www.welt.de,"Das 2,60-Euro-Rätsel – diese Kurve ist der wahre Grund für den Spritpreis-Schock","Die Lage bei den Spritpreisen eskaliert. Sie erreichen fast täglich neue Rekordniveaus – nicht nur in Deutschland. Ein Grund ist der steigende Ölpreis, ein anderer das hohe Abgabenniveau. Doch für die aktuelle Preiseskalation gibt es nur einen relevanten Ausl…",https://images.welt.de/6aa7d1e377bd109fcdd00a3a/46a059a0357b0f214e295786af377174/ci16x9-w1200/dwosb-wi-diesel-ag-jpg,2026-09-14T13:01:44Z,,"Die Lage bei den Spritpreisen eskaliert. Sie erreichen fast täglich neue Rekordniveaus nicht nur in Deutschland. Ein Grund ist der steigende Ölpreis, ein anderer das hohe Abgabenniveau. Doch für die … [+62 chars]",,de,'Ölpreis'
https://www.faz.net/aktuell/wirtschaft/benzin-fuer-mehr-als-drei-euro-201224757.html,https://www.faz.net/aktuell/wirtschaft/benzin-fuer-mehr-als-drei-euro-201224757.html,0,www.faz.net,Ölpreisanstieg: Benzin für mehr als drei Euro,Der Benzinpreis erreicht einen Rekord. An manchen Tankstellen werden für einzelne Spritsorten schon mehr als drei Euro je Liter verlangt. Was bedeutet das für Deutschlands Wirtschaft?,https://media0.faz.net/image/w1200h627/2f48858a959f/w5002h2613x0y457o/202609/43601.0.2552420081/tankstelle-in-frankfurt.webp,2026-09-14T13:56:19Z,,"Die zunehmenden Spannungen in der Golfregion haben die Preise für Öl und Benzin weiter in die Höhe getrieben. Super E10 kostete am Sonntag im Tagesdurchschnitt 2,273 Euro je Liter, das war ein Rekord… [+7778 chars]",,de,'Ölpreis'
https://www.faz.net/aktuell/wirtschaft/ki-und-oelpreis-ein-bedrohlicher-krisencocktail-201224448.html,https://www.faz.net/aktuell/wirtschaft/ki-und-oelpreis-ein-bedrohlicher-krisencocktail-201224448.html,0,www.faz.net,KI und Ölpreis: Ein bedrohlicher Krisen-Cocktail,"KI als Menschheitsbedrohung, Rekordpreise fürs Tanken und explodierende Zinskosten: Die Unsicherheit in der Bevölkerung ist zu Recht enorm. Die Bundesregierung hat nur noch eine Chance.",https://media0.faz.net/image/w1200h627/33b1276009d2/w3136h1638x0y193o/201512/431.0.31191089/die-zerstoerung-der-welt-john.webp,2026-09-14T13:56:26Z,,"Es kann einem schwindelig werden dieser Tage. Zwar ist Krise seit Ausbruch der Covid-Pandemie Ende 2019 Normalzustand, ganz aktuell braut sich aber etwas zusammen, das wirtschaftlich und darüber hina… [+1859 chars]",,de,'Ölpreis'
https://orf.at/stories/3442174/,https://orf.at/stories/3442174/,0,orf.at,Heimische Gasspeicher weniger gut gefüllt als in Vorjahren,,https://orf.at/mojo/1_4_1/storyserver//news/common/images/og-fallback-news.png,2026-09-14T16:39:36Z,,"Die Gasspeicher in Europa sind heuer deutlich weniger gut gefüllt als in den Vorjahren. Grund dafür ist der Iran-Krieg, der Gas verteuerte und es wirtschaftlich unattraktiv machte, es zu hohen Preise… [+1171 chars]",,de,'Gasspeicher'
https://www.faz.net/aktuell/politik/ausland/liveblog-irankrieg-revolutionsgarden-oeltanker-in-strasse-von-hormus-wegen-seemine-explodiert-us-militaer-widerspricht-faz-200583539.html,https://www.faz.net/aktuell/politik/ausland/liveblog-irankrieg-revolutionsgarden-oeltanker-in-strasse-von-hormus-wegen-seemine-explodiert-us-militaer-widerspricht-faz-200583539.html,0,www.faz.net,Liveblog Irankrieg: Revolutionsgarden: Öltanker in Straße von Hormus wegen Seemine explodiert – US-Militär widerspricht,Unterschiedliche Angaben zu explodiertem Öltanker +++ Österreich verweigert Visum auf US-Druck +++ Neue Angriffe in Nahost lassen Ölpreis kräftig steigen +++  alle Entwicklungen im Liveblog,https://media0.faz.net/image/w1200h627/a39784c141c5/w6000h3135x0y120o/202606/43601.0.2194578471/oeltanker-und-frachtschiffe.webp,2026-09-14T21:42:57Z,,"Saudi-Arabien hat nach Angaben der jemenitischen Huthi-Miliz neue Angriffe auf Ziele im Jemen geflogen. Der den Huthi nahestehende Fernsehsender Almasirah berichtete, es habe am Sonntag zwei Luftangr… [+839 chars]",,de,'Ölpreis'
https://www.derstandard.at/story/3000000339698/trump-fordert-niedrigere-us-zinsen-obwohl-teures-erdoel-die-inflation-anheizt,https://www.derstandard.at/story/3000000339698/trump-fordert-niedrigere-us-zinsen-obwohl-teures-erdoel-die-inflation-anheizt,0,www.derstandard.at,"Trump fordert niedrigere US-Zinsen, obwohl teures Erdöl die Inflation anheizt",Die US-Notenbank wird am Mittwoch die Zinsen zur Bekämpfung der Inflation voraussichtlich trotzdem erhöhen. Denn die Verwerfungen wegen des Irankriegs treiben den Ölpreis weiter nach oben,https://i.ds.at/bAQzEA/rs:fill:1200:600/plain/lido-images/2026/09/14/35dc66e3-8fa2-48b7-a83d-a382c5cf93cd.jpg,2026-09-15T03:00:00Z,,"Sie entscheiden darüber, wie Sie unsere Inhalte nutzen wollen. Ihr Gerät erlaubt uns derzeit leider nicht, die entsprechenden Optionen anzuzeigen.
Bitte deaktivieren Sie sämtliche Hard- und Software… [+180 chars]",,de,'Ölpreis'
https://www.nzz.ch/meinung/die-inflation-kommt-die-republikaner-in-diesen-wahlen-teuer-zu-stehen-ld.10023729,https://www.nzz.ch/meinung/die-inflation-kommt-die-republikaner-in-diesen-wahlen-teuer-zu-stehen-ld.10023729,0,www.nzz.ch,KOMMENTAR - Die Inflation wird für die Republikaner zu einem immer grösseren Problem,"Donald Trump sagt, dass die USA für einen Sieg gegen Iran teureres Benzin in Kauf nehmen müssten. Das mag konsequent sein, könnte seine Partei in den Zwischenwahlen aber die Mehrheit kosten.","https://img-msp-prod.nzz.ch/2026/08/28/2100a33d-8d3e-4dff-b6a5-b553c27e6e77.jpg?width=1200&height=674&fit=bounds&quality=75&auto=webp&crop=6500,3656,x0,y681&wmark=nzz",2026-09-15T03:30:00Z,,"Donald Trump sagt, dass die USA für einen Sieg gegen Iran teureres Benzin in Kauf nehmen müssten. Das mag konsequent sein, könnte seine Partei in den Zwischenwahlen aber die Mehrheit kosten.
15.09.2… [+5199 chars]",,de,'Preisanstieg'
https://www.faz.net/aktuell/finanzen/kevin-warsh-traut-sich-der-fed-chef-eine-zinserhoehung-accg-201226962.html,https://www.faz.net/aktuell/finanzen/kevin-warsh-traut-sich-der-fed-chef-eine-zinserhoehung-accg-201226962.html,0,www.faz.net,US-Notenbank: Stunde der Wahrheit für Fed-Chef Warsh,"Die Inflation ist hartnäckig, der Anleihemarkt nervös. Donald Trump verlangt niedrigere Zinsen. Traut sich Kevin Warsh eine Leitzinserhöhung?",https://media0.faz.net/image/w1200h627/9bf93449defc/w8256h4313x0y595o/202609/43601.0.2546256539/kevin-warsh-ist-seit-mai-2026.webp,2026-09-15T05:16:54Z,,"Am Mittwoch endet die zweitägige Sitzung der amerikanischen Notenbank Federal Reserve (Fed), die entscheidend für den künftigen Kurs der amerikanischen Geldpolitik ist. Erhöhen die zwölf stimmberecht… [+4181 chars]",,de,'Inflation'
https://www.tagesschau.de/wirtschaft/finanzen/marktberichte/marktbericht-dax-dow-geldanlage-152.html,https://www.tagesschau.de/wirtschaft/finanzen/marktberichte/marktbericht-dax-dow-geldanlage-152.html,0,www.tagesschau.de,Marktbericht: DAX-Schwäche dürfte anhalten,"Die Lage im Nahen Osten bleibt angespannt, die Energiepreise steigen - genau wie die Inflationssorgen: Der DAX dürfte heute weiter zurückfallen. Langsam gerät die Marke von 25.000 Punkten wieder ins Blickfeld.",https://images.tagesschau.de/image/7f7bdfcd-57b6-4841-bce5-7cea2a7a36c2/AAABmfJxAV4/AAABnSSvrFg/16x9-big/boerse-452.jpg?width=1280,2026-09-15T05:52:53Z,,"Stand: 15.09.2026 07:52 Uhr
Die Lage im Nahen Osten bleibt angespannt, die Energiepreise steigen - genau wie die Inflationssorgen: Der DAX dürfte heute weiter zurückfallen. Langsam gerät die Marke v… [+2860 chars]",,de,'Ölpreis'
https://www.focus.de/finanzen/trump-wollte-warsh-nun-droht-der-erste-grosse-bruch_f26dc910-00e6-41f7-a59c-434b4301bebb.html,https://www.focus.de/finanzen/trump-wollte-warsh-nun-droht-der-erste-grosse-bruch_f26dc910-00e6-41f7-a59c-434b4301bebb.html,0,www.focus.de,Fed vor Zinsentscheidung: Warsh kämpft gegen Inflation – und riskiert den Bruch mit Trump,"Trump wollte niedrigere Zinsen, doch Wunsch-Fed-Chef Kevin Warsh könnte sie nun erhöhen. Der Entscheid wird zum Test für Fed-Unabhängigkeit und Märkte.","https://quadro.burda-forward.de/ctf/e81fa528-893a-4a07-ac11-7c4f6fe1a85a.acff206d-15db-4087-8633-0b6e9b2c1389.jpg?im=RegionOfInterestCrop=(1200,630),regionOfInterest=(499,196)&hash=e08385057b7e0f56f7fd34a47926c80481d2e9ccf9abf04bdac1bb63d3536905",2026-09-15T11:20:00Z,,"Donald Trump hat Kevin Warsh nicht ins Amt gebracht, damit dieser die Zinsen erhöht. Als der US-Präsident den früheren Notenbanker Anfang des Jahres für die Spitze der Federal Reserve nominierte, ver… [+9680 chars]",,de,'Ölpreis'
https://www.welt.de/politik/deutschland/article6aa932718191ba860951207f/friedrich-merz-kuendigt-entlastungen-bei-spritpreisen-an-wir-muessen-handeln.html,https://www.welt.de/politik/deutschland/article6aa932718191ba860951207f/friedrich-merz-kuendigt-entlastungen-bei-spritpreisen-an-wir-muessen-handeln.html,0,www.welt.de,„Wir müssen handeln“ – Merz kündigt Entlastungen bei Spritpreisen an,"Tanken wird für Millionen Autofahrer zum Kraftakt: Nach dem Rekordpreis von 2,286 Euro pro Liter Super stellt Kanzler Merz Entlastungen in Aussicht. Doch warum Benzin trotz stabilem Ölpreis immer teurer wird, bleibt umstritten.",https://images.welt.de/6aa932718191ba860951207f/0ffb87b6146c34a2ff6b03b1634c47af/ci16x9-w1200/dpa-com-260915-936-93047-jpg,2026-09-15T11:58:18Z,,"Bundeskanzler Friedrich Merz (CDU) hat angesichts der hohen Spritpreise Entlastungen angekündigt. Merz sagte beim Unternehmertag des Handelsverbands BGA in Berlin, er sei der Meinung, dass wir handel… [+3494 chars]",,de,'Ölpreis'
https://steiermark.orf.at/stories/3371325/,https://steiermark.orf.at/stories/3371325/,0,steiermark.orf.at,Mit dem Ölpreis steigt der Spritpreis,Der Ölpreis steigt wieder – das wirkt sich auf die Spritpreise aus. Besonders der Dieselpreis steigt. Grund sind nach wie vor mehrere Krisenherde und Raffinerieengpässe.,https://ibs.orf.at/stm?image=https%3A%2F%2Foekastatic.orf.at%2Fmims%2F2026%2F38%2F96%2Fcrops%2Fw%3D1200%2Ch%3D627%2Cq%3D75%2F3184184_master_1234996_983e929e-327f-47a9-bb02-bb8f4799cc20.jpg%3Fs%3D08c3ebde447e134065b2a753c6c2a5b44ff94bec,2026-09-15T16:47:50Z,,"Der Dieselpreis lag Dienstagmittag bei 2,30 Euro. Tendenz steigend, bestätigt auch Jürgen Roth, der Obmann des Energiehandels in der Wirtschaftskammer: Vor ein paar Wochen hätte ich noch gesagt, ich … [+1675 chars]",,de,'Ölpreis'
https://www.focus.de/politik/deutschland/staatsunternehmen-sollen-bei-gasspeicher-befuellung-helfen_40c0ffb6-8814-40f3-9648-2bceebc2cfb4.html,https://www.focus.de/politik/deutschland/staatsunternehmen-sollen-bei-gasspeicher-befuellung-helfen_40c0ffb6-8814-40f3-9648-2bceebc2cfb4.html,0,www.focus.de,Staatsunternehmen sollen bei Gasspeicher-Befüllung helfen,"Bundeswirtschaftsministerin Katherina Reiche (CDU) ist in Gesprächen mit den beiden Staatsunternehmen Sefe und Uniper, um die Gasspeicher besser zu füllen.","https://quadro.burda-forward.de/ctf/e1811302-2707-4486-ac94-30bd067c4df0.c3c166d9-81a1-4c1b-8424-f8d2a18b0073.jpeg?im=RegionOfInterestCrop=(1200,630),regionOfInterest=(1049,383)&hash=1ce6d24cb32e4947b418e3a267aec56e52aec6d953a5a7f067a8a7b3db39c587",2026-09-15T19:18:00Z,,"Wie die Deutsche Presse-Agentur aus Regierungskreisen erfuhr, sollen entsprechende Maßnahmen eingeleitet werden. Die Kosten würden dann vom Markt getragen und nicht wie bei einem staatlichen Eingriff… [+3337 chars]",,de,'Gasspeicher'
https://orf.at/stories/3442286/,https://orf.at/stories/3442286/,0,orf.at,Jemen-Krise belastet weiter Ölpreis,"Der Ölpreis legt weiter zu. Für ein Barrel (159 Liter) Rohöl der Nordseesorte Brent wurden am Dienstag über 107 US-Dollar verrechnet. Verschärft haben die Lage zuletzt die Entwicklungen im Jemen, wo die Huthi-Miliz die Meerenge Bab al-Mandab kontrolliert und …",https://ibs.orf.at/news?image=https%3A%2F%2Fassets.orf.at%2Fmims%2F2026%2F38%2F29%2Fcrops%2Fw%3D1200%2Ch%3D630%2Cq%3D75%2F3184271_master_1235029_iran_krieg_huthis_oelpreis_im.jpg%3Fs%3D180a4f5a2a87d1cd2ae929d53c06168858037376,2026-09-15T21:44:43Z,,Brent-Öl hat sich seither deutlich verteuert. Ende Februar hatte der Preis für ein Barrel Brent-Öl noch bei 70 Dollar gelegen. Der Preis für Rohöl der Organisation Erdölexportierender Länder (OPEC) s… [+5094 chars],,de,'Ölpreis'
https://www.bild.de/leben-wissen/mein-geld-finanzportal/preis-fuer-benzin-steigt-was-das-fuer-aktien-und-sparer-bedeutet-6aa8f8db77bd109fcdd01998,https://www.bild.de/leben-wissen/mein-geld-finanzportal/preis-fuer-benzin-steigt-was-das-fuer-aktien-und-sparer-bedeutet-6aa8f8db77bd109fcdd01998,0,www.bild.de,Börsenprofi ordnet ein - Benzinpreis steigt! Das droht jetzt an der Börse,"Steigende Ölpreise und neue Inflationssorgen belasten die Märkte. Carola Ferstl erklärt, welche Folgen jetzt für Anleger drohen.","https://images.bild.de/6aa8f8db77bd109fcdd01998/14abc084df384f5c095eb0681044bb9f,bc6fc2b?w=1280",2026-09-16T00:30:51Z,,"Mehr zum Video anzeigen 
Ölpreis-Schock, Inflationsangst und Zins-Hammer: Was bedeutet das alles für unser Geld? Börsenprofi Carola Ferstl ordnet beim BILD-Finanztalk Money Mittwoch ein, was jetzt a… [+99 chars]",,de,'Ölpreis'
https://orf.at/stories/3442231/,https://orf.at/stories/3442231/,0,orf.at,Spannung vor Fed-Zinsentscheid,"Für die US-Notenbank (Federal Reserve, Fed) steht am Mittwoch die Entscheidung über die weitere Vorgangsweise in ihrer Zinspolitik an. Beobachter verweisen auf die jüngsten Inflationszahlen und orten klare Vorzeichen für die erste Erhöhung des Leitzinses seit…",https://ibs.orf.at/news?image=https%3A%2F%2Fassets.orf.at%2Fmims%2F2026%2F38%2F97%2Fcrops%2Fw%3D1200%2Ch%3D630%2Cq%3D75%2F3183934_master_1234897_usa_fed_zinsentscheidung_vorschau_im.jpg%3Fs%3D23dbddbb60cf82728caae3d70b1afb15d4ee41c0,2026-09-16T04:05:37Z,,Warsh schloss Ende August beim diesjährigen Jackson-Hole-Symposium eine Anhebung des Leitzinssatzes nicht mehr aus. Sollte die Inflation nicht schnell genug auf den Zielwert von zwei Prozent zusteuer… [+4154 chars],,de,'Inflation'
https://tirol.orf.at/stories/3371326/,https://tirol.orf.at/stories/3371326/,0,tirol.orf.at,Hoher Ölpreis macht vielen zu schaffen,"Etwa 80.000 Tiroler Haushalte, die mit Öl heizen, sind von den hohen Ölpreisen betroffen. Viele hatten auf niedrigere Preise gehofft und im Sommer kein Heizöl gekauft. Sie müssen nun kurz vor Beginn der Heizsaison doch Öl kaufen.",https://ibs.orf.at/tir?image=https%3A%2F%2Foekastatic.orf.at%2Fmims%2F2021%2F48%2F10%2Fcrops%2Fw%3D1200%2Ch%3D627%2Cq%3D75%2F1152686_master_410510_umstieg_von_oelheizung_211122_poechhacker_15315.mxf_00_18_33_21.jpg%3Fs%3De9b03e88c2a4559d1021b29c2277588a1c45bd71,2026-09-16T04:10:33Z,,"Hermann Eigentler, Obmann-Stellvertreter der Sparte Energiehandel in der Wirtschaftskammer Tirol empfiehlt, jetzt Ruhe zu bewahren und nur kleinere Mengen zu ordern, wenn man in den nächsten Wochen o… [+1225 chars]",,de,'Ölpreis'
https://www.diepresse.com/41266302/oesterreich-rutscht-in-klimaticket-ranking-wegen-hoher-preise-auf-platz,https://www.diepresse.com/41266302/oesterreich-rutscht-in-klimaticket-ranking-wegen-hoher-preise-auf-platz,0,www.diepresse.com,Österreich rutscht in Klimaticket-Ranking wegen hoher Preise auf Platz vier ab,Nach dem „Stockerlplatz“ im Jahr 2023 landet Österreich diesmal nur auf dem vierten Rang. Grund ist der Preisanstieg von über 25 Prozent bei Klimaticket und bei den Wiener Linien.,https://img.diepresse.com/public/incoming/tlngxy-imago0140255349hjpg/alternates/WEBP_WIDE_1200/imago0140255349h.jpg,2026-09-16T04:43:02Z,,"Die Presse auf Google als bevorzugte Nachrichtenquelle hinzufügen.
 Im Klimaticket-Ranking von Greenpeace, das Leistbarkeit von öffentlichen Verkehrsmitteln in 30 europäischen Ländern und Hauptstädt… [+2151 chars]",,de,'Preisanstieg'
https://www.faz.net/aktuell/wirtschaft/klima-nachhaltigkeit/reiche-will-gasspeicher-mit-ausschreibungen-fuellen-accg-201231227.html,https://www.faz.net/aktuell/wirtschaft/klima-nachhaltigkeit/reiche-will-gasspeicher-mit-ausschreibungen-fuellen-accg-201231227.html,0,www.faz.net,Nur halb voll: Reiche will Gasspeicher mit Ausschreibungen füllen,Die Bundeswirtschaftsministerin will nun doch etwas gegen die Schieflage am Gasmarkt tun. Spritpreisdeckel und Übergewinnsteuern für Mineralölkonzerne lehnt sie ab.,https://media0.faz.net/image/w1200h627/1edcd8acbb2f/w4196h2192x854y1820o/202609/43601.0.2558448878/wirtschaftsministerin-reiche.webp,2026-09-16T05:39:09Z,,"Angesichts historisch niedriger Gasspeicherstände in Deutschland will Bundeswirtschaftsministerin Katherina Reiche den finanziellen Anreiz für Händler erhöhen, zusätzlich Gas für den Winter verfügbar… [+4876 chars]",,de,'Gasspeicher'
https://www.n-tv.de/wirtschaft/So-leer-sind-die-deutschen-Gasspeicher-id31311804.html,https://www.n-tv.de/wirtschaft/So-leer-sind-die-deutschen-Gasspeicher-id31311804.html,0,www.n-tv.de,Reiche will nachfüllen: So leer sind die deutschen Gasspeicher,Deutschlands Gasvorräte sind für diese Jahreszeit auffallend niedrig. Im Fall eines sehr kalten Winters könnte es eng werden. Wirtschaftsministerin Reiche will nun gegensteuern.,https://www.n-tv.de/img/31311765/1789557467/Img_16_9/1200/536544422.jpg,2026-09-16T10:01:32Z,,"Auch in Rehden ist noch viel Platz. (Foto: picture alliance/dpa)
Deutschlands Gasvorräte sind für diese Jahreszeit auffallend niedrig. Im Fall eines sehr kalten Winters könnte es eng werden. Wirtsch… [+3197 chars]",,de,'Winter'
https://www.telepolis.de/article/Preisschock-an-der-Saeule-Wie-der-Iran-Krieg-die-Welt-in-die-Energiekrise-treibt-11455150.html,https://www.telepolis.de/article/Preisschock-an-der-Saeule-Wie-der-Iran-Krieg-die-Welt-in-die-Energiekrise-treibt-11455150.html,0,www.telepolis.de,Preisschock an der Säule: Wie der Iran-Krieg die Welt in die Energiekrise treibt,"Rekordspritpreise in Deutschland, brennende Autos in Guatemala: Der US-israelische Krieg gegen Iran führt die Welt ungebremst in eine Energiekrise.",https://heise.cloudimg.io/v7/_www-heise-de_/imgs/18/5/1/6/6/0/8/9/shutterstock_2758287253-e23c983ac0edd1c8.jpg?func=bound&height=1200&org_if_sml=1&q=85&width=1200,2026-09-16T12:00:00Z,,"Die steigenden Erdölpreise haben weltweite Folgen
(Bild: RuslanMN/Shutterstock.com)
Rekordspritpreise in Deutschland, brennende Autos in Guatemala: Der US-israelische Krieg gegen Iran führt die Wel… [+5303 chars]",,de,'Ölpreis'
https://www.welt.de/wirtschaft/article6aaa500fa9420481bd2132ac/der-staat-hat-beim-gas-fehler-gemacht-doch-verzockt-haben-sich-andere.html,https://www.welt.de/wirtschaft/article6aaa500fa9420481bd2132ac/der-staat-hat-beim-gas-fehler-gemacht-doch-verzockt-haben-sich-andere.html,0,www.welt.de,Der Staat hat beim Gas Fehler gemacht – doch verzockt haben sich andere,"Die Gasspeicher sind zu leer, also soll wieder einmal der Staat schuld sein. Doch so einfach ist es nicht. Denn während die Regierung zögerte, haben andere gezockt – und erwarten nun, dass der Staat ihre Wette absichert.",https://images.welt.de/6aaa500fa9420481bd2132ac/5c7a0d4bd02f6772f7441fe59d0a6ed1/ci16x9-w1200/dpa-com-260916-935-1613201-jpg,2026-09-16T13:33:43Z,,"Die Gasspeicher sind zu leer, also soll wieder einmal der Staat schuld sein. Doch so einfach ist es nicht. Denn während die Regierung zögerte, haben andere gezockt und erwarten nun, dass der Staat ih… [+7423 chars]",,de,'Gasspeicher'
https://www.n-tv.de/politik/Bericht-Ministerin-Reiche-laesst-Treffen-mit-Gaslobby-vertuschen-id31312708.html,https://www.n-tv.de/politik/Bericht-Ministerin-Reiche-laesst-Treffen-mit-Gaslobby-vertuschen-id31312708.html,0,www.n-tv.de,Austausch zum Heizungsgesetz: Bericht: Ministerin Reiche lässt Treffen mit Gaslobby vertuschen,Die Nähe von Wirtschaftsministerin Reiche zur Gasindustrie sorgt immer wieder für Kritik. Durch ihr Wirken wird nun das Heizen mit fossilen Energien für längere Zeit weiter möglich bleiben. Die Grünen fragen zu Lobbykontakten bei der Gesetzesentstehung - und …,https://www.n-tv.de/img/31312875/1789570186/Img_16_9/1200/619329514.jpg,2026-09-16T14:00:04Z,,"Austausch zum HeizungsgesetzBericht: Ministerin Reiche lässt Treffen mit Gaslobby vertuschen
Katherina Reiche arbeitete früher für die Eon-Tochter Westenergie. (Foto: picture alliance / NurPhoto)
D… [+4854 chars]",,de,'Heizen'
https://orf.at/stories/3442413/,https://orf.at/stories/3442413/,0,orf.at,Spritpreis treibt Inflation wieder in die Höhe,"Die Teuerungsrate ist im August wieder gestiegen. Laut Mitteilung der Statistik Austria von Donnerstag lag sie bei 3,2 Prozent. Längerfristiger Preistreiber Nummer eins waren nach wie vor teure Dienstleistungen. Vor allem aber stiegen die Treibstoffpreise zul…",https://ibs.orf.at/news?image=https%3A%2F%2Fassets.orf.at%2Fmims%2F2026%2F38%2F26%2Fcrops%2Fw%3D1200%2Ch%3D630%2Cq%3D75%2F3185489_master_1235526_inflation_treibstoffpreise_august_pba.jpg%3Fs%3D37e338f6fbad94a090a4d225ff9345c542d467bf,2026-09-17T09:34:21Z,,"Im Vergleich zum Juli stieg das durchschnittliche Preisniveau im August um 3,2 Prozent, die Statistik Austria bestätigte am Donnerstag ihre Schnellschätzung von Anfang September. Die Teuerungsrate la… [+4492 chars]",,de,'Inflation'
