topic,sentiment_mean,sentiment_std,subjectivity_mean,subjectivity_std,counting
Energiequelle,0.06587287871536505,0.9803467095073803,0.061760488247127716,1.0803056901515018,1383.0
Energiewende,-0.03481137501629809,0.9819248941409137,0.006777803829721501,1.0203806034388334,2383.0
Folgen,0.031235007186234835,1.0178209497917543,0.07720367383207521,1.0004116552252775,885.0
Krise,-0.008850132770611535,0.9971667493712539,-0.041998411780404574,0.9413283447528504,4041.0
