topic,sentiment_mean,sentiment_std,subjectivity_mean,subjectivity_std,counting
Energiequelle,0.05450148750828131,0.9907476827578207,0.0828399121407815,1.1310987934630232,1699.0
Energiewende,-0.0307087377417287,0.9836151326888543,0.005285109396493498,1.002874742444854,2967.0
Folgen,0.024881573590108733,0.9935013124170367,0.07746131673004401,1.0128966389857323,1081.0
Krise,-0.006122966425345075,1.000872621227611,-0.05176468943175612,0.9251566802447537,4639.0
