topic,sentiment_mean,sentiment_std,subjectivity_mean,subjectivity_std,counting
Energiequelle,0.06394393920244451,0.9774942668923828,0.06266973226845922,1.0844044021000747,1420.0
Energiewende,-0.033651701849552934,0.9795572927351117,0.0018678136199510565,1.0098055969670767,2547.0
Folgen,0.0370485130637438,1.0149666936026343,0.0690385693480736,0.9971443809901442,919.0
Krise,-0.009489585948385929,1.0009605825523247,-0.03761257916415406,0.9480831491415826,4178.0
