topic,sentiment_mean,sentiment_std,subjectivity_mean,subjectivity_std,counting
Energiequelle,0.09601985451771526,0.9763562875447552,0.0860881991621825,1.0923056396379325,780.0
Energiewende,-0.04515994652589594,0.9944882030246823,0.015485378018822951,1.0370199054383802,1553.0
Folgen,0.017465149958825782,0.9967912205801129,0.09671192785284961,1.0006522921713235,630.0
Krise,-0.004550767798222574,0.990134787087972,-0.046664913260663174,0.9378343193889075,3262.0
