topic,sentiment_mean,sentiment_std,subjectivity_mean,subjectivity_std,counting
Energiequelle,0.09404660065830336,0.9790197484307175,0.07701873054031035,1.0877761443718386,1097.0
Energiewende,-0.046301445933404115,0.9827342338020221,0.009412183070149117,1.0243177441731317,2056.0
Folgen,0.0334380022908807,1.026614316777523,0.0762485605702456,0.9926995935865336,760.0
Krise,-0.008788740479842003,0.9922224836081436,-0.04381206105146655,0.9414145406163905,3689.0
