topic,sentiment_mean,sentiment_std,subjectivity_mean,subjectivity_std,counting
Energiequelle,0.09577662008176836,0.9754788392573128,0.07850241321511703,1.0895102578491687,755.0
Energiewende,-0.051032635124262406,1.0011330295503282,0.022816126463525474,1.0437748800095876,1470.0
Folgen,0.029135584967636668,0.9924894444582536,0.10171696332128946,1.0045417124474043,617.0
Krise,-0.004420667429981697,0.9877112214890224,-0.04816179521594259,0.9357674294637851,3243.0
