topic,sentiment_mean,sentiment_std,subjectivity_mean,subjectivity_std,counting
Energiequelle,0.07443907962470377,0.9811630539973457,0.0772208386685101,1.1251900463072486,1603.0
Energiewende,-0.035372642910956695,0.9842249926777932,0.007217989695513717,1.006175707528759,2864.0
Folgen,0.02039989053880061,0.9934620578674553,0.07576087915963589,1.0183601913864861,1054.0
Krise,-0.00871294118234945,1.0029219379673142,-0.04906977637613432,0.9269964553559437,4573.0
