topic,sentiment_mean,sentiment_std,subjectivity_mean,subjectivity_std,counting
Energiequelle,0.06243615633439996,0.9756126598057939,0.057761718687055166,1.0818596121263504,1441.0
Energiewende,-0.033893480066238185,0.9835586065684189,0.003716651389833796,1.0101649802200616,2602.0
Folgen,0.02993898089696159,1.0084849718864866,0.08009796393431176,1.0152054101119419,957.0
Krise,-0.0072633054693667974,1.0009468636399115,-0.0398388067195612,0.9447009954073011,4259.0
