topic,sentiment_mean,sentiment_std,subjectivity_mean,subjectivity_std,counting
Energiequelle,0.013601401871859676,0.9300218815883721,-0.003766189130570955,0.9342573036979146,200.0
Energiewende,-0.01727787062290809,1.0180905291761806,0.0016989898246988963,1.070751518994627,437.0
Folgen,0.06666396302553793,1.0152909381938873,0.16359635749702467,0.9964316925874042,286.0
Krise,-0.007707962023651689,0.9764974074401161,-0.023097522085468922,0.9650395328069491,1925.0
