topic,sentiment_mean,sentiment_std,subjectivity_mean,subjectivity_std,counting
Energiequelle,0.05521985471676633,0.9642546995504814,-0.02287646136043678,0.8856283409303425,142.0
Energiewende,-0.056915681377290826,0.9564823155226242,0.05046044785169987,1.1151115981922806,302.0
Folgen,0.13562421056062932,0.9514413401640891,0.23158992228591987,1.0540577160346039,196.0
Krise,-0.012581709141928674,0.9871265444708803,-0.04229494059739321,0.9387486204679408,1271.0
