topic,sentiment_mean,sentiment_std,subjectivity_mean,subjectivity_std,counting
Energiequelle,0.08534885405966991,0.9780966817008439,0.0690605447857497,1.0782538289973107,1170.0
Energiewende,-0.0452834898474503,0.9851903530179117,0.014612864052663894,1.0292874308556728,2108.0
Folgen,0.038425587505907924,1.0191468900624383,0.06255563566281973,0.9859200123899244,797.0
Krise,-0.008991889423407276,0.9933844688316135,-0.043012837748603296,0.9425141732823145,3753.0
