topic,sentiment_mean,sentiment_std,subjectivity_mean,subjectivity_std,counting
Energiequelle,0.09164559275355416,0.9822638516490074,0.097596748992965,1.1081934118736763,707.0
Energiewende,-0.055668542444786806,1.0018405711217835,0.022517278584326096,1.0407046524869863,1322.0
Folgen,0.045396712971133575,0.9883132553300584,0.11658002093550779,1.0168519632826347,550.0
Krise,-0.004953601716626308,0.9855850165115642,-0.052426681121286955,0.9304497005142486,3116.0
