topic,sentiment_mean,sentiment_std,subjectivity_mean,subjectivity_std,counting
Energiequelle,0.07463241062485182,0.9730042418717565,0.07436050770002367,1.0845010355062406,1261.0
Energiewende,-0.03643095578365035,0.986538775589097,0.009695269782214874,1.0257198537319947,2246.0
Folgen,0.03317622583231931,1.0179803539323666,0.0632224958741081,0.9859326941220025,818.0
Krise,-0.009955941027821037,0.9958832103437847,-0.04315854335249693,0.9406956746011851,3871.0
