topic,sentiment_mean,sentiment_std,subjectivity_mean,subjectivity_std,counting
Energiequelle,0.06523287882752667,0.9762653454792721,0.058556652306914196,1.0819824594311724,1433.0
Energiewende,-0.031118719089242675,0.9819752770400444,0.0030241543418854325,1.0084009524142497,2589.0
Folgen,0.02977155750757471,1.0150276614494358,0.07691812775312648,1.0104966581847372,931.0
Krise,-0.0097793556510799,1.000173626523732,-0.038827837856535645,0.946687976422485,4209.0
