topic,sentiment_mean,sentiment_std,subjectivity_mean,subjectivity_std,counting
Energiequelle,0.09190805870250685,0.9676845548989181,0.0832963011611704,1.086576662507603,947.0
Energiewende,-0.04735466521234236,0.983296758018649,0.012061560399345379,1.0290032616972034,1815.0
Folgen,0.049519794193455216,1.0287789475515936,0.07220261996782874,0.9863852542093844,705.0
Krise,-0.010215326863622594,0.9926703258867481,-0.04345219161455759,0.9429682543075747,3482.0
