topic,sentiment_mean,sentiment_std,subjectivity_mean,subjectivity_std,counting
Energiequelle,0.0819663281104333,0.9670256849969177,-0.03529177384348119,0.8558183691069365,131.0
Energiewende,-0.05754580589966088,0.9442217035525872,0.10394620803769633,1.1762795722934969,238.0
Folgen,0.11055668473727032,0.9100632226856413,0.17567397152575,0.9909099128915609,162.0
Krise,-0.011123382679610772,0.9923812114626329,-0.038192289142583366,0.943134802523375,1196.0
