topic,sentiment_mean,sentiment_std,subjectivity_mean,subjectivity_std,counting
Energiequelle,0.07368825396387284,0.9816780841078694,0.07700933046329304,1.1287325686682037,1626.0
Energiewende,-0.035029927304461035,0.9837636527961993,0.005954969166888803,1.0015289060987191,2878.0
Folgen,0.023273171585890103,0.9916826649628321,0.07866565258587055,1.0169708269851778,1066.0
Krise,-0.009553864957897671,1.003552376197747,-0.0490094094578083,0.9288483904371146,4619.0
