topic,sentiment_mean,sentiment_std,subjectivity_mean,subjectivity_std,counting
Energiequelle,0.07517404238587819,0.9825400684627191,0.07409635754944986,1.1190237605764854,1576.0
Energiewende,-0.03425038172264074,0.9832324522164935,0.007346617917056777,1.0081585160572706,2844.0
Folgen,0.021493929859714198,0.9928085055863709,0.07929213980572107,1.0137947280398794,1035.0
Krise,-0.009720279859553566,1.0031356666615212,-0.048512734147027,0.9298741161023197,4531.0
