topic,sentiment_mean,sentiment_std,subjectivity_mean,subjectivity_std,counting
Energiequelle,0.013570920737343317,0.9595459934406766,-0.0017833764131396051,0.927043394628562,155.0
Energiewende,-0.03460757061808867,0.9905836802460907,0.03825918158520043,1.0917082486098957,332.0
Folgen,0.13414317610311594,0.9737671333261949,0.16968866652744272,1.0069696137499151,222.0
Krise,-0.013740134094582161,0.9789107158890289,-0.03406510171805764,0.9526654876851078,1374.0
