topic,sentiment_mean,sentiment_std,subjectivity_mean,subjectivity_std,counting
Energiequelle,0.012480110004255886,0.9490809558832048,-0.037950709633902326,0.856800849347329,112.0
Energiewende,-0.040730315956951736,0.9505151501434299,0.12755412599986257,1.168125501057155,190.0
Folgen,0.102050648895167,0.9485631783529261,0.18792628236274275,0.9732565428016133,139.0
Krise,-0.0062517587254443474,0.9870556488384238,-0.04117973957871807,0.9497073902831046,1097.0
