topic,sentiment_mean,sentiment_std,subjectivity_mean,subjectivity_std,counting
Energiequelle,0.08568647841110454,0.9820638043686506,0.0893834078582819,1.1066109849582997,720.0
Energiewende,-0.052969548131423,1.0020004516235372,0.02811493879025499,1.0424463839449092,1349.0
Folgen,0.03880198093316054,0.9788197649507776,0.10969215040223892,1.0105512352905746,570.0
Krise,-0.003759421318374542,0.9876882409093697,-0.05284849283430036,0.9307360773835831,3129.0
