topic,sentiment_mean,sentiment_std,subjectivity_mean,subjectivity_std,counting
Energiequelle,0.07032839103776088,0.9803932998701137,0.06153844997600368,1.0919170481262905,1535.0
Energiewende,-0.030556996959510245,0.9876041760523203,0.008407248459535948,1.012752092846302,2776.0
Folgen,0.025552956861333645,0.999554093863186,0.0801812638551414,1.0094802376332366,1009.0
Krise,-0.011071163577955437,0.999461655871009,-0.044380379069086415,0.9399932994744364,4481.0
