topic,sentiment_mean,sentiment_std,subjectivity_mean,subjectivity_std,counting
Energiequelle,0.06245527251302424,0.9794520045166655,0.0629583288139192,1.086534017344605,1406.0
Energiewende,-0.03263954988409988,0.9793068499740291,0.003958169200687987,1.0116920758256058,2505.0
Folgen,0.03463356218127281,1.0162098091890353,0.07508231952484655,0.9994408606728707,913.0
Krise,-0.00916795912575611,1.0000271770250002,-0.04037919275182313,0.9450209338584935,4134.0
