topic,sentiment_mean,sentiment_std,subjectivity_mean,subjectivity_std,counting
Energiequelle,0.10693223752175803,0.8956855521487036,-0.02112755621049412,0.8617209621544952,102.0
Energiewende,-0.02804423581553007,0.9369165482439646,0.1420741469783978,1.177523912228144,177.0
Folgen,0.06710381596973354,0.9352722201022355,0.2155408587927913,0.9819982841410168,131.0
Krise,-0.012424425165418614,0.9934775778686004,-0.046032512201975025,0.9454325192980237,1079.0
