topic,sentiment_mean,sentiment_std,subjectivity_mean,subjectivity_std,counting
Energiequelle,0.09679546874028232,0.9741689762736057,0.08582648893257622,1.0868870923100191,816.0
Energiewende,-0.044922617116821856,0.985951996420169,0.011436207379677328,1.0304178674426758,1650.0
Folgen,0.014832319663762908,1.0024609649367588,0.09561275908885353,1.0032140908528973,635.0
Krise,-0.004132885595227504,0.9940014758285205,-0.04570337289530599,0.940191453927591,3278.0
