topic,sentiment_mean,sentiment_std,subjectivity_mean,subjectivity_std,counting
Energiequelle,0.05442676998207847,0.9872592052393967,0.08653084312406609,1.1365414198388974,1720.0
Energiewende,-0.031198102482585033,0.9822693544637362,0.006095988115863841,1.0025937823733202,3005.0
Folgen,0.03154849155458395,0.9971498381241951,0.07591319468606057,1.0111940126300758,1088.0
Krise,-0.006959615333986079,1.00202559700034,-0.05358299906435921,0.9226444085135324,4651.0
