topic,sentiment_mean,sentiment_std,subjectivity_mean,subjectivity_std,counting
Energiequelle,0.06508082979790558,0.9730393142717647,0.05859377311629498,1.0909078466258644,1515.0
Energiewende,-0.03213832634738984,0.9852013091341715,0.00805319364599789,1.0140279112744373,2734.0
Folgen,0.030683098806443466,1.0069795116477516,0.07729461271674695,1.011048376465771,988.0
Krise,-0.009566355262086202,1.0016286159860999,-0.04289039670141649,0.9384190474513822,4366.0
