topic,sentiment_mean,sentiment_std,subjectivity_mean,subjectivity_std,counting
Energiequelle,0.09055852296632878,0.9776069281880114,0.0715292423678237,1.0786153694535032,1139.0
Energiewende,-0.04660681002181173,0.9846720646208346,0.013913892700964993,1.0298949575008352,2100.0
Folgen,0.034678812433628435,1.0242841642436042,0.06071534612213828,0.9839009329001179,785.0
Krise,-0.008370558735747708,0.9924069010216129,-0.04246280008865645,0.9428247961528202,3726.0
