topic,sentiment_mean,sentiment_std,subjectivity_mean,subjectivity_std,counting
Energiequelle,0.09965251971957988,0.9711673844911841,0.07905928378596058,1.0841016121124614,864.0
Energiewende,-0.05130169984783166,0.9854560373850835,0.010746226819766225,1.027020660957881,1750.0
Folgen,0.030383786731494212,1.0136697282077811,0.07270366807851222,0.9859147408359855,688.0
Krise,-0.0051608097859211655,0.9931064878157516,-0.04082079907724672,0.9462273313234738,3352.0
