topic,sentiment_mean,sentiment_std,subjectivity_mean,subjectivity_std,counting
Energiequelle,0.08939886150837732,0.9646534979260232,0.08130448141964161,1.0961742024770706,1019.0
Energiewende,-0.04573036442023937,0.983826073510144,0.01349135883555846,1.0249896792924122,1887.0
Folgen,0.03928292148702361,1.0288423938620748,0.07746656646285116,0.991629886936358,736.0
Krise,-0.009272690363514554,0.994195502764323,-0.0463183441079237,0.9395884562381297,3566.0
