topic,sentiment_mean,sentiment_std,subjectivity_mean,subjectivity_std,counting
Energiequelle,0.07797700173423838,0.9719943285723316,0.0751674279836959,1.0834238302454962,1224.0
Energiewende,-0.036812360682823786,0.9870254102800304,0.009052149317769726,1.0239411660602833,2225.0
Folgen,0.03212326669068979,1.0187465107339209,0.059974681990256976,0.9841940526194294,809.0
Krise,-0.010134715518226778,0.9953500653219701,-0.042076413343154345,0.942839779469128,3811.0
