topic,sentiment_mean,sentiment_std,subjectivity_mean,subjectivity_std,counting
Energiequelle,0.07546853695274079,0.9846777007500583,0.06491944320100339,1.1004824183466344,1552.0
Energiewende,-0.032979019488064816,0.9853854765538909,0.005755223391242443,1.0105896136184773,2795.0
Folgen,0.023049921812793014,0.9928085047111729,0.07951557344708796,1.015105009948878,1023.0
Krise,-0.01090895645024402,1.0008465231849426,-0.04392825866014322,0.9365553243715351,4514.0
