topic,sentiment_mean,sentiment_std,subjectivity_mean,subjectivity_std,counting
Energiequelle,0.09170844224089189,0.9766886652070972,0.07554636493516671,1.0880877125951984,1081.0
Energiewende,-0.048190401897348675,0.9826435562599217,0.004942392514718243,1.018997079118451,2027.0
Folgen,0.032378289096458145,1.0274866461858998,0.0788184618753692,0.994759748622526,757.0
Krise,-0.006976927846903643,0.9925874966969601,-0.04137716943800429,0.9441028736154968,3656.0
