topic,sentiment_mean,sentiment_std,subjectivity_mean,subjectivity_std,counting
Energiequelle,0.06325933152369406,0.9716726964232166,0.05836705899462701,1.091885742827035,1480.0
Energiewende,-0.02975729999908098,0.9866710394718962,0.00661722575598987,1.011249118280227,2711.0
Folgen,0.029759290224322547,1.0092126896416018,0.0804865219695998,1.0137834732002935,970.0
Krise,-0.009790208001613338,1.0005358201766585,-0.04204081311252327,0.9398613965161974,4339.0
