topic,sentiment_mean,sentiment_std,subjectivity_mean,subjectivity_std,counting
Energiequelle,0.06816307582349038,0.9778406444991055,0.06326350668063524,1.0865163631549866,1397.0
Energiewende,-0.03572925487192525,0.9807259279454844,0.004996914840687931,1.0163915860586747,2433.0
Folgen,0.03143800840027118,1.0161050422172844,0.07792467613322455,1.000579281974621,900.0
Krise,-0.009027605039668951,0.9992468233724359,-0.04191894478833441,0.9413145472713088,4068.0
