topic,sentiment_mean,sentiment_std,subjectivity_mean,subjectivity_std,counting
Energiequelle,0.268115813078348,0.9420826106102149,-0.0300456855382327,0.8166794099588369,20.0
Energiewende,0.12951228535674603,0.806316620976273,0.1478531796961801,1.0245279099760958,31.0
Folgen,0.053228543593956436,0.6871477041237609,0.5245914742741777,1.0556724033226899,37.0
Krise,-0.026293449030295225,0.9756428477114614,-0.04223691155888087,0.938952151824459,460.0
