topic,sentiment_mean,sentiment_std,subjectivity_mean,subjectivity_std,counting
Energiequelle,0.09499914552894037,0.9731920543226751,0.08441362083245067,1.0880275835184532,828.0
Energiewende,-0.04419977346650009,0.9823727868963994,0.014777613727381463,1.0319026579108794,1688.0
Folgen,0.02414405019189453,1.0067282912094913,0.08256968580259111,0.9931531769547426,664.0
Krise,-0.005861468511974168,0.9954458975253644,-0.04555068011794257,0.9408524388479912,3290.0
