topic,sentiment_mean,sentiment_std,subjectivity_mean,subjectivity_std,counting
Energiequelle,0.0838011541044714,0.9727494304654462,0.07608145529301404,1.0872971201810737,1205.0
Energiewende,-0.0451909037013682,0.9877889540810564,0.012553838750927276,1.0289904351628107,2128.0
Folgen,0.03673944511558069,1.018598313281801,0.05921437834753787,0.9835596865292421,801.0
Krise,-0.008728197997302137,0.9940466053840279,-0.043858108919248955,0.9390387715713903,3774.0
