topic,sentiment_mean,sentiment_std,subjectivity_mean,subjectivity_std,counting
Energiequelle,0.061092233027627584,0.9847199007084019,0.06566980347587581,1.0796728484065268,1335.0
Energiewende,-0.03677751439867566,0.9848355488402061,0.01460021252560691,1.0290727457499167,2302.0
Folgen,0.03464466203961359,1.0056232758417123,0.06694609679764206,0.9899168068654247,861.0
Krise,-0.006764004910835514,0.996521749351228,-0.04524730374436558,0.9388105111541794,3949.0
