topic,sentiment_mean,sentiment_std,subjectivity_mean,subjectivity_std,counting
Energiequelle,0.07209884570012037,0.9751190489592877,0.06641346137946834,1.0816870831847056,1302.0
Energiewende,-0.039719753667319585,0.9849171285370477,0.013277263857027597,1.0294607773828828,2277.0
Folgen,0.03764902599783268,1.0154519056009341,0.06341582013067351,0.9849324102170716,833.0
Krise,-0.008971288278384724,0.9968334918125868,-0.04333868828528518,0.9393092727298173,3912.0
