topic,sentiment_mean,sentiment_std,subjectivity_mean,subjectivity_std,counting
Energiequelle,0.06108448246573004,0.9892013026100176,0.08230138214337378,1.1292813530160706,1670.0
Energiewende,-0.03147608779014186,0.9846504180776237,0.004854385295466678,1.0033232717998404,2919.0
Folgen,0.023429583456992555,0.9930833694801887,0.07746269760540256,1.01340023207052,1081.0
Krise,-0.007655541227926399,1.0005172084723508,-0.05078206619006142,0.9265113032586914,4633.0
