topic,sentiment_mean,sentiment_std,subjectivity_mean,subjectivity_std,counting
Energiequelle,0.09385472429336662,0.9771235634492839,0.08632244742607535,1.0914450343431596,746.0
Energiewende,-0.05322365408154373,1.0037915951855738,0.0270888861821863,1.0469341753769479,1406.0
Folgen,0.037232988778670525,0.9867272482324997,0.0995206013232616,1.004083377380797,586.0
Krise,-0.005095519224542376,0.9867253372671465,-0.051070405707567386,0.9331024651462783,3161.0
