topic,sentiment_mean,sentiment_std,subjectivity_mean,subjectivity_std,counting
Energiequelle,-0.000564547589488695,0.9436346447794993,0.005086425350052358,0.936101522140729,188.0
Energiewende,-0.04987352234514563,1.0019425478625177,0.0030672618401031966,1.0774556367361137,379.0
Folgen,0.10016007186025208,1.0044139298921622,0.18278634550083506,1.0081545224620012,271.0
Krise,-0.00440919909583007,0.9796580158746295,-0.02655299011005559,0.962789819230727,1851.0
