topic,sentiment_mean,sentiment_std,subjectivity_mean,subjectivity_std,counting
Energiequelle,0.10361154192077776,0.9645172103409547,0.08042901042793889,1.083347795671043,893.0
Energiewende,-0.050240123192575724,0.9859799769214298,0.0105316027108032,1.0272909829287389,1795.0
Folgen,0.03890947849130269,1.0224047887011296,0.07193026496056878,0.9867921938032316,695.0
Krise,-0.00865603284479036,0.9927434068813662,-0.04094965909359649,0.9461302132521986,3424.0
