topic,sentiment_mean,sentiment_std,subjectivity_mean,subjectivity_std,counting
Energiequelle,0.06346277467959159,0.9734729725860198,0.06388151947497843,1.093479310317187,1449.0
Energiewende,-0.031010554074898646,0.9838240591174028,0.0003149990294956251,1.0026492451625664,2683.0
Folgen,0.02913642050073063,1.004911571320166,0.08041674078614926,1.0158370593410733,961.0
Krise,-0.008684583040633614,1.0026463161580734,-0.03983434650372254,0.9448960948122012,4287.0
