topic,sentiment_mean,sentiment_std,subjectivity_mean,subjectivity_std,counting
Energiequelle,0.0951114962085465,0.9721643178613961,0.07878640739763557,1.088606751046586,1059.0
Energiewende,-0.04503233326514835,0.9823844589019662,0.008319826070509857,1.018765314970269,1962.0
Folgen,0.034998080534958696,1.0291440854041223,0.07609852375918336,0.9933255608285497,737.0
Krise,-0.010391744375864485,0.99337234968817,-0.043265953901502785,0.9444906896833826,3600.0
