topic,sentiment_mean,sentiment_std,subjectivity_mean,subjectivity_std,counting
Energiequelle,0.0954456463281307,0.9661240226387098,0.08260222181563771,1.095772334136773,979.0
Energiewende,-0.044643342132720754,0.9826899292691944,0.011882189830005352,1.0265106939665296,1824.0
Folgen,0.03768126769499285,1.0349601162437112,0.07873239150196465,0.9923467484270044,720.0
Krise,-0.010951187025583281,0.9924134798340996,-0.04511315425771463,0.9395788855378095,3528.0
